event_id,timestamp,hostname,query,query_type
D000001,2026-06-09 11:11:35,WIN-026,microsoft.com,A
D000002,2026-01-05 23:22:22,WIN-016,internal.corp,AAAA
D000003,2026-03-03 16:19:49,WIN-009,github.com,CNAME
D000004,2026-05-24 00:31:27,WIN-012,amazonaws.com,A
D000005,2026-02-21 08:49:25,WIN-004,internal.corp,AAAA
D000006,2026-05-14 21:06:02,WIN-019,google.com,CNAME
D000007,2026-03-29 14:33:04,WIN-031,github.com,CNAME
D000008,2026-01-15 15:24:55,WIN-028,amazonaws.com,AAAA
D000009,2026-06-23 21:38:35,WIN-031,google.com,AAAA
D000010,2026-06-04 04:50:38,WIN-036,internal.corp,CNAME
D000011,2026-02-11 02:40:57,WIN-002,internal.corp,CNAME
D000012,2026-04-14 18:18:26,WIN-034,cloudflare.com,A
D000013,2026-04-29 13:51:42,WIN-018,github.com,A
D000014,2026-04-14 06:11:41,WIN-014,github.com,CNAME
D000015,2026-01-15 00:49:08,WIN-003,github.com,CNAME
D000016,2026-01-29 06:45:46,WIN-039,internal.corp,AAAA
D000017,2026-02-04 02:39:08,WIN-028,amazonaws.com,CNAME
D000018,2026-01-22 19:56:08,WIN-005,microsoft.com,CNAME
D000019,2026-05-13 00:32:11,WIN-005,amazonaws.com,AAAA
D000020,2026-03-18 18:19:17,WIN-032,office.com,AAAA
D000021,2026-06-12 16:31:55,WIN-006,internal.corp,CNAME
D000022,2026-03-01 04:38:43,WIN-002,office.com,A
D000023,2026-02-12 22:49:44,WIN-012,github.com,CNAME
D000024,2026-05-20 05:46:05,WIN-028,office.com,CNAME
D000025,2026-05-29 03:54:31,WIN-036,amazonaws.com,AAAA
D000026,2026-06-06 04:11:21,WIN-007,amazonaws.com,AAAA
D000027,2026-05-05 19:58:10,WIN-006,amazonaws.com,AAAA
D000028,2026-02-02 04:30:34,WIN-023,amazonaws.com,CNAME
D000029,2026-01-14 21:07:42,WIN-008,internal.corp,CNAME
D000030,2026-01-25 12:51:27,WIN-031,cloudflare.com,A
D000031,2026-03-11 14:37:04,WIN-030,office.com,AAAA
D000032,2026-04-17 20:57:14,WIN-021,amazonaws.com,CNAME
D000033,2026-04-01 17:22:46,WIN-028,google.com,CNAME
D000034,2026-04-09 23:18:08,WIN-040,internal.corp,AAAA
D000035,2026-02-25 14:35:51,WIN-008,google.com,A
D000036,2026-05-30 16:01:34,WIN-022,amazonaws.com,A
D000037,2026-05-02 18:52:20,WIN-025,office.com,CNAME
D000038,2026-04-15 10:12:37,WIN-031,github.com,AAAA
D000039,2026-02-17 14:51:52,WIN-033,cloudflare.com,CNAME
D000040,2026-01-27 20:46:31,WIN-015,amazonaws.com,CNAME
D000041,2026-02-04 02:36:28,WIN-007,github.com,AAAA
D000042,2026-02-24 06:41:18,WIN-025,amazonaws.com,CNAME
D000043,2026-06-19 17:43:52,WIN-018,internal.corp,CNAME
D000044,2026-06-10 07:48:26,WIN-011,internal.corp,CNAME
D000045,2026-04-03 07:17:36,WIN-026,microsoft.com,A
D000046,2026-03-21 05:53:57,WIN-021,microsoft.com,AAAA
D000047,2026-03-31 10:55:26,WIN-034,cloudflare.com,A
D000048,2026-05-01 21:54:18,WIN-007,google.com,A
D000049,2026-05-27 08:42:37,WIN-038,google.com,A
D000050,2026-01-02 00:30:37,WIN-038,microsoft.com,A
D000051,2026-02-04 10:20:48,WIN-039,cloudflare.com,AAAA
D000052,2026-01-25 04:19:16,WIN-032,google.com,AAAA
D000053,2026-02-10 11:53:52,WIN-007,office.com,AAAA
D000054,2026-06-17 02:05:28,WIN-020,microsoft.com,CNAME
D000055,2026-04-11 16:14:34,WIN-030,google.com,A
D000056,2026-01-19 23:06:18,WIN-036,google.com,A
D000057,2026-03-10 13:23:31,WIN-032,cloudflare.com,A
D000058,2026-03-07 12:27:35,WIN-007,microsoft.com,AAAA
D000059,2026-06-17 05:54:45,WIN-040,office.com,AAAA
D000060,2026-02-04 19:43:18,WIN-014,github.com,CNAME
D000061,2026-04-29 11:50:47,WIN-035,amazonaws.com,A
D000062,2026-02-14 23:55:26,WIN-021,google.com,AAAA
D000063,2026-06-29 01:31:30,WIN-026,office.com,AAAA
D000064,2026-01-31 06:15:15,WIN-023,office.com,A
D000065,2026-05-27 23:25:52,WIN-023,google.com,AAAA
D000066,2026-04-07 11:46:11,WIN-034,office.com,CNAME
D000067,2026-04-05 05:48:53,WIN-015,office.com,A
D000068,2026-06-28 03:13:26,WIN-017,github.com,CNAME
D000069,2026-06-20 22:21:42,WIN-030,github.com,A
D000070,2026-04-14 09:41:13,WIN-020,google.com,AAAA
D000071,2026-05-17 12:39:58,WIN-019,amazonaws.com,A
D000072,2026-05-09 09:37:57,WIN-039,internal.corp,A
D000073,2026-03-11 15:40:23,WIN-031,cloudflare.com,CNAME
D000074,2026-01-12 16:31:55,WIN-016,cloudflare.com,CNAME
D000075,2026-05-01 18:30:46,WIN-006,github.com,CNAME
D000076,2026-04-08 18:16:23,WIN-011,cloudflare.com,AAAA
D000077,2026-01-17 04:05:18,WIN-005,internal.corp,AAAA
D000078,2026-02-12 03:23:45,WIN-006,github.com,A
D000079,2026-02-11 22:08:42,WIN-008,microsoft.com,A
D000080,2026-06-24 17:31:51,WIN-018,microsoft.com,AAAA
D000081,2026-03-29 23:17:39,WIN-018,office.com,AAAA
D000082,2026-06-02 09:39:08,WIN-009,amazonaws.com,A
D000083,2026-02-28 20:13:02,WIN-001,amazonaws.com,AAAA
D000084,2026-05-05 17:09:03,WIN-021,microsoft.com,CNAME
D000085,2026-06-07 12:58:33,WIN-007,microsoft.com,A
D000086,2026-05-24 22:20:41,WIN-032,google.com,A
D000087,2026-02-12 09:42:19,WIN-011,google.com,A
D000088,2026-04-10 02:50:04,WIN-039,internal.corp,CNAME
D000089,2026-04-24 05:49:22,WIN-009,google.com,AAAA
D000090,2026-04-09 15:19:29,WIN-005,office.com,A
D000091,2026-04-26 02:52:00,WIN-036,office.com,CNAME
D000092,2026-01-30 07:00:44,WIN-017,amazonaws.com,A
D000093,2026-02-05 09:56:51,WIN-014,cloudflare.com,CNAME
D000094,2026-01-08 17:46:42,WIN-006,amazonaws.com,CNAME
D000095,2026-05-09 15:29:48,WIN-033,office.com,A
D000096,2026-02-01 17:09:49,WIN-021,office.com,CNAME
D000097,2026-02-20 13:52:27,WIN-004,amazonaws.com,CNAME
D000098,2026-04-26 15:47:20,WIN-004,amazonaws.com,A
D000099,2026-02-06 09:43:21,WIN-007,github.com,CNAME
D000100,2026-05-08 05:07:29,WIN-035,cloudflare.com,A
D000101,2026-05-31 23:59:46,WIN-030,internal.corp,AAAA
D000102,2026-04-26 05:12:45,WIN-031,github.com,AAAA
D000103,2026-06-04 11:11:14,WIN-015,amazonaws.com,AAAA
D000104,2026-05-24 19:17:38,WIN-013,cloudflare.com,AAAA
D000105,2026-04-27 06:18:19,WIN-005,internal.corp,AAAA
D000106,2026-04-29 09:33:57,WIN-023,cloudflare.com,CNAME
D000107,2026-04-21 23:48:06,WIN-018,cloudflare.com,CNAME
D000108,2026-05-11 12:24:28,WIN-010,google.com,CNAME
D000109,2026-06-25 22:59:48,WIN-027,microsoft.com,CNAME
D000110,2026-02-02 03:11:31,WIN-024,office.com,AAAA
D000111,2026-06-26 20:57:29,WIN-001,cloudflare.com,A
D000112,2026-06-12 01:07:50,WIN-019,internal.corp,CNAME
D000113,2026-05-27 21:58:13,WIN-003,cloudflare.com,A
D000114,2026-01-21 08:12:20,WIN-024,microsoft.com,A
D000115,2026-03-18 01:11:54,WIN-031,github.com,AAAA
D000116,2026-03-28 06:51:13,WIN-017,office.com,A
D000117,2026-06-15 07:39:49,WIN-008,internal.corp,CNAME
D000118,2026-06-05 06:43:24,WIN-034,microsoft.com,CNAME
D000119,2026-06-21 13:35:21,WIN-014,internal.corp,A
D000120,2026-03-17 15:54:12,WIN-025,internal.corp,AAAA
D000121,2026-04-05 15:53:33,WIN-013,cloudflare.com,CNAME
D000122,2026-05-28 06:13:59,WIN-005,google.com,AAAA
D000123,2026-03-17 22:42:57,WIN-023,github.com,CNAME
D000124,2026-04-23 18:34:55,WIN-008,microsoft.com,AAAA
D000125,2026-04-15 02:07:37,WIN-030,amazonaws.com,A
D000126,2026-06-20 12:45:45,WIN-009,amazonaws.com,A
D000127,2026-02-13 09:55:38,WIN-016,internal.corp,AAAA
D000128,2026-05-27 22:00:52,WIN-029,internal.corp,A
D000129,2026-02-02 08:42:50,WIN-020,github.com,A
D000130,2026-06-18 21:06:38,WIN-040,internal.corp,AAAA
D000131,2026-04-08 20:18:46,WIN-028,microsoft.com,CNAME
D000132,2026-01-19 01:07:13,WIN-008,internal.corp,CNAME
D000133,2026-06-03 08:55:47,WIN-017,github.com,CNAME
D000134,2026-04-07 20:43:56,WIN-036,amazonaws.com,A
D000135,2026-05-19 00:42:06,WIN-012,amazonaws.com,CNAME
D000136,2026-01-08 16:24:34,WIN-008,office.com,AAAA
D000137,2026-05-02 03:50:12,WIN-036,google.com,A
D000138,2026-04-01 17:09:48,WIN-040,microsoft.com,CNAME
D000139,2026-01-28 22:26:56,WIN-029,microsoft.com,AAAA
D000140,2026-01-16 12:57:55,WIN-007,google.com,A
D000141,2026-06-08 23:30:14,WIN-007,cloudflare.com,A
D000142,2026-04-09 20:05:01,WIN-037,amazonaws.com,A
D000143,2026-03-23 04:04:08,WIN-007,google.com,A
D000144,2026-06-04 20:41:05,WIN-038,microsoft.com,AAAA
D000145,2026-03-13 03:03:59,WIN-031,microsoft.com,AAAA
D000146,2026-04-25 08:28:24,WIN-008,github.com,AAAA
D000147,2026-04-28 19:05:19,WIN-018,amazonaws.com,AAAA
D000148,2026-03-23 08:02:29,WIN-035,microsoft.com,CNAME
D000149,2026-06-02 05:42:33,WIN-038,office.com,A
D000150,2026-05-30 08:12:05,WIN-032,office.com,CNAME
D000151,2026-04-06 11:02:48,WIN-018,microsoft.com,AAAA
D000152,2026-02-06 17:52:44,WIN-031,microsoft.com,A
D000153,2026-05-26 22:39:48,WIN-020,microsoft.com,CNAME
D000154,2026-03-24 03:58:56,WIN-034,microsoft.com,CNAME
D000155,2026-03-29 18:54:58,WIN-029,microsoft.com,A
D000156,2026-04-13 07:15:14,WIN-022,amazonaws.com,A
D000157,2026-01-16 23:23:28,WIN-040,github.com,CNAME
D000158,2026-04-10 01:51:56,WIN-019,office.com,CNAME
D000159,2026-03-09 19:56:55,WIN-038,office.com,CNAME
D000160,2026-06-15 11:03:57,WIN-037,internal.corp,CNAME
D000161,2026-02-24 20:54:08,WIN-006,cloudflare.com,A
D000162,2026-02-26 20:10:33,WIN-012,google.com,AAAA
D000163,2026-05-31 21:11:28,WIN-016,google.com,A
D000164,2026-03-27 08:08:19,WIN-007,github.com,AAAA
D000165,2026-01-24 09:34:20,WIN-034,microsoft.com,A
D000166,2026-02-16 11:21:52,WIN-023,cloudflare.com,AAAA
D000167,2026-06-16 06:36:16,WIN-019,cloudflare.com,AAAA
D000168,2026-02-19 11:44:42,WIN-028,google.com,CNAME
D000169,2026-04-09 12:23:39,WIN-026,microsoft.com,AAAA
D000170,2026-05-14 20:16:00,WIN-020,internal.corp,A
D000171,2026-06-26 17:07:36,WIN-039,cloudflare.com,A
D000172,2026-04-09 04:02:37,WIN-020,amazonaws.com,CNAME
D000173,2026-01-14 22:17:38,WIN-006,microsoft.com,CNAME
D000174,2026-02-07 12:19:21,WIN-007,internal.corp,CNAME
D000175,2026-03-07 14:44:45,WIN-014,amazonaws.com,A
D000176,2026-03-05 04:58:10,WIN-036,github.com,CNAME
D000177,2026-04-06 00:06:44,WIN-014,microsoft.com,A
D000178,2026-02-08 13:33:47,WIN-039,google.com,AAAA
D000179,2026-04-07 01:02:32,WIN-027,internal.corp,A
D000180,2026-01-18 23:20:53,WIN-026,microsoft.com,AAAA
D000181,2026-04-08 06:35:13,WIN-006,github.com,AAAA
D000182,2026-05-12 13:38:07,WIN-018,internal.corp,A
D000183,2026-06-13 17:48:28,WIN-035,github.com,CNAME
D000184,2026-03-22 14:05:46,WIN-036,github.com,CNAME
D000185,2026-02-06 11:06:53,WIN-026,amazonaws.com,CNAME
D000186,2026-04-25 22:45:33,WIN-016,internal.corp,A
D000187,2026-03-03 21:42:19,WIN-011,cloudflare.com,A
D000188,2026-06-19 11:56:36,WIN-031,amazonaws.com,AAAA
D000189,2026-04-28 12:12:59,WIN-026,amazonaws.com,A
D000190,2026-06-27 23:48:40,WIN-028,office.com,A
D000191,2026-03-17 09:02:40,WIN-028,github.com,CNAME
D000192,2026-05-21 05:44:32,WIN-008,internal.corp,A
D000193,2026-01-29 22:19:18,WIN-010,internal.corp,CNAME
D000194,2026-02-12 10:17:16,WIN-011,google.com,AAAA
D000195,2026-01-02 07:07:59,WIN-006,amazonaws.com,CNAME
D000196,2026-01-14 01:39:09,WIN-029,internal.corp,AAAA
D000197,2026-05-31 11:37:34,WIN-003,internal.corp,AAAA
D000198,2026-03-05 12:58:13,WIN-026,microsoft.com,A
D000199,2026-05-23 05:30:32,WIN-039,cloudflare.com,A
D000200,2026-02-15 02:06:15,WIN-011,microsoft.com,A
D000201,2026-03-24 06:15:26,WIN-016,office.com,AAAA
D000202,2026-05-31 12:49:48,WIN-006,office.com,CNAME
D000203,2026-05-15 10:15:01,WIN-022,cloudflare.com,A
D000204,2026-03-10 02:16:32,WIN-037,google.com,A
D000205,2026-03-11 14:31:46,WIN-025,microsoft.com,A
D000206,2026-02-16 06:39:49,WIN-026,internal.corp,AAAA
D000207,2026-04-20 15:12:38,WIN-031,github.com,CNAME
D000208,2026-06-26 08:01:13,WIN-038,office.com,CNAME
D000209,2026-05-20 18:32:24,WIN-010,cloudflare.com,A
D000210,2026-02-18 11:33:12,WIN-016,google.com,AAAA
D000211,2026-02-23 04:31:45,WIN-039,github.com,A
D000212,2026-02-04 03:03:13,WIN-038,office.com,AAAA
D000213,2026-05-18 03:56:37,WIN-019,office.com,AAAA
D000214,2026-01-14 06:41:55,WIN-038,amazonaws.com,AAAA
D000215,2026-04-14 06:06:49,WIN-010,amazonaws.com,CNAME
D000216,2026-05-19 05:04:27,WIN-015,internal.corp,AAAA
D000217,2026-04-26 02:30:56,WIN-025,google.com,AAAA
D000218,2026-02-26 07:19:54,WIN-020,github.com,AAAA
D000219,2026-03-20 17:06:04,WIN-002,github.com,AAAA
D000220,2026-03-02 14:45:51,WIN-030,google.com,AAAA
D000221,2026-05-31 17:29:02,WIN-010,microsoft.com,AAAA
D000222,2026-05-19 19:48:30,WIN-028,office.com,CNAME
D000223,2026-03-07 03:07:34,WIN-022,cloudflare.com,CNAME
D000224,2026-02-04 02:12:05,WIN-035,microsoft.com,A
D000225,2026-01-13 12:37:11,WIN-006,cloudflare.com,AAAA
D000226,2026-02-18 22:03:14,WIN-013,google.com,A
D000227,2026-04-09 06:15:29,WIN-012,microsoft.com,AAAA
D000228,2026-02-14 11:46:31,WIN-029,google.com,AAAA
D000229,2026-06-27 20:00:29,WIN-026,github.com,CNAME
D000230,2026-05-30 06:38:32,WIN-035,office.com,AAAA
D000231,2026-06-20 22:33:03,WIN-030,google.com,A
D000232,2026-02-15 04:19:06,WIN-032,google.com,AAAA
D000233,2026-04-02 15:00:43,WIN-027,google.com,AAAA
D000234,2026-04-19 14:09:04,WIN-002,office.com,CNAME
D000235,2026-04-07 08:09:50,WIN-038,cloudflare.com,CNAME
D000236,2026-02-28 21:51:03,WIN-020,google.com,A
D000237,2026-01-16 06:43:45,WIN-005,internal.corp,A
D000238,2026-05-23 23:36:25,WIN-009,cloudflare.com,AAAA
D000239,2026-01-03 09:16:14,WIN-039,cloudflare.com,AAAA
D000240,2026-02-04 21:21:00,WIN-008,github.com,A
D000241,2026-03-08 06:36:16,WIN-005,amazonaws.com,A
D000242,2026-03-26 23:10:44,WIN-019,office.com,A
D000243,2026-01-22 01:43:28,WIN-037,microsoft.com,AAAA
D000244,2026-03-15 08:57:27,WIN-025,internal.corp,A
D000245,2026-02-03 10:22:17,WIN-033,internal.corp,AAAA
D000246,2026-04-01 14:46:11,WIN-028,amazonaws.com,CNAME
D000247,2026-01-29 16:45:18,WIN-007,microsoft.com,CNAME
D000248,2026-05-14 06:03:40,WIN-003,microsoft.com,AAAA
D000249,2026-03-23 20:26:32,WIN-029,microsoft.com,AAAA
D000250,2026-04-11 00:27:17,WIN-034,github.com,AAAA
D000251,2026-02-21 15:32:28,WIN-039,internal.corp,A
D000252,2026-05-06 09:27:33,WIN-003,amazonaws.com,CNAME
D000253,2026-02-27 23:04:58,WIN-009,amazonaws.com,CNAME
D000254,2026-05-24 10:21:45,WIN-039,google.com,A
D000255,2026-01-05 00:56:56,WIN-022,amazonaws.com,AAAA
D000256,2026-06-16 18:51:19,WIN-024,office.com,A
D000257,2026-04-09 23:59:58,WIN-035,office.com,AAAA
D000258,2026-01-15 08:30:30,WIN-027,microsoft.com,CNAME
D000259,2026-04-10 05:43:20,WIN-025,github.com,CNAME
D000260,2026-02-20 21:25:15,WIN-002,amazonaws.com,A
D000261,2026-05-01 20:27:50,WIN-040,amazonaws.com,A
D000262,2026-03-04 06:25:26,WIN-031,internal.corp,A
D000263,2026-03-13 01:49:33,WIN-012,google.com,A
D000264,2026-03-07 23:11:23,WIN-037,office.com,CNAME
D000265,2026-05-06 03:54:21,WIN-037,office.com,AAAA
D000266,2026-06-17 22:49:09,WIN-015,github.com,AAAA
D000267,2026-06-27 15:54:11,WIN-018,github.com,CNAME
D000268,2026-05-23 06:34:19,WIN-005,github.com,AAAA
D000269,2026-01-10 07:40:56,WIN-024,amazonaws.com,CNAME
D000270,2026-01-06 04:43:19,WIN-009,office.com,A
D000271,2026-06-22 05:27:55,WIN-026,github.com,CNAME
D000272,2026-06-29 10:42:01,WIN-020,cloudflare.com,CNAME
D000273,2026-05-13 06:04:38,WIN-017,internal.corp,CNAME
D000274,2026-04-02 15:39:34,WIN-025,amazonaws.com,A
D000275,2026-01-17 12:21:10,WIN-030,microsoft.com,CNAME
D000276,2026-04-23 08:38:49,WIN-033,internal.corp,CNAME
D000277,2026-05-22 21:11:15,WIN-019,github.com,CNAME
D000278,2026-06-10 08:56:58,WIN-021,google.com,A
D000279,2026-06-11 20:46:37,WIN-013,github.com,CNAME
D000280,2026-03-31 19:43:32,WIN-015,internal.corp,A
D000281,2026-03-04 06:34:36,WIN-002,github.com,AAAA
D000282,2026-03-17 07:42:18,WIN-018,cloudflare.com,A
D000283,2026-05-20 23:39:30,WIN-020,amazonaws.com,CNAME
D000284,2026-04-16 13:40:15,WIN-025,amazonaws.com,CNAME
D000285,2026-01-10 22:53:56,WIN-016,amazonaws.com,AAAA
D000286,2026-05-23 00:06:45,WIN-012,office.com,CNAME
D000287,2026-03-29 08:49:11,WIN-001,cloudflare.com,AAAA
D000288,2026-01-08 07:19:38,WIN-037,microsoft.com,CNAME
D000289,2026-05-12 05:49:46,WIN-035,github.com,CNAME
D000290,2026-05-03 04:03:29,WIN-030,office.com,A
D000291,2026-03-01 20:56:38,WIN-005,cloudflare.com,CNAME
D000292,2026-06-14 06:41:01,WIN-006,microsoft.com,A
D000293,2026-03-03 23:02:52,WIN-018,cloudflare.com,A
D000294,2026-04-16 13:41:04,WIN-014,office.com,AAAA
D000295,2026-02-28 21:45:42,WIN-016,amazonaws.com,AAAA
D000296,2026-04-28 00:35:04,WIN-032,github.com,A
D000297,2026-04-15 17:24:10,WIN-013,amazonaws.com,A
D000298,2026-05-01 06:12:19,WIN-033,google.com,CNAME
D000299,2026-06-28 17:55:36,WIN-023,microsoft.com,CNAME
D000300,2026-06-22 03:15:10,WIN-032,office.com,AAAA
D000301,2026-02-21 17:13:11,WIN-021,amazonaws.com,A
D000302,2026-04-10 15:42:33,WIN-016,github.com,CNAME
D000303,2026-06-07 05:59:01,WIN-039,amazonaws.com,AAAA
D000304,2026-01-31 03:35:48,WIN-023,internal.corp,A
D000305,2026-01-04 00:23:18,WIN-021,github.com,CNAME
D000306,2026-04-04 12:19:37,WIN-016,internal.corp,AAAA
D000307,2026-03-15 04:57:37,WIN-001,amazonaws.com,A
D000308,2026-01-24 23:55:33,WIN-031,internal.corp,CNAME
D000309,2026-04-06 21:08:55,WIN-023,cloudflare.com,A
D000310,2026-03-14 08:54:09,WIN-018,internal.corp,AAAA
D000311,2026-04-19 22:52:24,WIN-026,amazonaws.com,A
D000312,2026-05-18 07:07:13,WIN-001,google.com,A
D000313,2026-02-11 04:50:28,WIN-013,office.com,AAAA
D000314,2026-05-16 23:34:05,WIN-016,google.com,A
D000315,2026-02-16 05:38:51,WIN-022,office.com,AAAA
D000316,2026-06-23 11:55:46,WIN-013,amazonaws.com,AAAA
D000317,2026-02-26 05:19:14,WIN-008,microsoft.com,A
D000318,2026-02-18 08:45:53,WIN-023,microsoft.com,AAAA
D000319,2026-02-12 16:24:53,WIN-020,google.com,A
D000320,2026-05-08 20:39:17,WIN-006,office.com,CNAME
D000321,2026-05-08 11:07:24,WIN-023,cloudflare.com,CNAME
D000322,2026-03-08 03:11:13,WIN-011,amazonaws.com,AAAA
D000323,2026-05-28 04:02:09,WIN-014,internal.corp,AAAA
D000324,2026-02-28 21:41:18,WIN-014,google.com,CNAME
D000325,2026-06-10 02:52:58,WIN-009,cloudflare.com,A
D000326,2026-05-25 06:38:55,WIN-019,office.com,AAAA
D000327,2026-06-15 19:13:28,WIN-026,cloudflare.com,AAAA
D000328,2026-03-07 02:09:21,WIN-016,cloudflare.com,AAAA
D000329,2026-02-03 04:43:47,WIN-030,github.com,AAAA
D000330,2026-01-09 12:43:14,WIN-023,google.com,A
D000331,2026-02-25 13:30:33,WIN-019,internal.corp,A
D000332,2026-02-12 11:34:36,WIN-032,office.com,A
D000333,2026-04-24 00:08:43,WIN-032,github.com,AAAA
D000334,2026-02-28 10:11:11,WIN-004,amazonaws.com,A
D000335,2026-03-17 23:18:34,WIN-030,amazonaws.com,AAAA
D000336,2026-03-28 01:43:50,WIN-014,github.com,A
D000337,2026-02-04 22:30:34,WIN-040,amazonaws.com,A
D000338,2026-03-02 02:28:15,WIN-023,github.com,CNAME
D000339,2026-05-05 11:13:35,WIN-029,google.com,CNAME
D000340,2026-03-16 21:20:09,WIN-006,amazonaws.com,AAAA
D000341,2026-01-26 10:10:23,WIN-002,internal.corp,AAAA
D000342,2026-01-05 15:38:03,WIN-031,internal.corp,AAAA
D000343,2026-04-24 01:47:40,WIN-017,internal.corp,AAAA
D000344,2026-01-26 16:36:10,WIN-016,google.com,CNAME
D000345,2026-06-13 03:28:29,WIN-007,cloudflare.com,A
D000346,2026-01-29 14:16:17,WIN-023,internal.corp,A
D000347,2026-04-21 20:10:23,WIN-003,cloudflare.com,AAAA
D000348,2026-01-11 19:38:11,WIN-027,cloudflare.com,CNAME
D000349,2026-05-13 18:32:39,WIN-011,office.com,CNAME
D000350,2026-03-09 01:04:39,WIN-028,cloudflare.com,CNAME
D000351,2026-01-28 10:44:38,WIN-032,github.com,A
D000352,2026-03-22 04:29:50,WIN-006,cloudflare.com,A
D000353,2026-01-13 15:11:47,WIN-030,github.com,A
D000354,2026-01-14 13:20:58,WIN-013,google.com,CNAME
D000355,2026-01-06 22:54:49,WIN-012,microsoft.com,AAAA
D000356,2026-01-04 20:52:54,WIN-026,microsoft.com,A
D000357,2026-03-27 21:39:05,WIN-011,internal.corp,AAAA
D000358,2026-03-08 02:49:50,WIN-023,office.com,A
D000359,2026-05-12 08:26:08,WIN-031,amazonaws.com,AAAA
D000360,2026-04-12 08:39:48,WIN-027,cloudflare.com,CNAME
D000361,2026-06-23 00:08:38,WIN-030,office.com,A
D000362,2026-05-25 08:39:57,WIN-033,github.com,AAAA
D000363,2026-05-08 03:51:28,WIN-031,internal.corp,CNAME
D000364,2026-04-27 13:07:19,WIN-004,microsoft.com,CNAME
D000365,2026-05-30 05:18:49,WIN-021,cloudflare.com,A
D000366,2026-02-18 07:40:57,WIN-006,office.com,AAAA
D000367,2026-03-05 13:34:51,WIN-010,google.com,CNAME
D000368,2026-04-25 02:37:23,WIN-006,github.com,CNAME
D000369,2026-02-03 01:27:35,WIN-027,amazonaws.com,AAAA
D000370,2026-01-26 19:50:38,WIN-015,github.com,AAAA
D000371,2026-03-11 00:32:46,WIN-003,internal.corp,A
D000372,2026-02-24 20:32:26,WIN-002,google.com,A
D000373,2026-01-31 17:14:45,WIN-010,office.com,CNAME
D000374,2026-06-17 16:26:11,WIN-027,github.com,A
D000375,2026-03-22 20:13:01,WIN-022,microsoft.com,AAAA
D000376,2026-02-18 16:37:07,WIN-040,google.com,A
D000377,2026-02-27 00:35:33,WIN-014,github.com,A
D000378,2026-03-17 22:30:25,WIN-008,microsoft.com,A
D000379,2026-03-05 19:06:55,WIN-034,office.com,CNAME
D000380,2026-03-03 09:14:11,WIN-012,office.com,AAAA
D000381,2026-02-25 00:06:31,WIN-005,office.com,CNAME
D000382,2026-03-19 07:11:31,WIN-023,amazonaws.com,CNAME
D000383,2026-01-07 15:44:26,WIN-008,office.com,A
D000384,2026-01-17 16:23:40,WIN-014,google.com,AAAA
D000385,2026-03-21 04:49:04,WIN-033,github.com,CNAME
D000386,2026-03-17 08:46:18,WIN-037,github.com,AAAA
D000387,2026-04-23 23:58:41,WIN-035,microsoft.com,AAAA
D000388,2026-01-20 02:36:57,WIN-030,office.com,A
D000389,2026-05-15 15:07:43,WIN-009,office.com,AAAA
D000390,2026-06-25 16:37:17,WIN-036,cloudflare.com,CNAME
D000391,2026-06-16 00:42:15,WIN-016,google.com,CNAME
D000392,2026-05-06 07:49:25,WIN-002,github.com,CNAME
D000393,2026-02-03 07:54:04,WIN-023,microsoft.com,AAAA
D000394,2026-01-11 00:57:58,WIN-018,office.com,A
D000395,2026-04-18 23:15:33,WIN-022,amazonaws.com,CNAME
D000396,2026-04-15 22:57:06,WIN-034,microsoft.com,A
D000397,2026-06-09 06:45:59,WIN-009,amazonaws.com,CNAME
D000398,2026-01-17 03:22:22,WIN-029,google.com,AAAA
D000399,2026-01-21 08:27:33,WIN-003,microsoft.com,AAAA
D000400,2026-06-25 17:07:51,WIN-026,github.com,CNAME
D000401,2026-03-22 23:30:06,WIN-034,google.com,AAAA
D000402,2026-01-31 21:08:28,WIN-020,office.com,A
D000403,2026-01-24 23:57:23,WIN-018,cloudflare.com,A
D000404,2026-05-12 23:10:12,WIN-020,github.com,CNAME
D000405,2026-04-09 21:43:34,WIN-014,internal.corp,A
D000406,2026-06-04 18:50:38,WIN-002,amazonaws.com,CNAME
D000407,2026-01-29 10:47:42,WIN-029,office.com,AAAA
D000408,2026-04-16 02:05:53,WIN-005,github.com,AAAA
D000409,2026-06-17 00:34:08,WIN-024,office.com,CNAME
D000410,2026-06-07 21:56:21,WIN-009,google.com,CNAME
D000411,2026-06-16 18:47:28,WIN-031,github.com,CNAME
D000412,2026-06-17 21:09:58,WIN-007,google.com,AAAA
D000413,2026-02-24 17:16:46,WIN-015,google.com,A
D000414,2026-02-14 06:56:03,WIN-005,github.com,AAAA
D000415,2026-06-04 21:08:36,WIN-017,cloudflare.com,CNAME
D000416,2026-06-13 16:33:05,WIN-020,github.com,CNAME
D000417,2026-05-29 23:03:52,WIN-009,office.com,CNAME
D000418,2026-06-03 21:21:39,WIN-036,amazonaws.com,AAAA
D000419,2026-01-07 22:06:22,WIN-020,amazonaws.com,AAAA
D000420,2026-04-08 06:48:37,WIN-006,internal.corp,A
D000421,2026-03-31 15:08:56,WIN-025,cloudflare.com,A
D000422,2026-03-04 17:47:49,WIN-011,office.com,A
D000423,2026-06-07 09:05:51,WIN-006,microsoft.com,AAAA
D000424,2026-06-09 19:15:28,WIN-040,github.com,A
D000425,2026-04-22 16:34:59,WIN-034,amazonaws.com,AAAA
D000426,2026-06-05 14:41:24,WIN-011,cloudflare.com,AAAA
D000427,2026-01-05 09:29:21,WIN-032,amazonaws.com,A
D000428,2026-04-14 00:12:32,WIN-001,github.com,A
D000429,2026-01-15 03:42:32,WIN-012,microsoft.com,CNAME
D000430,2026-02-17 15:22:26,WIN-039,cloudflare.com,AAAA
D000431,2026-01-10 15:04:31,WIN-009,google.com,CNAME
D000432,2026-05-03 01:53:36,WIN-024,internal.corp,A
D000433,2026-06-09 21:08:34,WIN-021,office.com,AAAA
D000434,2026-05-28 16:46:23,WIN-029,internal.corp,CNAME
D000435,2026-02-15 07:35:24,WIN-008,google.com,A
D000436,2026-03-17 13:03:52,WIN-020,github.com,CNAME
D000437,2026-04-09 16:47:21,WIN-037,microsoft.com,CNAME
D000438,2026-06-13 23:14:24,WIN-014,amazonaws.com,AAAA
D000439,2026-05-22 20:55:17,WIN-036,office.com,AAAA
D000440,2026-02-14 08:44:04,WIN-024,github.com,A
D000441,2026-05-12 10:15:34,WIN-013,cloudflare.com,AAAA
D000442,2026-01-09 22:18:38,WIN-020,internal.corp,CNAME
D000443,2026-02-22 22:03:59,WIN-024,amazonaws.com,A
D000444,2026-06-10 13:09:49,WIN-018,office.com,AAAA
D000445,2026-01-18 13:23:24,WIN-030,amazonaws.com,CNAME
D000446,2026-05-07 04:48:07,WIN-005,github.com,AAAA
D000447,2026-05-08 20:28:23,WIN-001,microsoft.com,CNAME
D000448,2026-02-03 22:51:08,WIN-038,google.com,A
D000449,2026-03-13 17:02:18,WIN-020,cloudflare.com,CNAME
D000450,2026-03-04 07:23:11,WIN-031,office.com,AAAA
D000451,2026-05-31 12:39:53,WIN-034,github.com,AAAA
D000452,2026-05-30 21:29:36,WIN-029,github.com,A
D000453,2026-06-25 16:11:16,WIN-003,github.com,AAAA
D000454,2026-01-09 10:13:50,WIN-040,amazonaws.com,CNAME
D000455,2026-04-14 05:48:05,WIN-010,google.com,A
D000456,2026-05-07 13:21:58,WIN-008,amazonaws.com,AAAA
D000457,2026-06-14 08:20:46,WIN-002,amazonaws.com,AAAA
D000458,2026-04-13 00:24:47,WIN-029,internal.corp,A
D000459,2026-01-13 17:21:24,WIN-022,github.com,CNAME
D000460,2026-04-30 07:57:21,WIN-021,cloudflare.com,CNAME
D000461,2026-02-07 06:08:29,WIN-010,amazonaws.com,CNAME
D000462,2026-06-17 15:48:27,WIN-018,microsoft.com,CNAME
D000463,2026-06-03 09:04:39,WIN-038,amazonaws.com,CNAME
D000464,2026-06-25 18:24:36,WIN-014,amazonaws.com,AAAA
D000465,2026-05-18 14:24:32,WIN-003,amazonaws.com,A
D000466,2026-06-02 05:10:38,WIN-007,internal.corp,AAAA
D000467,2026-03-20 23:56:23,WIN-022,google.com,CNAME
D000468,2026-06-23 06:53:32,WIN-019,github.com,A
D000469,2026-05-19 00:11:43,WIN-028,cloudflare.com,CNAME
D000470,2026-01-03 12:55:26,WIN-037,office.com,CNAME
D000471,2026-02-07 15:05:10,WIN-016,microsoft.com,A
D000472,2026-03-16 06:24:48,WIN-012,internal.corp,CNAME
D000473,2026-06-07 07:01:14,WIN-006,google.com,AAAA
D000474,2026-05-25 17:13:47,WIN-014,internal.corp,CNAME
D000475,2026-02-15 08:13:58,WIN-004,office.com,A
D000476,2026-02-22 05:47:52,WIN-022,google.com,AAAA
D000477,2026-02-17 07:37:56,WIN-025,office.com,A
D000478,2026-02-26 09:26:16,WIN-033,microsoft.com,AAAA
D000479,2026-01-01 14:26:47,WIN-016,github.com,CNAME
D000480,2026-04-24 08:08:22,WIN-024,office.com,A
D000481,2026-03-09 14:17:23,WIN-025,google.com,AAAA
D000482,2026-05-06 01:01:56,WIN-016,microsoft.com,AAAA
D000483,2026-05-10 22:35:19,WIN-002,cloudflare.com,A
D000484,2026-02-19 13:34:20,WIN-005,cloudflare.com,A
D000485,2026-06-20 16:41:51,WIN-026,office.com,AAAA
D000486,2026-04-29 17:42:05,WIN-022,microsoft.com,CNAME
D000487,2026-04-08 03:44:06,WIN-017,amazonaws.com,A
D000488,2026-01-09 11:59:43,WIN-009,microsoft.com,AAAA
D000489,2026-05-18 07:36:15,WIN-026,github.com,A
D000490,2026-04-15 11:30:55,WIN-002,internal.corp,AAAA
D000491,2026-03-07 16:07:08,WIN-037,internal.corp,AAAA
D000492,2026-04-28 14:24:37,WIN-024,github.com,A
D000493,2026-01-30 11:42:43,WIN-037,microsoft.com,CNAME
D000494,2026-03-03 17:30:15,WIN-029,github.com,A
D000495,2026-02-20 10:54:13,WIN-030,internal.corp,CNAME
D000496,2026-05-11 20:56:21,WIN-001,cloudflare.com,A
D000497,2026-05-03 07:58:50,WIN-001,github.com,AAAA
D000498,2026-06-25 20:37:22,WIN-038,office.com,CNAME
D000499,2026-02-26 19:49:37,WIN-039,github.com,AAAA
D000500,2026-04-06 21:30:32,WIN-025,office.com,AAAA
D000501,2026-06-24 01:05:57,WIN-021,internal.corp,CNAME
D000502,2026-01-06 22:05:02,WIN-024,google.com,CNAME
D000503,2026-04-10 00:08:40,WIN-008,amazonaws.com,AAAA
D000504,2026-03-11 08:20:29,WIN-030,github.com,A
D000505,2026-04-09 21:27:15,WIN-035,google.com,CNAME
D000506,2026-05-19 22:38:30,WIN-030,cloudflare.com,CNAME
D000507,2026-02-17 16:00:44,WIN-020,github.com,A
D000508,2026-02-26 02:08:23,WIN-013,microsoft.com,A
D000509,2026-06-20 19:05:19,WIN-040,amazonaws.com,AAAA
D000510,2026-01-15 22:45:26,WIN-039,amazonaws.com,CNAME
D000511,2026-03-19 19:43:21,WIN-038,cloudflare.com,CNAME
D000512,2026-04-18 07:49:01,WIN-002,office.com,AAAA
D000513,2026-01-15 23:05:11,WIN-025,office.com,AAAA
D000514,2026-02-04 14:53:19,WIN-010,internal.corp,AAAA
D000515,2026-03-19 18:10:26,WIN-009,internal.corp,AAAA
D000516,2026-04-02 20:46:12,WIN-023,amazonaws.com,AAAA
D000517,2026-02-24 15:16:20,WIN-013,internal.corp,AAAA
D000518,2026-04-22 14:35:42,WIN-039,google.com,A
D000519,2026-03-13 09:19:02,WIN-020,microsoft.com,CNAME
D000520,2026-02-02 01:53:42,WIN-003,amazonaws.com,AAAA
D000521,2026-05-26 10:16:19,WIN-018,cloudflare.com,AAAA
D000522,2026-02-26 05:07:00,WIN-027,internal.corp,AAAA
D000523,2026-05-23 11:14:44,WIN-023,internal.corp,A
D000524,2026-02-13 21:44:15,WIN-034,github.com,A
D000525,2026-05-07 17:40:35,WIN-020,google.com,CNAME
D000526,2026-03-26 19:39:27,WIN-004,github.com,CNAME
D000527,2026-01-08 21:23:32,WIN-001,internal.corp,AAAA
D000528,2026-05-28 15:04:36,WIN-037,microsoft.com,AAAA
D000529,2026-03-23 20:55:25,WIN-029,google.com,CNAME
D000530,2026-03-02 15:02:45,WIN-013,github.com,A
D000531,2026-04-26 19:36:33,WIN-001,amazonaws.com,CNAME
D000532,2026-01-17 02:00:44,WIN-020,github.com,CNAME
D000533,2026-01-06 08:57:30,WIN-031,cloudflare.com,CNAME
D000534,2026-06-29 23:12:33,WIN-026,amazonaws.com,A
D000535,2026-01-23 11:55:22,WIN-027,google.com,AAAA
D000536,2026-04-14 04:44:08,WIN-014,github.com,AAAA
D000537,2026-04-22 05:30:45,WIN-016,office.com,AAAA
D000538,2026-03-08 01:05:51,WIN-037,office.com,AAAA
D000539,2026-03-19 02:13:44,WIN-031,github.com,A
D000540,2026-06-20 11:32:34,WIN-024,github.com,AAAA
D000541,2026-06-05 09:38:39,WIN-037,microsoft.com,AAAA
D000542,2026-06-25 05:59:26,WIN-007,github.com,AAAA
D000543,2026-04-18 20:46:42,WIN-022,amazonaws.com,A
D000544,2026-03-27 06:34:53,WIN-010,microsoft.com,CNAME
D000545,2026-01-20 20:01:53,WIN-004,cloudflare.com,A
D000546,2026-04-06 17:51:07,WIN-021,cloudflare.com,AAAA
D000547,2026-05-05 13:03:06,WIN-003,amazonaws.com,CNAME
D000548,2026-01-27 03:24:36,WIN-024,google.com,CNAME
D000549,2026-03-04 11:52:43,WIN-001,microsoft.com,CNAME
D000550,2026-01-07 03:49:40,WIN-039,microsoft.com,AAAA
D000551,2026-01-14 06:07:37,WIN-021,internal.corp,A
D000552,2026-04-06 00:24:03,WIN-009,cloudflare.com,AAAA
D000553,2026-02-02 22:38:17,WIN-002,microsoft.com,AAAA
D000554,2026-05-07 21:35:22,WIN-018,github.com,A
D000555,2026-05-16 08:46:51,WIN-026,internal.corp,AAAA
D000556,2026-03-05 20:40:03,WIN-019,google.com,AAAA
D000557,2026-04-25 11:47:15,WIN-020,office.com,CNAME
D000558,2026-03-12 13:40:08,WIN-020,cloudflare.com,CNAME
D000559,2026-04-12 09:56:21,WIN-027,office.com,A
D000560,2026-04-10 06:00:04,WIN-020,github.com,AAAA
D000561,2026-04-27 01:00:08,WIN-005,github.com,CNAME
D000562,2026-01-13 00:28:00,WIN-008,cloudflare.com,A
D000563,2026-04-06 06:29:46,WIN-001,cloudflare.com,CNAME
D000564,2026-02-01 19:21:42,WIN-012,amazonaws.com,A
D000565,2026-03-20 21:15:34,WIN-029,office.com,A
D000566,2026-03-19 12:38:47,WIN-002,microsoft.com,A
D000567,2026-06-02 22:39:15,WIN-010,cloudflare.com,CNAME
D000568,2026-06-09 23:31:51,WIN-002,github.com,A
D000569,2026-02-04 13:37:06,WIN-009,google.com,AAAA
D000570,2026-01-20 18:18:27,WIN-038,cloudflare.com,CNAME
D000571,2026-03-07 21:10:39,WIN-035,cloudflare.com,AAAA
D000572,2026-03-22 16:29:36,WIN-018,google.com,A
D000573,2026-03-18 06:45:15,WIN-022,github.com,A
D000574,2026-04-19 10:20:00,WIN-033,office.com,A
D000575,2026-02-13 08:49:53,WIN-011,amazonaws.com,AAAA
D000576,2026-01-13 00:15:41,WIN-032,amazonaws.com,CNAME
D000577,2026-02-13 08:21:04,WIN-026,amazonaws.com,AAAA
D000578,2026-03-27 15:26:37,WIN-016,microsoft.com,AAAA
D000579,2026-01-30 04:43:36,WIN-024,amazonaws.com,CNAME
D000580,2026-03-28 14:07:03,WIN-025,cloudflare.com,CNAME
D000581,2026-02-09 23:15:06,WIN-004,amazonaws.com,AAAA
D000582,2026-06-19 12:11:01,WIN-020,google.com,AAAA
D000583,2026-05-28 00:43:53,WIN-013,github.com,CNAME
D000584,2026-01-06 17:10:28,WIN-001,google.com,AAAA
D000585,2026-01-27 04:36:32,WIN-024,microsoft.com,CNAME
D000586,2026-04-20 14:20:58,WIN-007,amazonaws.com,AAAA
D000587,2026-06-12 04:19:19,WIN-030,github.com,A
D000588,2026-02-05 02:49:47,WIN-010,internal.corp,A
D000589,2026-01-01 05:17:52,WIN-003,google.com,A
D000590,2026-06-02 02:27:30,WIN-039,google.com,AAAA
D000591,2026-01-06 18:07:49,WIN-008,internal.corp,AAAA
D000592,2026-06-16 02:19:10,WIN-034,github.com,AAAA
D000593,2026-02-14 16:30:27,WIN-035,github.com,A
D000594,2026-03-06 10:32:45,WIN-015,amazonaws.com,A
D000595,2026-06-12 16:20:47,WIN-026,amazonaws.com,A
D000596,2026-05-24 11:02:49,WIN-035,cloudflare.com,AAAA
D000597,2026-06-02 08:56:16,WIN-011,microsoft.com,AAAA
D000598,2026-05-19 12:44:38,WIN-024,internal.corp,CNAME
D000599,2026-01-20 14:09:42,WIN-010,microsoft.com,CNAME
D000600,2026-02-23 22:38:03,WIN-003,microsoft.com,A
D000601,2026-04-23 09:49:33,WIN-031,google.com,A
D000602,2026-03-23 08:24:44,WIN-023,internal.corp,CNAME
D000603,2026-05-08 05:55:30,WIN-005,microsoft.com,A
D000604,2026-02-15 01:53:46,WIN-032,office.com,A
D000605,2026-04-25 13:32:15,WIN-001,cloudflare.com,CNAME
D000606,2026-04-24 14:39:27,WIN-006,internal.corp,CNAME
D000607,2026-04-06 22:42:29,WIN-029,github.com,CNAME
D000608,2026-03-25 08:57:44,WIN-036,cloudflare.com,AAAA
D000609,2026-04-24 04:41:24,WIN-013,google.com,A
D000610,2026-05-13 06:39:42,WIN-036,cloudflare.com,A
D000611,2026-01-25 11:41:15,WIN-010,microsoft.com,A
D000612,2026-01-22 13:10:51,WIN-036,amazonaws.com,AAAA
D000613,2026-02-27 22:12:02,WIN-010,office.com,AAAA
D000614,2026-05-07 15:27:00,WIN-039,internal.corp,AAAA
D000615,2026-05-30 11:26:23,WIN-040,office.com,A
D000616,2026-06-27 00:50:05,WIN-027,cloudflare.com,AAAA
D000617,2026-01-31 13:39:32,WIN-007,cloudflare.com,CNAME
D000618,2026-01-15 20:13:35,WIN-025,internal.corp,CNAME
D000619,2026-06-12 05:47:17,WIN-034,internal.corp,A
D000620,2026-01-28 17:18:47,WIN-017,microsoft.com,A
D000621,2026-02-03 15:39:03,WIN-026,amazonaws.com,A
D000622,2026-01-06 11:06:28,WIN-027,google.com,CNAME
D000623,2026-05-15 05:52:54,WIN-019,github.com,CNAME
D000624,2026-01-17 21:25:48,WIN-004,microsoft.com,A
D000625,2026-05-20 10:42:37,WIN-005,microsoft.com,A
D000626,2026-03-08 10:44:07,WIN-030,amazonaws.com,AAAA
D000627,2026-04-14 23:14:22,WIN-032,google.com,CNAME
D000628,2026-03-11 07:42:04,WIN-001,google.com,CNAME
D000629,2026-03-26 03:59:41,WIN-006,google.com,CNAME
D000630,2026-04-10 11:48:25,WIN-038,cloudflare.com,A
D000631,2026-05-15 02:55:56,WIN-018,amazonaws.com,A
D000632,2026-03-16 18:44:34,WIN-006,microsoft.com,A
D000633,2026-02-11 21:37:50,WIN-034,microsoft.com,AAAA
D000634,2026-02-25 04:01:04,WIN-034,microsoft.com,A
D000635,2026-05-18 12:34:07,WIN-024,microsoft.com,AAAA
D000636,2026-03-30 15:14:27,WIN-012,internal.corp,AAAA
D000637,2026-01-24 01:32:53,WIN-040,amazonaws.com,A
D000638,2026-02-22 02:47:13,WIN-039,microsoft.com,A
D000639,2026-04-15 10:24:12,WIN-006,office.com,CNAME
D000640,2026-04-28 04:05:44,WIN-002,cloudflare.com,A
D000641,2026-05-20 06:50:47,WIN-007,office.com,A
D000642,2026-06-19 22:14:16,WIN-003,google.com,AAAA
D000643,2026-03-29 09:35:43,WIN-008,office.com,A
D000644,2026-06-02 18:28:05,WIN-032,amazonaws.com,AAAA
D000645,2026-06-16 17:28:38,WIN-039,microsoft.com,AAAA
D000646,2026-04-25 13:59:51,WIN-026,cloudflare.com,AAAA
D000647,2026-04-01 04:33:48,WIN-019,google.com,CNAME
D000648,2026-03-02 19:26:17,WIN-035,google.com,CNAME
D000649,2026-03-14 10:39:47,WIN-021,microsoft.com,AAAA
D000650,2026-04-22 13:57:30,WIN-012,amazonaws.com,AAAA
D000651,2026-01-04 20:59:49,WIN-001,amazonaws.com,A
D000652,2026-06-04 13:13:57,WIN-026,cloudflare.com,A
D000653,2026-02-20 06:27:43,WIN-029,amazonaws.com,AAAA
D000654,2026-02-16 06:28:43,WIN-003,github.com,AAAA
D000655,2026-04-14 08:21:09,WIN-023,office.com,CNAME
D000656,2026-05-21 22:50:32,WIN-002,internal.corp,AAAA
D000657,2026-04-17 00:13:22,WIN-023,cloudflare.com,A
D000658,2026-05-03 20:05:28,WIN-022,office.com,A
D000659,2026-03-16 17:16:07,WIN-011,google.com,CNAME
D000660,2026-02-16 20:14:40,WIN-018,github.com,CNAME
D000661,2026-02-15 20:33:13,WIN-019,amazonaws.com,AAAA
D000662,2026-05-08 19:49:37,WIN-024,microsoft.com,A
D000663,2026-04-21 02:38:20,WIN-018,office.com,AAAA
D000664,2026-04-28 16:05:32,WIN-034,office.com,A
D000665,2026-01-27 11:30:08,WIN-021,amazonaws.com,AAAA
D000666,2026-02-09 03:05:25,WIN-032,microsoft.com,A
D000667,2026-03-26 06:14:47,WIN-007,github.com,A
D000668,2026-03-02 06:44:50,WIN-031,amazonaws.com,A
D000669,2026-06-30 14:46:30,WIN-027,amazonaws.com,CNAME
D000670,2026-05-07 05:46:10,WIN-001,microsoft.com,A
D000671,2026-05-02 00:45:10,WIN-036,amazonaws.com,A
D000672,2026-01-03 09:41:33,WIN-026,office.com,CNAME
D000673,2026-03-08 12:50:16,WIN-008,amazonaws.com,AAAA
D000674,2026-04-04 16:33:18,WIN-023,github.com,AAAA
D000675,2026-03-09 10:50:35,WIN-038,google.com,A
D000676,2026-06-11 20:16:17,WIN-032,cloudflare.com,CNAME
D000677,2026-06-20 20:42:54,WIN-001,microsoft.com,A
D000678,2026-02-01 03:59:19,WIN-021,google.com,A
D000679,2026-02-15 20:53:18,WIN-036,microsoft.com,CNAME
D000680,2026-06-17 10:20:38,WIN-040,microsoft.com,A
D000681,2026-05-23 11:02:46,WIN-009,amazonaws.com,CNAME
D000682,2026-06-30 03:41:00,WIN-004,google.com,CNAME
D000683,2026-03-11 03:52:38,WIN-014,google.com,AAAA
D000684,2026-04-16 12:10:31,WIN-001,office.com,CNAME
D000685,2026-03-07 04:00:53,WIN-006,microsoft.com,CNAME
D000686,2026-06-27 08:58:49,WIN-024,github.com,AAAA
D000687,2026-01-24 11:25:19,WIN-011,github.com,AAAA
D000688,2026-03-29 10:42:09,WIN-034,cloudflare.com,AAAA
D000689,2026-01-25 13:29:43,WIN-029,internal.corp,CNAME
D000690,2026-05-06 02:19:40,WIN-039,github.com,A
D000691,2026-03-10 10:07:37,WIN-025,office.com,A
D000692,2026-02-04 14:05:10,WIN-032,microsoft.com,A
D000693,2026-04-12 12:16:11,WIN-011,cloudflare.com,CNAME
D000694,2026-04-16 06:26:46,WIN-036,office.com,A
D000695,2026-06-20 10:11:35,WIN-034,office.com,AAAA
D000696,2026-02-01 06:55:18,WIN-018,github.com,CNAME
D000697,2026-03-10 12:41:15,WIN-014,office.com,CNAME
D000698,2026-01-03 06:07:28,WIN-034,office.com,A
D000699,2026-01-09 22:46:59,WIN-023,microsoft.com,A
D000700,2026-05-22 18:17:42,WIN-016,internal.corp,CNAME
D000701,2026-01-26 19:40:27,WIN-023,internal.corp,A
D000702,2026-01-23 09:07:54,WIN-036,office.com,A
D000703,2026-06-05 20:19:15,WIN-006,internal.corp,A
D000704,2026-05-24 00:04:23,WIN-008,microsoft.com,AAAA
D000705,2026-04-30 12:22:07,WIN-036,internal.corp,AAAA
D000706,2026-01-03 15:55:51,WIN-035,microsoft.com,A
D000707,2026-01-25 22:10:33,WIN-019,internal.corp,AAAA
D000708,2026-04-16 23:43:45,WIN-029,amazonaws.com,A
D000709,2026-04-29 10:57:41,WIN-001,google.com,AAAA
D000710,2026-03-02 12:23:21,WIN-006,google.com,AAAA
D000711,2026-03-25 02:26:13,WIN-032,office.com,A
D000712,2026-04-23 12:36:44,WIN-038,internal.corp,A
D000713,2026-04-07 07:19:42,WIN-016,github.com,CNAME
D000714,2026-05-15 22:58:36,WIN-025,internal.corp,CNAME
D000715,2026-05-26 05:15:46,WIN-021,microsoft.com,AAAA
D000716,2026-06-20 15:10:30,WIN-031,internal.corp,AAAA
D000717,2026-02-17 11:25:47,WIN-004,google.com,A
D000718,2026-03-10 17:29:11,WIN-016,github.com,CNAME
D000719,2026-01-27 18:56:03,WIN-016,google.com,A
D000720,2026-01-01 23:14:18,WIN-024,amazonaws.com,AAAA
D000721,2026-06-23 07:15:37,WIN-030,office.com,CNAME
D000722,2026-05-24 12:30:20,WIN-011,amazonaws.com,CNAME
D000723,2026-01-18 06:08:32,WIN-022,amazonaws.com,AAAA
D000724,2026-05-26 20:14:55,WIN-020,github.com,AAAA
D000725,2026-05-06 23:44:00,WIN-029,amazonaws.com,A
D000726,2026-02-10 23:27:14,WIN-001,office.com,AAAA
D000727,2026-02-08 05:38:43,WIN-002,office.com,CNAME
D000728,2026-02-21 13:21:31,WIN-013,microsoft.com,A
D000729,2026-03-07 04:31:14,WIN-036,cloudflare.com,CNAME
D000730,2026-01-01 21:03:02,WIN-028,github.com,AAAA
D000731,2026-04-20 03:15:24,WIN-039,internal.corp,CNAME
D000732,2026-05-04 09:48:48,WIN-021,office.com,A
D000733,2026-05-29 19:04:02,WIN-020,cloudflare.com,A
D000734,2026-02-13 03:39:52,WIN-035,cloudflare.com,CNAME
D000735,2026-06-18 03:53:18,WIN-008,google.com,CNAME
D000736,2026-03-25 21:23:39,WIN-003,office.com,CNAME
D000737,2026-06-12 10:02:57,WIN-030,github.com,CNAME
D000738,2026-02-11 07:37:42,WIN-032,amazonaws.com,A
D000739,2026-04-04 23:07:46,WIN-009,microsoft.com,CNAME
D000740,2026-03-15 00:43:49,WIN-030,google.com,AAAA
D000741,2026-01-18 07:57:55,WIN-028,internal.corp,CNAME
D000742,2026-01-23 00:19:42,WIN-027,amazonaws.com,AAAA
D000743,2026-06-17 23:23:40,WIN-003,google.com,AAAA
D000744,2026-02-14 06:54:05,WIN-009,internal.corp,AAAA
D000745,2026-03-17 02:15:04,WIN-014,amazonaws.com,AAAA
D000746,2026-01-10 14:04:38,WIN-015,microsoft.com,CNAME
D000747,2026-06-24 22:47:34,WIN-020,cloudflare.com,AAAA
D000748,2026-01-25 23:36:56,WIN-005,internal.corp,CNAME
D000749,2026-02-07 00:10:21,WIN-003,internal.corp,CNAME
D000750,2026-02-15 18:45:46,WIN-038,google.com,CNAME
D000751,2026-04-22 17:54:13,WIN-019,microsoft.com,A
D000752,2026-06-20 13:44:07,WIN-011,microsoft.com,AAAA
D000753,2026-04-11 23:53:37,WIN-007,google.com,A
D000754,2026-05-16 09:59:45,WIN-006,amazonaws.com,AAAA
D000755,2026-02-09 06:09:55,WIN-014,amazonaws.com,A
D000756,2026-03-03 15:27:25,WIN-034,office.com,CNAME
D000757,2026-05-26 04:22:59,WIN-002,microsoft.com,CNAME
D000758,2026-03-14 05:15:32,WIN-023,office.com,AAAA
D000759,2026-05-16 04:10:18,WIN-022,google.com,AAAA
D000760,2026-06-26 04:46:05,WIN-024,github.com,AAAA
D000761,2026-03-26 04:09:14,WIN-012,cloudflare.com,AAAA
D000762,2026-05-11 05:31:10,WIN-015,github.com,A
D000763,2026-05-11 09:45:51,WIN-009,github.com,A
D000764,2026-02-15 19:27:43,WIN-032,amazonaws.com,A
D000765,2026-05-08 02:39:21,WIN-031,github.com,CNAME
D000766,2026-05-07 15:26:07,WIN-015,github.com,A
D000767,2026-06-19 05:28:22,WIN-019,github.com,A
D000768,2026-02-09 12:32:35,WIN-040,google.com,A
D000769,2026-04-11 20:53:37,WIN-004,amazonaws.com,AAAA
D000770,2026-06-24 08:46:56,WIN-031,google.com,AAAA
D000771,2026-03-10 18:16:18,WIN-010,internal.corp,AAAA
D000772,2026-05-16 23:18:00,WIN-016,cloudflare.com,A
D000773,2026-05-12 08:53:19,WIN-016,amazonaws.com,AAAA
D000774,2026-06-07 18:50:38,WIN-033,internal.corp,CNAME
D000775,2026-02-02 09:18:53,WIN-004,microsoft.com,AAAA
D000776,2026-01-06 09:44:05,WIN-030,office.com,A
D000777,2026-01-29 00:25:33,WIN-015,google.com,A
D000778,2026-06-05 19:21:54,WIN-038,internal.corp,AAAA
D000779,2026-06-12 09:24:31,WIN-034,internal.corp,CNAME
D000780,2026-03-22 09:30:57,WIN-012,office.com,CNAME
D000781,2026-05-05 08:12:47,WIN-005,amazonaws.com,AAAA
D000782,2026-02-14 10:32:08,WIN-015,microsoft.com,AAAA
D000783,2026-04-30 22:01:16,WIN-005,internal.corp,A
D000784,2026-02-17 18:53:58,WIN-034,google.com,A
D000785,2026-01-10 14:44:28,WIN-030,cloudflare.com,AAAA
D000786,2026-06-06 05:07:57,WIN-023,github.com,A
D000787,2026-04-21 00:58:46,WIN-021,github.com,AAAA
D000788,2026-03-31 18:36:03,WIN-012,cloudflare.com,A
D000789,2026-05-01 12:53:12,WIN-039,internal.corp,A
D000790,2026-01-22 18:23:21,WIN-017,github.com,A
D000791,2026-06-13 14:48:16,WIN-009,microsoft.com,A
D000792,2026-04-02 12:26:01,WIN-039,github.com,A
D000793,2026-04-17 01:06:47,WIN-033,office.com,A
D000794,2026-02-25 21:31:22,WIN-007,github.com,A
D000795,2026-03-23 04:52:57,WIN-018,cloudflare.com,AAAA
D000796,2026-06-21 08:54:31,WIN-015,office.com,A
D000797,2026-03-03 12:29:23,WIN-005,microsoft.com,CNAME
D000798,2026-02-19 23:45:50,WIN-020,github.com,CNAME
D000799,2026-06-13 06:36:08,WIN-002,internal.corp,CNAME
D000800,2026-02-24 13:47:10,WIN-010,office.com,AAAA
D000801,2026-04-17 12:07:08,WIN-004,amazonaws.com,AAAA
D000802,2026-05-14 08:51:38,WIN-020,microsoft.com,CNAME
D000803,2026-02-05 10:59:38,WIN-024,amazonaws.com,A
D000804,2026-06-11 17:26:04,WIN-020,office.com,A
D000805,2026-03-28 02:14:55,WIN-005,github.com,CNAME
D000806,2026-03-24 01:34:24,WIN-026,office.com,A
D000807,2026-06-17 06:34:08,WIN-011,microsoft.com,AAAA
D000808,2026-03-02 07:33:33,WIN-009,github.com,CNAME
D000809,2026-06-11 03:42:26,WIN-002,github.com,CNAME
D000810,2026-01-18 16:10:54,WIN-014,google.com,CNAME
D000811,2026-02-20 19:26:56,WIN-026,google.com,AAAA
D000812,2026-02-11 14:06:53,WIN-001,github.com,A
D000813,2026-05-18 07:13:47,WIN-023,office.com,CNAME
D000814,2026-06-08 01:35:31,WIN-027,github.com,A
D000815,2026-06-13 07:21:43,WIN-022,microsoft.com,AAAA
D000816,2026-05-03 20:54:40,WIN-007,microsoft.com,AAAA
D000817,2026-03-12 03:23:39,WIN-006,internal.corp,A
D000818,2026-01-31 09:18:18,WIN-023,github.com,AAAA
D000819,2026-01-20 02:30:50,WIN-035,cloudflare.com,A
D000820,2026-03-27 04:32:40,WIN-016,cloudflare.com,A
D000821,2026-04-08 01:28:12,WIN-005,github.com,AAAA
D000822,2026-06-18 13:54:29,WIN-016,microsoft.com,CNAME
D000823,2026-04-25 22:51:59,WIN-004,github.com,AAAA
D000824,2026-01-23 08:11:57,WIN-007,amazonaws.com,AAAA
D000825,2026-03-09 22:03:14,WIN-033,office.com,A
D000826,2026-06-06 04:40:14,WIN-035,internal.corp,CNAME
D000827,2026-01-02 03:14:14,WIN-030,office.com,AAAA
D000828,2026-02-20 04:53:36,WIN-006,amazonaws.com,AAAA
D000829,2026-01-02 19:07:53,WIN-003,microsoft.com,CNAME
D000830,2026-04-15 16:05:50,WIN-004,cloudflare.com,AAAA
D000831,2026-03-13 23:43:28,WIN-010,office.com,AAAA
D000832,2026-01-13 04:08:11,WIN-033,amazonaws.com,A
D000833,2026-01-25 03:35:51,WIN-028,office.com,AAAA
D000834,2026-05-09 03:00:07,WIN-006,github.com,AAAA
D000835,2026-03-18 01:04:30,WIN-006,github.com,A
D000836,2026-06-18 15:53:25,WIN-025,github.com,AAAA
D000837,2026-06-10 01:55:31,WIN-032,github.com,A
D000838,2026-03-04 16:13:11,WIN-031,microsoft.com,AAAA
D000839,2026-01-31 09:36:40,WIN-025,microsoft.com,A
D000840,2026-02-22 04:12:14,WIN-033,internal.corp,CNAME
D000841,2026-03-22 18:50:38,WIN-018,github.com,AAAA
D000842,2026-01-15 18:56:11,WIN-015,cloudflare.com,CNAME
D000843,2026-01-04 14:30:33,WIN-032,cloudflare.com,AAAA
D000844,2026-05-15 18:02:31,WIN-019,google.com,A
D000845,2026-05-27 16:17:05,WIN-001,office.com,A
D000846,2026-02-09 07:19:37,WIN-034,internal.corp,A
D000847,2026-03-09 14:57:46,WIN-025,office.com,A
D000848,2026-02-09 13:27:22,WIN-022,cloudflare.com,AAAA
D000849,2026-01-19 08:14:11,WIN-038,internal.corp,A
D000850,2026-03-07 14:53:13,WIN-008,google.com,CNAME
D000851,2026-05-16 19:23:41,WIN-030,microsoft.com,CNAME
D000852,2026-05-27 14:24:21,WIN-027,office.com,A
D000853,2026-05-17 08:14:58,WIN-008,office.com,A
D000854,2026-04-01 18:21:54,WIN-025,cloudflare.com,A
D000855,2026-04-06 11:45:36,WIN-016,microsoft.com,AAAA
D000856,2026-03-18 10:47:15,WIN-026,cloudflare.com,AAAA
D000857,2026-03-07 17:11:53,WIN-024,google.com,A
D000858,2026-04-08 12:06:50,WIN-035,google.com,A
D000859,2026-02-07 12:13:21,WIN-015,office.com,A
D000860,2026-03-25 05:31:15,WIN-018,github.com,CNAME
D000861,2026-05-21 04:26:42,WIN-002,github.com,CNAME
D000862,2026-04-28 04:10:02,WIN-011,internal.corp,AAAA
D000863,2026-03-03 17:03:52,WIN-013,microsoft.com,CNAME
D000864,2026-03-12 13:31:46,WIN-015,office.com,A
D000865,2026-02-10 19:51:30,WIN-010,microsoft.com,CNAME
D000866,2026-04-22 00:49:15,WIN-004,google.com,AAAA
D000867,2026-01-06 00:59:31,WIN-018,github.com,CNAME
D000868,2026-05-02 16:41:19,WIN-038,microsoft.com,AAAA
D000869,2026-04-03 10:22:17,WIN-021,github.com,A
D000870,2026-06-16 23:13:16,WIN-017,microsoft.com,AAAA
D000871,2026-02-22 14:04:49,WIN-003,google.com,CNAME
D000872,2026-03-18 23:34:07,WIN-012,office.com,AAAA
D000873,2026-03-16 21:12:05,WIN-026,microsoft.com,A
D000874,2026-01-02 13:02:01,WIN-029,github.com,A
D000875,2026-06-06 16:43:12,WIN-020,amazonaws.com,CNAME
D000876,2026-01-03 10:58:31,WIN-003,github.com,A
D000877,2026-01-13 20:07:25,WIN-004,github.com,A
D000878,2026-03-19 12:15:34,WIN-036,cloudflare.com,AAAA
D000879,2026-05-15 05:37:13,WIN-002,office.com,CNAME
D000880,2026-01-13 22:28:34,WIN-019,microsoft.com,CNAME
D000881,2026-01-20 01:45:08,WIN-005,internal.corp,A
D000882,2026-01-18 01:03:51,WIN-040,cloudflare.com,A
D000883,2026-05-29 10:04:54,WIN-036,microsoft.com,A
D000884,2026-03-05 18:02:39,WIN-013,github.com,AAAA
D000885,2026-04-29 21:15:09,WIN-019,amazonaws.com,AAAA
D000886,2026-04-14 10:09:30,WIN-001,office.com,CNAME
D000887,2026-01-14 08:47:04,WIN-013,office.com,CNAME
D000888,2026-01-22 14:29:53,WIN-024,google.com,CNAME
D000889,2026-03-24 12:38:13,WIN-034,office.com,CNAME
D000890,2026-01-29 11:15:47,WIN-033,office.com,A
D000891,2026-06-13 18:43:13,WIN-005,microsoft.com,AAAA
D000892,2026-03-25 22:28:14,WIN-032,internal.corp,A
D000893,2026-04-22 12:40:21,WIN-021,office.com,AAAA
D000894,2026-04-10 21:24:43,WIN-008,google.com,A
D000895,2026-02-18 12:05:38,WIN-007,google.com,AAAA
D000896,2026-04-13 04:49:00,WIN-010,github.com,AAAA
D000897,2026-03-14 21:27:37,WIN-033,amazonaws.com,CNAME
D000898,2026-05-27 00:10:51,WIN-023,internal.corp,A
D000899,2026-02-27 20:18:36,WIN-035,microsoft.com,CNAME
D000900,2026-02-19 10:20:51,WIN-006,office.com,A
D000901,2026-02-01 17:44:07,WIN-003,google.com,AAAA
D000902,2026-05-03 16:49:19,WIN-028,github.com,AAAA
D000903,2026-06-19 08:31:45,WIN-011,cloudflare.com,AAAA
D000904,2026-05-10 08:18:32,WIN-038,office.com,A
D000905,2026-04-09 03:45:00,WIN-025,cloudflare.com,A
D000906,2026-05-27 03:10:53,WIN-007,internal.corp,AAAA
D000907,2026-01-21 19:43:01,WIN-001,microsoft.com,AAAA
D000908,2026-05-04 12:55:27,WIN-038,google.com,AAAA
D000909,2026-01-10 03:21:11,WIN-002,amazonaws.com,CNAME
D000910,2026-05-27 16:49:41,WIN-040,internal.corp,A
D000911,2026-03-09 21:47:13,WIN-032,amazonaws.com,AAAA
D000912,2026-01-12 15:20:34,WIN-026,google.com,A
D000913,2026-03-07 10:04:14,WIN-016,cloudflare.com,AAAA
D000914,2026-01-07 19:28:06,WIN-016,internal.corp,A
D000915,2026-04-08 18:26:46,WIN-030,google.com,A
D000916,2026-03-24 21:10:24,WIN-015,google.com,AAAA
D000917,2026-06-12 21:58:45,WIN-001,amazonaws.com,A
D000918,2026-02-25 03:51:49,WIN-028,amazonaws.com,AAAA
D000919,2026-03-08 18:07:17,WIN-021,github.com,A
D000920,2026-06-16 04:49:00,WIN-033,microsoft.com,AAAA
D000921,2026-06-02 03:47:34,WIN-025,office.com,CNAME
D000922,2026-02-10 11:26:21,WIN-016,google.com,A
D000923,2026-06-26 22:04:11,WIN-031,microsoft.com,A
D000924,2026-02-11 15:29:01,WIN-006,amazonaws.com,CNAME
D000925,2026-01-25 07:46:59,WIN-029,amazonaws.com,CNAME
D000926,2026-01-08 11:10:34,WIN-024,microsoft.com,CNAME
D000927,2026-05-29 05:38:45,WIN-036,github.com,CNAME
D000928,2026-04-28 16:11:53,WIN-016,office.com,AAAA
D000929,2026-03-09 12:46:27,WIN-025,office.com,A
D000930,2026-05-09 02:50:23,WIN-004,office.com,A
D000931,2026-01-21 10:01:38,WIN-016,amazonaws.com,CNAME
D000932,2026-02-13 08:00:57,WIN-020,github.com,A
D000933,2026-05-08 09:13:33,WIN-032,github.com,CNAME
D000934,2026-03-27 09:56:19,WIN-039,google.com,CNAME
D000935,2026-04-26 11:59:19,WIN-036,amazonaws.com,A
D000936,2026-04-13 09:43:28,WIN-030,office.com,AAAA
D000937,2026-01-06 14:51:14,WIN-005,microsoft.com,CNAME
D000938,2026-03-21 13:40:36,WIN-012,office.com,A
D000939,2026-04-02 20:09:53,WIN-027,github.com,A
D000940,2026-05-30 07:21:45,WIN-018,amazonaws.com,CNAME
D000941,2026-04-21 07:36:15,WIN-013,office.com,A
D000942,2026-01-31 05:35:47,WIN-014,cloudflare.com,A
D000943,2026-02-23 18:27:31,WIN-024,github.com,A
D000944,2026-02-03 03:32:52,WIN-035,office.com,A
D000945,2026-02-12 13:01:57,WIN-035,internal.corp,AAAA
D000946,2026-04-27 12:00:09,WIN-029,cloudflare.com,AAAA
D000947,2026-05-20 06:24:13,WIN-040,office.com,CNAME
D000948,2026-02-06 08:08:11,WIN-017,cloudflare.com,A
D000949,2026-04-14 16:16:19,WIN-023,github.com,A
D000950,2026-06-17 09:49:52,WIN-002,office.com,CNAME
D000951,2026-06-19 13:46:42,WIN-026,internal.corp,AAAA
D000952,2026-06-05 23:41:05,WIN-006,amazonaws.com,AAAA
D000953,2026-04-08 06:39:59,WIN-025,google.com,CNAME
D000954,2026-06-27 02:54:09,WIN-017,amazonaws.com,A
D000955,2026-04-17 20:54:37,WIN-037,github.com,CNAME
D000956,2026-05-28 22:56:32,WIN-021,google.com,AAAA
D000957,2026-04-07 02:17:57,WIN-034,google.com,CNAME
D000958,2026-01-17 17:34:40,WIN-033,amazonaws.com,A
D000959,2026-02-09 09:48:37,WIN-040,internal.corp,A
D000960,2026-06-17 13:30:56,WIN-031,cloudflare.com,CNAME
D000961,2026-04-28 03:54:40,WIN-008,amazonaws.com,CNAME
D000962,2026-04-03 08:40:45,WIN-003,cloudflare.com,AAAA
D000963,2026-02-24 07:41:43,WIN-025,google.com,A
D000964,2026-02-18 16:40:43,WIN-028,cloudflare.com,CNAME
D000965,2026-04-04 16:41:09,WIN-038,office.com,CNAME
D000966,2026-02-17 22:33:00,WIN-005,amazonaws.com,AAAA
D000967,2026-03-25 01:39:22,WIN-036,internal.corp,CNAME
D000968,2026-05-13 11:06:51,WIN-011,github.com,A
D000969,2026-01-13 23:43:47,WIN-040,amazonaws.com,CNAME
D000970,2026-06-28 19:43:31,WIN-007,office.com,AAAA
D000971,2026-02-17 05:48:45,WIN-004,github.com,CNAME
D000972,2026-02-23 06:30:33,WIN-020,github.com,A
D000973,2026-03-24 14:30:51,WIN-033,cloudflare.com,AAAA
D000974,2026-03-02 20:09:51,WIN-028,github.com,AAAA
D000975,2026-05-08 07:25:15,WIN-014,microsoft.com,AAAA
D000976,2026-05-13 21:02:06,WIN-032,amazonaws.com,AAAA
D000977,2026-04-01 22:54:58,WIN-020,google.com,AAAA
D000978,2026-06-19 08:04:00,WIN-024,github.com,A
D000979,2026-04-05 04:19:46,WIN-010,office.com,A
D000980,2026-03-20 11:14:59,WIN-017,github.com,AAAA
D000981,2026-04-12 05:05:59,WIN-018,google.com,AAAA
D000982,2026-03-22 03:27:11,WIN-036,cloudflare.com,CNAME
D000983,2026-06-13 19:19:46,WIN-004,google.com,AAAA
D000984,2026-01-26 22:10:59,WIN-020,google.com,AAAA
D000985,2026-04-07 07:40:52,WIN-040,office.com,A
D000986,2026-03-04 12:12:55,WIN-022,amazonaws.com,CNAME
D000987,2026-02-16 03:02:20,WIN-028,github.com,A
D000988,2026-03-23 06:05:00,WIN-031,internal.corp,AAAA
D000989,2026-02-26 15:23:06,WIN-006,amazonaws.com,AAAA
D000990,2026-05-10 11:24:51,WIN-027,office.com,AAAA
D000991,2026-01-01 09:29:41,WIN-031,office.com,A
D000992,2026-01-27 01:04:48,WIN-035,google.com,CNAME
D000993,2026-06-03 01:29:11,WIN-028,amazonaws.com,CNAME
D000994,2026-04-20 04:05:46,WIN-034,github.com,A
D000995,2026-04-20 07:07:10,WIN-005,microsoft.com,AAAA
D000996,2026-04-07 11:56:05,WIN-022,office.com,CNAME
D000997,2026-03-12 01:08:28,WIN-040,office.com,CNAME
D000998,2026-06-06 15:24:50,WIN-012,cloudflare.com,CNAME
D000999,2026-02-08 10:42:09,WIN-034,cloudflare.com,A
D001000,2026-05-29 12:44:05,WIN-039,cloudflare.com,CNAME
D001001,2026-02-04 03:00:49,WIN-018,google.com,CNAME
D001002,2026-01-07 01:45:15,WIN-002,internal.corp,A
D001003,2026-06-10 09:07:23,WIN-013,github.com,AAAA
D001004,2026-05-16 09:50:00,WIN-026,google.com,A
D001005,2026-05-14 02:12:14,WIN-011,github.com,CNAME
D001006,2026-01-03 14:08:00,WIN-014,github.com,CNAME
D001007,2026-01-16 10:05:07,WIN-025,internal.corp,CNAME
D001008,2026-02-12 00:43:35,WIN-011,github.com,AAAA
D001009,2026-02-08 11:30:01,WIN-001,github.com,CNAME
D001010,2026-04-24 22:46:56,WIN-007,cloudflare.com,A
D001011,2026-02-22 01:24:33,WIN-004,internal.corp,AAAA
D001012,2026-01-27 04:07:11,WIN-018,github.com,A
D001013,2026-06-28 20:06:49,WIN-035,amazonaws.com,CNAME
D001014,2026-02-22 05:03:50,WIN-026,office.com,CNAME
D001015,2026-04-02 07:26:40,WIN-023,internal.corp,A
D001016,2026-03-02 00:53:03,WIN-003,amazonaws.com,CNAME
D001017,2026-01-27 21:12:33,WIN-031,cloudflare.com,CNAME
D001018,2026-02-20 16:24:26,WIN-021,google.com,A
D001019,2026-06-30 10:51:15,WIN-033,internal.corp,AAAA
D001020,2026-06-16 20:06:43,WIN-015,google.com,CNAME
D001021,2026-03-26 21:32:15,WIN-009,github.com,CNAME
D001022,2026-02-15 09:58:02,WIN-038,internal.corp,A
D001023,2026-05-10 00:49:08,WIN-007,google.com,AAAA
D001024,2026-02-06 07:00:03,WIN-039,amazonaws.com,CNAME
D001025,2026-01-08 10:08:11,WIN-015,amazonaws.com,AAAA
D001026,2026-06-30 13:25:42,WIN-018,microsoft.com,CNAME
D001027,2026-06-26 03:34:13,WIN-026,microsoft.com,CNAME
D001028,2026-02-03 16:38:25,WIN-023,amazonaws.com,AAAA
D001029,2026-06-10 15:37:17,WIN-040,github.com,CNAME
D001030,2026-02-18 10:01:44,WIN-039,cloudflare.com,A
D001031,2026-01-08 23:59:21,WIN-024,cloudflare.com,A
D001032,2026-03-17 23:26:09,WIN-026,cloudflare.com,CNAME
D001033,2026-05-21 02:07:26,WIN-003,google.com,A
D001034,2026-04-22 07:46:47,WIN-021,cloudflare.com,A
D001035,2026-06-06 15:05:32,WIN-006,amazonaws.com,AAAA
D001036,2026-02-23 02:59:43,WIN-017,office.com,CNAME
D001037,2026-01-09 01:36:07,WIN-030,office.com,CNAME
D001038,2026-04-11 02:48:53,WIN-039,amazonaws.com,CNAME
D001039,2026-01-14 10:54:51,WIN-027,microsoft.com,CNAME
D001040,2026-05-10 05:29:00,WIN-018,office.com,CNAME
D001041,2026-03-19 09:08:43,WIN-020,cloudflare.com,AAAA
D001042,2026-04-25 01:07:35,WIN-011,amazonaws.com,A
D001043,2026-03-22 00:56:11,WIN-011,amazonaws.com,A
D001044,2026-05-10 23:22:29,WIN-006,microsoft.com,AAAA
D001045,2026-04-11 22:37:45,WIN-014,github.com,AAAA
D001046,2026-03-29 11:47:14,WIN-020,office.com,A
D001047,2026-06-20 00:02:53,WIN-004,microsoft.com,A
D001048,2026-05-27 17:32:19,WIN-005,cloudflare.com,AAAA
D001049,2026-06-30 04:41:03,WIN-035,github.com,AAAA
D001050,2026-03-23 06:56:00,WIN-022,google.com,A
D001051,2026-01-17 00:31:42,WIN-008,github.com,AAAA
D001052,2026-04-19 08:35:01,WIN-014,google.com,AAAA
D001053,2026-01-09 06:57:09,WIN-019,github.com,CNAME
D001054,2026-02-11 21:28:18,WIN-034,cloudflare.com,AAAA
D001055,2026-05-14 08:56:32,WIN-015,cloudflare.com,CNAME
D001056,2026-06-09 00:43:46,WIN-019,office.com,AAAA
D001057,2026-05-30 22:39:59,WIN-018,amazonaws.com,A
D001058,2026-01-31 01:18:19,WIN-038,cloudflare.com,AAAA
D001059,2026-05-30 14:55:08,WIN-025,amazonaws.com,CNAME
D001060,2026-02-05 13:29:57,WIN-022,microsoft.com,A
D001061,2026-05-22 19:50:58,WIN-035,github.com,A
D001062,2026-01-04 00:58:54,WIN-001,amazonaws.com,CNAME
D001063,2026-05-26 02:17:04,WIN-013,google.com,CNAME
D001064,2026-03-08 08:03:25,WIN-015,cloudflare.com,CNAME
D001065,2026-05-05 16:03:05,WIN-040,office.com,CNAME
D001066,2026-05-30 19:26:47,WIN-033,google.com,CNAME
D001067,2026-01-15 14:16:44,WIN-015,office.com,CNAME
D001068,2026-04-12 22:05:41,WIN-003,cloudflare.com,CNAME
D001069,2026-04-13 13:56:31,WIN-030,cloudflare.com,CNAME
D001070,2026-02-25 14:25:28,WIN-037,cloudflare.com,A
D001071,2026-03-15 21:42:37,WIN-034,cloudflare.com,CNAME
D001072,2026-03-23 15:04:55,WIN-031,github.com,A
D001073,2026-03-10 15:32:03,WIN-032,office.com,A
D001074,2026-03-29 06:51:31,WIN-021,github.com,A
D001075,2026-06-06 04:02:51,WIN-020,github.com,A
D001076,2026-04-25 02:17:38,WIN-036,github.com,A
D001077,2026-02-08 11:42:05,WIN-034,google.com,AAAA
D001078,2026-04-07 21:08:26,WIN-023,internal.corp,CNAME
D001079,2026-06-29 00:33:16,WIN-019,google.com,AAAA
D001080,2026-01-30 15:45:28,WIN-035,microsoft.com,A
D001081,2026-04-18 19:11:13,WIN-005,amazonaws.com,CNAME
D001082,2026-04-19 03:21:35,WIN-023,amazonaws.com,A
D001083,2026-06-16 06:21:57,WIN-036,office.com,AAAA
D001084,2026-01-14 01:25:00,WIN-005,microsoft.com,CNAME
D001085,2026-03-08 07:03:21,WIN-023,microsoft.com,CNAME
D001086,2026-06-15 18:48:00,WIN-002,internal.corp,A
D001087,2026-06-02 19:35:30,WIN-017,cloudflare.com,AAAA
D001088,2026-02-12 13:15:14,WIN-015,github.com,CNAME
D001089,2026-05-26 23:56:26,WIN-034,amazonaws.com,A
D001090,2026-04-30 11:42:15,WIN-040,github.com,A
D001091,2026-06-24 01:04:29,WIN-025,microsoft.com,A
D001092,2026-03-13 14:21:31,WIN-012,github.com,A
D001093,2026-05-16 10:09:35,WIN-017,internal.corp,A
D001094,2026-03-09 23:52:37,WIN-012,microsoft.com,A
D001095,2026-04-14 03:27:39,WIN-008,google.com,AAAA
D001096,2026-04-10 02:48:59,WIN-008,amazonaws.com,AAAA
D001097,2026-01-07 01:16:51,WIN-006,google.com,CNAME
D001098,2026-01-03 10:21:25,WIN-034,office.com,AAAA
D001099,2026-05-22 11:50:53,WIN-005,microsoft.com,AAAA
D001100,2026-04-04 18:16:36,WIN-027,office.com,AAAA
D001101,2026-06-05 22:18:46,WIN-019,cloudflare.com,CNAME
D001102,2026-05-09 09:10:20,WIN-040,microsoft.com,A
D001103,2026-03-16 19:08:53,WIN-026,google.com,CNAME
D001104,2026-06-24 05:51:27,WIN-005,github.com,AAAA
D001105,2026-05-16 21:31:37,WIN-033,cloudflare.com,A
D001106,2026-02-18 15:36:46,WIN-040,github.com,A
D001107,2026-02-05 23:08:57,WIN-021,amazonaws.com,AAAA
D001108,2026-02-13 13:42:19,WIN-016,google.com,CNAME
D001109,2026-05-25 16:40:53,WIN-039,internal.corp,A
D001110,2026-06-27 00:38:46,WIN-007,amazonaws.com,A
D001111,2026-03-26 18:53:15,WIN-024,github.com,CNAME
D001112,2026-03-24 06:05:43,WIN-004,cloudflare.com,A
D001113,2026-04-25 17:36:57,WIN-016,microsoft.com,AAAA
D001114,2026-02-28 23:13:49,WIN-011,internal.corp,AAAA
D001115,2026-04-27 14:09:54,WIN-022,office.com,AAAA
D001116,2026-02-19 19:19:37,WIN-004,github.com,CNAME
D001117,2026-03-11 14:02:26,WIN-009,cloudflare.com,A
D001118,2026-02-10 19:52:33,WIN-024,microsoft.com,A
D001119,2026-02-28 23:57:57,WIN-029,google.com,CNAME
D001120,2026-01-04 01:15:10,WIN-039,cloudflare.com,A
D001121,2026-04-11 00:38:43,WIN-016,microsoft.com,AAAA
D001122,2026-05-30 09:29:46,WIN-003,google.com,AAAA
D001123,2026-06-22 04:24:33,WIN-004,microsoft.com,CNAME
D001124,2026-06-03 23:10:06,WIN-009,google.com,A
D001125,2026-01-31 15:20:56,WIN-015,internal.corp,CNAME
D001126,2026-05-12 13:55:25,WIN-003,google.com,AAAA
D001127,2026-06-19 14:52:12,WIN-011,amazonaws.com,CNAME
D001128,2026-01-19 07:19:25,WIN-013,internal.corp,CNAME
D001129,2026-01-07 15:52:49,WIN-031,google.com,A
D001130,2026-01-13 06:12:55,WIN-019,internal.corp,AAAA
D001131,2026-05-07 21:14:11,WIN-027,office.com,A
D001132,2026-06-11 20:35:11,WIN-018,office.com,AAAA
D001133,2026-05-16 08:11:16,WIN-022,google.com,A
D001134,2026-03-08 01:16:03,WIN-040,internal.corp,A
D001135,2026-02-17 02:16:43,WIN-037,cloudflare.com,AAAA
D001136,2026-04-13 03:03:42,WIN-040,google.com,A
D001137,2026-06-30 00:42:09,WIN-013,microsoft.com,CNAME
D001138,2026-05-05 05:12:37,WIN-025,office.com,AAAA
D001139,2026-02-22 22:28:36,WIN-038,internal.corp,AAAA
D001140,2026-06-28 18:13:55,WIN-035,cloudflare.com,AAAA
D001141,2026-03-13 00:38:22,WIN-012,cloudflare.com,CNAME
D001142,2026-03-13 05:58:13,WIN-040,office.com,AAAA
D001143,2026-02-05 06:03:00,WIN-038,office.com,A
D001144,2026-01-03 23:24:31,WIN-006,internal.corp,A
D001145,2026-03-27 15:05:08,WIN-022,github.com,CNAME
D001146,2026-02-12 08:27:26,WIN-001,microsoft.com,AAAA
D001147,2026-02-06 17:11:26,WIN-034,internal.corp,A
D001148,2026-04-18 08:01:31,WIN-027,google.com,A
D001149,2026-06-15 14:56:10,WIN-038,cloudflare.com,A
D001150,2026-06-20 03:46:30,WIN-009,cloudflare.com,CNAME
D001151,2026-06-15 21:58:28,WIN-022,github.com,AAAA
D001152,2026-06-08 13:18:03,WIN-031,github.com,A
D001153,2026-02-04 10:56:49,WIN-020,office.com,AAAA
D001154,2026-06-12 08:58:57,WIN-024,amazonaws.com,A
D001155,2026-04-29 08:26:40,WIN-040,internal.corp,CNAME
D001156,2026-03-17 01:57:50,WIN-023,github.com,CNAME
D001157,2026-04-18 23:26:57,WIN-006,github.com,A
D001158,2026-02-11 16:22:46,WIN-006,amazonaws.com,A
D001159,2026-06-05 03:53:37,WIN-034,cloudflare.com,CNAME
D001160,2026-06-08 17:48:19,WIN-037,microsoft.com,AAAA
D001161,2026-02-14 08:15:31,WIN-002,internal.corp,AAAA
D001162,2026-02-26 22:10:29,WIN-037,google.com,AAAA
D001163,2026-06-25 23:59:07,WIN-004,amazonaws.com,A
D001164,2026-05-25 04:05:09,WIN-007,cloudflare.com,AAAA
D001165,2026-05-13 21:37:38,WIN-004,office.com,AAAA
D001166,2026-03-18 15:17:05,WIN-013,cloudflare.com,CNAME
D001167,2026-04-22 00:30:21,WIN-019,internal.corp,AAAA
D001168,2026-03-06 14:14:19,WIN-026,amazonaws.com,A
D001169,2026-05-29 01:11:40,WIN-036,amazonaws.com,AAAA
D001170,2026-03-10 09:31:03,WIN-039,office.com,A
D001171,2026-04-17 01:57:10,WIN-019,microsoft.com,AAAA
D001172,2026-04-30 22:37:05,WIN-001,microsoft.com,AAAA
D001173,2026-03-17 14:15:45,WIN-015,github.com,AAAA
D001174,2026-01-18 22:48:11,WIN-037,office.com,CNAME
D001175,2026-03-11 15:53:07,WIN-009,office.com,A
D001176,2026-02-11 08:12:37,WIN-004,amazonaws.com,CNAME
D001177,2026-05-17 21:50:21,WIN-007,microsoft.com,A
D001178,2026-06-23 09:48:44,WIN-009,office.com,CNAME
D001179,2026-05-24 21:20:53,WIN-028,cloudflare.com,AAAA
D001180,2026-04-03 02:02:33,WIN-039,internal.corp,CNAME
D001181,2026-04-07 18:47:24,WIN-015,github.com,A
D001182,2026-04-23 02:30:11,WIN-028,microsoft.com,CNAME
D001183,2026-04-18 14:32:55,WIN-003,cloudflare.com,CNAME
D001184,2026-05-22 13:36:38,WIN-021,internal.corp,CNAME
D001185,2026-06-01 22:02:19,WIN-027,microsoft.com,A
D001186,2026-02-21 23:26:06,WIN-014,office.com,CNAME
D001187,2026-03-15 19:32:38,WIN-032,google.com,AAAA
D001188,2026-04-16 23:48:55,WIN-005,internal.corp,AAAA
D001189,2026-06-12 06:51:24,WIN-029,microsoft.com,AAAA
D001190,2026-04-20 10:39:14,WIN-019,google.com,CNAME
D001191,2026-01-24 13:41:11,WIN-030,microsoft.com,AAAA
D001192,2026-01-17 18:55:56,WIN-017,microsoft.com,AAAA
D001193,2026-02-15 16:58:16,WIN-001,google.com,CNAME
D001194,2026-04-29 02:02:24,WIN-029,office.com,AAAA
D001195,2026-02-13 08:07:32,WIN-036,github.com,CNAME
D001196,2026-05-13 04:40:24,WIN-015,office.com,A
D001197,2026-03-22 04:21:03,WIN-031,internal.corp,AAAA
D001198,2026-01-26 22:43:32,WIN-004,amazonaws.com,AAAA
D001199,2026-06-06 00:28:44,WIN-012,office.com,CNAME
D001200,2026-02-26 16:56:13,WIN-017,microsoft.com,A
D001201,2026-06-20 18:21:11,WIN-012,github.com,CNAME
D001202,2026-02-20 00:52:50,WIN-033,google.com,AAAA
D001203,2026-04-19 23:02:13,WIN-039,cloudflare.com,AAAA
D001204,2026-01-18 00:13:52,WIN-032,microsoft.com,A
D001205,2026-03-11 07:16:43,WIN-029,office.com,CNAME
D001206,2026-05-06 23:30:19,WIN-022,office.com,A
D001207,2026-06-30 17:27:05,WIN-010,microsoft.com,CNAME
D001208,2026-03-30 13:42:21,WIN-035,internal.corp,AAAA
D001209,2026-03-02 17:01:02,WIN-022,github.com,A
D001210,2026-01-16 00:06:29,WIN-014,amazonaws.com,CNAME
D001211,2026-03-20 22:11:27,WIN-025,github.com,A
D001212,2026-05-05 23:57:42,WIN-001,microsoft.com,CNAME
D001213,2026-03-08 10:49:03,WIN-027,amazonaws.com,AAAA
D001214,2026-01-07 10:37:53,WIN-034,microsoft.com,AAAA
D001215,2026-03-23 02:55:46,WIN-008,google.com,CNAME
D001216,2026-06-16 02:49:07,WIN-031,office.com,AAAA
D001217,2026-03-09 06:32:42,WIN-004,github.com,AAAA
D001218,2026-06-21 17:55:18,WIN-035,amazonaws.com,CNAME
D001219,2026-03-19 04:09:21,WIN-034,office.com,AAAA
D001220,2026-04-04 11:54:03,WIN-014,office.com,AAAA
D001221,2026-06-17 00:59:19,WIN-035,cloudflare.com,A
D001222,2026-06-08 17:10:17,WIN-023,amazonaws.com,AAAA
D001223,2026-03-19 10:43:22,WIN-037,github.com,CNAME
D001224,2026-05-04 14:48:45,WIN-008,microsoft.com,A
D001225,2026-05-16 20:27:18,WIN-033,microsoft.com,A
D001226,2026-02-14 15:16:17,WIN-023,office.com,CNAME
D001227,2026-06-04 05:10:04,WIN-008,cloudflare.com,AAAA
D001228,2026-03-31 06:13:21,WIN-014,internal.corp,A
D001229,2026-05-02 07:03:39,WIN-009,google.com,A
D001230,2026-03-30 15:52:49,WIN-010,microsoft.com,CNAME
D001231,2026-05-29 06:59:30,WIN-020,github.com,A
D001232,2026-06-10 13:32:25,WIN-015,google.com,CNAME
D001233,2026-06-06 17:30:56,WIN-014,office.com,AAAA
D001234,2026-03-16 04:23:33,WIN-035,google.com,A
D001235,2026-05-07 07:06:57,WIN-033,google.com,A
D001236,2026-04-25 07:10:30,WIN-035,google.com,AAAA
D001237,2026-01-04 22:45:20,WIN-018,office.com,A
D001238,2026-04-23 13:23:58,WIN-012,office.com,CNAME
D001239,2026-04-02 15:16:38,WIN-021,internal.corp,AAAA
D001240,2026-05-10 17:31:04,WIN-002,amazonaws.com,AAAA
D001241,2026-04-19 03:44:51,WIN-039,internal.corp,AAAA
D001242,2026-03-26 18:35:41,WIN-008,cloudflare.com,AAAA
D001243,2026-06-17 09:16:30,WIN-038,google.com,A
D001244,2026-02-09 04:23:06,WIN-024,google.com,AAAA
D001245,2026-03-15 02:30:04,WIN-004,amazonaws.com,A
D001246,2026-06-30 21:22:10,WIN-027,google.com,AAAA
D001247,2026-06-22 08:39:51,WIN-021,google.com,A
D001248,2026-05-23 15:27:11,WIN-012,cloudflare.com,CNAME
D001249,2026-04-16 08:21:32,WIN-013,github.com,A
D001250,2026-02-28 09:22:53,WIN-014,google.com,A
D001251,2026-05-27 19:25:21,WIN-009,office.com,A
D001252,2026-01-01 17:15:49,WIN-029,office.com,CNAME
D001253,2026-03-18 06:35:43,WIN-027,office.com,AAAA
D001254,2026-06-13 00:56:52,WIN-029,internal.corp,CNAME
D001255,2026-06-17 19:49:11,WIN-022,amazonaws.com,AAAA
D001256,2026-05-26 09:30:34,WIN-021,cloudflare.com,A
D001257,2026-02-03 22:28:13,WIN-022,github.com,CNAME
D001258,2026-01-21 07:48:47,WIN-024,office.com,AAAA
D001259,2026-02-01 12:16:18,WIN-014,office.com,A
D001260,2026-04-29 05:23:31,WIN-039,github.com,A
D001261,2026-03-25 01:17:59,WIN-012,cloudflare.com,CNAME
D001262,2026-05-08 02:51:22,WIN-022,microsoft.com,A
D001263,2026-02-01 15:19:29,WIN-040,google.com,AAAA
D001264,2026-01-18 06:22:36,WIN-028,microsoft.com,AAAA
D001265,2026-06-12 23:15:17,WIN-011,office.com,A
D001266,2026-02-26 07:39:52,WIN-013,microsoft.com,AAAA
D001267,2026-06-23 05:06:57,WIN-011,cloudflare.com,A
D001268,2026-03-30 16:39:41,WIN-018,google.com,AAAA
D001269,2026-06-03 14:49:05,WIN-020,google.com,AAAA
D001270,2026-04-08 01:58:29,WIN-017,office.com,AAAA
D001271,2026-03-24 22:18:11,WIN-034,google.com,AAAA
D001272,2026-03-28 12:56:08,WIN-006,amazonaws.com,AAAA
D001273,2026-02-11 19:23:29,WIN-008,github.com,A
D001274,2026-02-28 02:02:03,WIN-021,cloudflare.com,AAAA
D001275,2026-06-30 08:57:40,WIN-006,internal.corp,CNAME
D001276,2026-05-18 04:09:20,WIN-036,google.com,CNAME
D001277,2026-06-13 04:49:52,WIN-005,internal.corp,A
D001278,2026-03-29 10:41:30,WIN-024,microsoft.com,CNAME
D001279,2026-06-15 18:21:29,WIN-016,amazonaws.com,CNAME
D001280,2026-02-24 01:09:54,WIN-022,amazonaws.com,CNAME
D001281,2026-05-08 06:10:50,WIN-018,google.com,AAAA
D001282,2026-06-06 10:12:20,WIN-013,cloudflare.com,CNAME
D001283,2026-01-19 15:43:34,WIN-036,github.com,AAAA
D001284,2026-02-24 12:05:34,WIN-035,office.com,A
D001285,2026-02-16 18:29:59,WIN-017,internal.corp,A
D001286,2026-03-01 00:24:12,WIN-025,internal.corp,CNAME
D001287,2026-04-19 03:32:28,WIN-016,internal.corp,A
D001288,2026-05-13 02:17:41,WIN-007,cloudflare.com,CNAME
D001289,2026-04-14 03:08:41,WIN-029,office.com,CNAME
D001290,2026-02-15 03:52:51,WIN-022,github.com,A
D001291,2026-02-20 19:13:36,WIN-010,amazonaws.com,AAAA
D001292,2026-06-21 17:25:15,WIN-008,github.com,AAAA
D001293,2026-06-20 23:42:25,WIN-030,github.com,CNAME
D001294,2026-04-07 02:48:27,WIN-010,google.com,A
D001295,2026-05-13 22:00:59,WIN-015,office.com,CNAME
D001296,2026-01-09 10:12:22,WIN-004,office.com,CNAME
D001297,2026-06-29 11:58:48,WIN-020,github.com,A
D001298,2026-01-09 18:18:28,WIN-033,office.com,A
D001299,2026-06-03 11:51:02,WIN-035,google.com,AAAA
D001300,2026-01-30 06:48:16,WIN-031,cloudflare.com,CNAME
D001301,2026-05-07 03:07:00,WIN-004,cloudflare.com,A
D001302,2026-04-30 21:34:32,WIN-017,google.com,CNAME
D001303,2026-04-11 03:37:18,WIN-001,amazonaws.com,A
D001304,2026-05-17 00:22:51,WIN-040,google.com,CNAME
D001305,2026-04-24 12:31:19,WIN-020,internal.corp,AAAA
D001306,2026-01-24 14:46:45,WIN-007,internal.corp,CNAME
D001307,2026-01-08 19:05:52,WIN-019,internal.corp,A
D001308,2026-06-19 05:02:06,WIN-021,internal.corp,AAAA
D001309,2026-01-05 07:13:03,WIN-009,cloudflare.com,AAAA
D001310,2026-05-27 01:30:29,WIN-008,amazonaws.com,A
D001311,2026-04-07 09:48:34,WIN-005,github.com,AAAA
D001312,2026-03-20 21:38:28,WIN-019,amazonaws.com,A
D001313,2026-04-27 13:30:45,WIN-016,amazonaws.com,A
D001314,2026-05-11 04:56:36,WIN-024,google.com,AAAA
D001315,2026-06-13 04:05:17,WIN-017,google.com,AAAA
D001316,2026-06-17 12:28:55,WIN-011,office.com,A
D001317,2026-01-27 16:25:14,WIN-003,cloudflare.com,CNAME
D001318,2026-05-05 09:16:49,WIN-008,google.com,AAAA
D001319,2026-04-14 16:15:41,WIN-034,microsoft.com,A
D001320,2026-04-14 13:12:33,WIN-015,microsoft.com,CNAME
D001321,2026-04-06 18:54:42,WIN-034,github.com,A
D001322,2026-05-01 04:39:08,WIN-003,github.com,AAAA
D001323,2026-03-10 23:24:45,WIN-021,cloudflare.com,A
D001324,2026-02-24 12:23:28,WIN-003,internal.corp,AAAA
D001325,2026-06-10 01:37:00,WIN-022,github.com,A
D001326,2026-04-10 10:56:43,WIN-004,cloudflare.com,CNAME
D001327,2026-06-01 07:38:00,WIN-013,google.com,AAAA
D001328,2026-02-15 03:32:47,WIN-008,google.com,A
D001329,2026-03-20 18:44:32,WIN-022,cloudflare.com,A
D001330,2026-05-02 06:06:17,WIN-019,amazonaws.com,A
D001331,2026-02-17 06:19:32,WIN-028,github.com,CNAME
D001332,2026-06-10 05:59:15,WIN-012,microsoft.com,A
D001333,2026-03-19 14:46:27,WIN-005,amazonaws.com,AAAA
D001334,2026-03-01 19:54:08,WIN-037,office.com,CNAME
D001335,2026-03-24 21:32:58,WIN-019,cloudflare.com,AAAA
D001336,2026-03-11 17:07:13,WIN-004,github.com,AAAA
D001337,2026-06-14 02:17:32,WIN-032,internal.corp,CNAME
D001338,2026-02-18 20:24:22,WIN-017,internal.corp,CNAME
D001339,2026-01-22 12:57:19,WIN-016,office.com,A
D001340,2026-05-29 22:59:19,WIN-022,office.com,AAAA
D001341,2026-06-30 11:42:26,WIN-015,internal.corp,A
D001342,2026-04-06 06:43:51,WIN-021,google.com,CNAME
D001343,2026-01-23 05:22:52,WIN-033,google.com,A
D001344,2026-06-20 02:37:38,WIN-039,cloudflare.com,A
D001345,2026-03-26 19:49:44,WIN-012,amazonaws.com,A
D001346,2026-04-08 07:29:10,WIN-016,google.com,CNAME
D001347,2026-03-04 13:37:48,WIN-027,internal.corp,AAAA
D001348,2026-03-01 06:34:23,WIN-006,office.com,A
D001349,2026-02-02 05:25:55,WIN-039,internal.corp,A
D001350,2026-01-19 06:28:15,WIN-029,cloudflare.com,CNAME
D001351,2026-06-15 06:14:56,WIN-021,google.com,A
D001352,2026-04-18 07:06:00,WIN-014,amazonaws.com,AAAA
D001353,2026-01-15 19:57:25,WIN-013,cloudflare.com,CNAME
D001354,2026-06-19 14:48:19,WIN-004,github.com,A
D001355,2026-03-27 22:32:29,WIN-002,amazonaws.com,A
D001356,2026-01-07 21:49:04,WIN-029,cloudflare.com,A
D001357,2026-01-21 04:42:14,WIN-028,google.com,AAAA
D001358,2026-03-28 17:50:28,WIN-010,cloudflare.com,CNAME
D001359,2026-06-02 05:58:46,WIN-038,microsoft.com,AAAA
D001360,2026-02-10 06:21:59,WIN-006,github.com,AAAA
D001361,2026-06-26 13:53:18,WIN-008,amazonaws.com,A
D001362,2026-02-02 18:58:01,WIN-021,google.com,CNAME
D001363,2026-06-15 06:22:51,WIN-027,internal.corp,AAAA
D001364,2026-02-06 09:56:05,WIN-022,github.com,A
D001365,2026-05-31 00:40:06,WIN-031,internal.corp,A
D001366,2026-03-03 17:22:27,WIN-022,office.com,AAAA
D001367,2026-03-21 11:03:46,WIN-023,internal.corp,AAAA
D001368,2026-02-13 16:30:28,WIN-007,amazonaws.com,A
D001369,2026-06-22 04:25:45,WIN-025,google.com,A
D001370,2026-03-19 11:02:16,WIN-029,cloudflare.com,A
D001371,2026-03-08 05:01:06,WIN-007,office.com,A
D001372,2026-03-21 11:07:07,WIN-018,microsoft.com,CNAME
D001373,2026-04-15 18:34:03,WIN-021,cloudflare.com,AAAA
D001374,2026-06-19 03:04:47,WIN-012,github.com,CNAME
D001375,2026-05-11 06:49:43,WIN-030,office.com,A
D001376,2026-01-26 23:43:46,WIN-021,cloudflare.com,A
D001377,2026-03-09 11:42:58,WIN-038,github.com,CNAME
D001378,2026-06-19 16:13:16,WIN-003,amazonaws.com,AAAA
D001379,2026-03-27 12:41:10,WIN-031,internal.corp,A
D001380,2026-05-08 19:38:30,WIN-013,google.com,A
D001381,2026-03-08 09:05:50,WIN-021,google.com,AAAA
D001382,2026-02-26 08:46:48,WIN-014,microsoft.com,AAAA
D001383,2026-05-25 09:14:36,WIN-008,internal.corp,CNAME
D001384,2026-03-03 05:24:10,WIN-015,internal.corp,AAAA
D001385,2026-04-04 10:19:46,WIN-012,github.com,AAAA
D001386,2026-05-22 20:35:48,WIN-014,microsoft.com,CNAME
D001387,2026-06-13 07:53:55,WIN-019,microsoft.com,CNAME
D001388,2026-01-01 07:39:25,WIN-022,github.com,CNAME
D001389,2026-04-05 16:24:50,WIN-007,google.com,A
D001390,2026-03-04 23:05:48,WIN-002,internal.corp,AAAA
D001391,2026-03-13 09:53:21,WIN-029,google.com,CNAME
D001392,2026-01-15 00:12:51,WIN-014,microsoft.com,A
D001393,2026-03-10 13:42:32,WIN-008,cloudflare.com,A
D001394,2026-02-07 21:20:32,WIN-039,internal.corp,AAAA
D001395,2026-02-15 05:32:34,WIN-017,internal.corp,A
D001396,2026-05-20 08:45:33,WIN-039,microsoft.com,A
D001397,2026-03-01 05:52:00,WIN-022,internal.corp,CNAME
D001398,2026-02-17 20:45:05,WIN-031,github.com,CNAME
D001399,2026-06-14 16:02:08,WIN-004,google.com,CNAME
D001400,2026-05-04 17:33:46,WIN-031,microsoft.com,AAAA
D001401,2026-04-10 02:34:47,WIN-023,google.com,A
D001402,2026-01-22 15:20:24,WIN-004,internal.corp,CNAME
D001403,2026-02-04 11:47:52,WIN-015,cloudflare.com,CNAME
D001404,2026-06-12 03:31:43,WIN-017,internal.corp,A
D001405,2026-06-14 01:15:52,WIN-036,github.com,AAAA
D001406,2026-05-24 09:55:16,WIN-007,amazonaws.com,A
D001407,2026-03-12 04:17:16,WIN-014,cloudflare.com,CNAME
D001408,2026-01-03 00:04:49,WIN-033,office.com,CNAME
D001409,2026-06-29 23:20:00,WIN-025,cloudflare.com,AAAA
D001410,2026-01-12 15:52:30,WIN-020,cloudflare.com,CNAME
D001411,2026-06-22 15:29:11,WIN-029,cloudflare.com,AAAA
D001412,2026-04-17 11:25:45,WIN-037,google.com,AAAA
D001413,2026-03-25 04:24:43,WIN-010,amazonaws.com,AAAA
D001414,2026-02-20 23:29:53,WIN-034,internal.corp,CNAME
D001415,2026-01-25 23:18:16,WIN-008,office.com,CNAME
D001416,2026-05-18 23:59:10,WIN-020,office.com,A
D001417,2026-05-09 19:43:03,WIN-035,amazonaws.com,A
D001418,2026-04-29 09:39:22,WIN-036,microsoft.com,AAAA
D001419,2026-03-26 14:03:48,WIN-013,office.com,CNAME
D001420,2026-06-13 05:54:27,WIN-037,internal.corp,CNAME
D001421,2026-06-13 08:23:56,WIN-021,cloudflare.com,A
D001422,2026-05-17 14:50:59,WIN-037,internal.corp,A
D001423,2026-06-09 03:32:56,WIN-014,amazonaws.com,CNAME
D001424,2026-02-23 13:45:14,WIN-028,github.com,CNAME
D001425,2026-03-10 03:41:09,WIN-003,github.com,A
D001426,2026-01-03 06:20:37,WIN-018,microsoft.com,AAAA
D001427,2026-05-10 15:43:10,WIN-015,office.com,AAAA
D001428,2026-01-09 03:42:54,WIN-032,microsoft.com,CNAME
D001429,2026-01-31 08:49:05,WIN-029,cloudflare.com,CNAME
D001430,2026-05-21 01:37:49,WIN-008,google.com,AAAA
D001431,2026-05-07 13:02:26,WIN-002,google.com,AAAA
D001432,2026-01-09 15:18:30,WIN-024,github.com,AAAA
D001433,2026-03-22 11:53:45,WIN-014,github.com,AAAA
D001434,2026-06-30 19:50:37,WIN-027,internal.corp,A
D001435,2026-02-17 13:01:14,WIN-035,github.com,AAAA
D001436,2026-01-11 22:42:01,WIN-027,cloudflare.com,AAAA
D001437,2026-02-06 09:53:22,WIN-027,amazonaws.com,A
D001438,2026-05-23 21:27:42,WIN-013,microsoft.com,CNAME
D001439,2026-01-13 19:30:02,WIN-015,microsoft.com,A
D001440,2026-05-11 17:20:39,WIN-035,microsoft.com,CNAME
D001441,2026-06-20 16:07:32,WIN-010,microsoft.com,AAAA
D001442,2026-04-12 21:47:23,WIN-008,cloudflare.com,CNAME
D001443,2026-05-03 11:07:07,WIN-019,github.com,CNAME
D001444,2026-06-04 20:54:58,WIN-028,github.com,AAAA
D001445,2026-03-16 13:03:47,WIN-006,github.com,AAAA
D001446,2026-04-05 12:15:15,WIN-003,cloudflare.com,CNAME
D001447,2026-03-28 09:44:42,WIN-020,cloudflare.com,AAAA
D001448,2026-05-13 12:53:20,WIN-001,internal.corp,AAAA
D001449,2026-04-11 00:38:26,WIN-027,google.com,A
D001450,2026-04-19 01:19:54,WIN-030,microsoft.com,A
D001451,2026-01-21 09:37:35,WIN-022,github.com,AAAA
D001452,2026-05-08 17:41:50,WIN-011,cloudflare.com,AAAA
D001453,2026-06-17 10:38:36,WIN-002,amazonaws.com,A
D001454,2026-03-27 14:28:19,WIN-031,amazonaws.com,CNAME
D001455,2026-05-09 02:15:37,WIN-040,cloudflare.com,CNAME
D001456,2026-01-30 04:32:22,WIN-026,internal.corp,A
D001457,2026-05-14 01:24:44,WIN-013,google.com,AAAA
D001458,2026-05-05 08:12:44,WIN-020,amazonaws.com,AAAA
D001459,2026-06-04 11:39:43,WIN-004,office.com,A
D001460,2026-06-10 15:17:53,WIN-002,google.com,A
D001461,2026-02-22 08:34:41,WIN-021,google.com,AAAA
D001462,2026-03-29 23:24:32,WIN-033,internal.corp,A
D001463,2026-06-16 22:39:28,WIN-034,google.com,AAAA
D001464,2026-02-10 04:25:43,WIN-026,amazonaws.com,CNAME
D001465,2026-06-30 16:34:40,WIN-031,cloudflare.com,CNAME
D001466,2026-01-12 16:37:30,WIN-008,microsoft.com,CNAME
D001467,2026-02-15 11:40:38,WIN-017,internal.corp,AAAA
D001468,2026-04-01 15:52:59,WIN-011,office.com,AAAA
D001469,2026-03-21 18:22:25,WIN-021,cloudflare.com,A
D001470,2026-03-26 02:20:22,WIN-038,amazonaws.com,AAAA
D001471,2026-05-21 17:02:17,WIN-019,office.com,AAAA
D001472,2026-05-09 03:40:47,WIN-038,internal.corp,CNAME
D001473,2026-02-25 15:17:06,WIN-038,internal.corp,A
D001474,2026-03-24 19:25:55,WIN-005,internal.corp,AAAA
D001475,2026-05-05 15:25:28,WIN-021,google.com,AAAA
D001476,2026-03-25 01:07:05,WIN-009,cloudflare.com,AAAA
D001477,2026-04-22 18:02:42,WIN-032,microsoft.com,A
D001478,2026-03-15 14:55:21,WIN-036,amazonaws.com,AAAA
D001479,2026-05-18 16:05:28,WIN-023,amazonaws.com,AAAA
D001480,2026-06-17 22:14:26,WIN-037,internal.corp,AAAA
D001481,2026-02-01 05:49:32,WIN-012,office.com,A
D001482,2026-06-15 06:24:33,WIN-007,github.com,AAAA
D001483,2026-03-16 02:13:10,WIN-028,cloudflare.com,AAAA
D001484,2026-03-20 05:50:27,WIN-027,microsoft.com,A
D001485,2026-05-09 07:14:44,WIN-037,google.com,A
D001486,2026-06-03 23:36:10,WIN-022,cloudflare.com,CNAME
D001487,2026-02-10 10:38:38,WIN-023,github.com,AAAA
D001488,2026-02-16 09:52:08,WIN-001,github.com,CNAME
D001489,2026-01-11 05:15:55,WIN-014,internal.corp,A
D001490,2026-03-19 06:57:24,WIN-029,google.com,CNAME
D001491,2026-03-03 13:53:25,WIN-031,microsoft.com,A
D001492,2026-01-06 02:01:17,WIN-018,internal.corp,AAAA
D001493,2026-06-16 03:19:29,WIN-015,internal.corp,A
D001494,2026-01-14 12:55:15,WIN-006,google.com,AAAA
D001495,2026-06-02 02:51:20,WIN-035,microsoft.com,AAAA
D001496,2026-03-27 16:41:37,WIN-007,microsoft.com,CNAME
D001497,2026-05-31 06:48:53,WIN-022,github.com,A
D001498,2026-03-22 13:58:05,WIN-027,amazonaws.com,AAAA
D001499,2026-02-28 15:43:15,WIN-028,github.com,A
D001500,2026-04-14 03:58:25,WIN-039,amazonaws.com,A
D001501,2026-01-29 10:22:16,WIN-013,amazonaws.com,CNAME
D001502,2026-06-05 02:05:04,WIN-012,cloudflare.com,A
D001503,2026-01-25 22:17:16,WIN-025,github.com,AAAA
D001504,2026-02-08 17:27:31,WIN-002,amazonaws.com,A
D001505,2026-06-05 13:07:31,WIN-019,internal.corp,AAAA
D001506,2026-04-03 22:35:18,WIN-014,cloudflare.com,A
D001507,2026-04-27 06:15:55,WIN-004,cloudflare.com,AAAA
D001508,2026-05-22 04:50:04,WIN-025,microsoft.com,AAAA
D001509,2026-02-20 15:13:51,WIN-029,internal.corp,AAAA
D001510,2026-02-24 23:24:17,WIN-004,internal.corp,CNAME
D001511,2026-04-15 00:44:46,WIN-037,office.com,A
D001512,2026-01-22 23:20:37,WIN-019,office.com,AAAA
D001513,2026-04-03 19:08:51,WIN-027,cloudflare.com,A
D001514,2026-04-27 22:20:31,WIN-005,google.com,CNAME
D001515,2026-01-31 20:42:34,WIN-030,amazonaws.com,A
D001516,2026-06-13 12:15:03,WIN-034,internal.corp,A
D001517,2026-01-06 14:23:06,WIN-008,microsoft.com,AAAA
D001518,2026-05-02 08:19:11,WIN-003,microsoft.com,AAAA
D001519,2026-01-12 08:13:46,WIN-021,github.com,AAAA
D001520,2026-03-13 18:59:32,WIN-030,github.com,AAAA
D001521,2026-01-13 22:21:36,WIN-003,microsoft.com,A
D001522,2026-06-26 17:03:47,WIN-034,microsoft.com,A
D001523,2026-05-21 08:35:36,WIN-027,cloudflare.com,AAAA
D001524,2026-03-22 08:03:35,WIN-031,microsoft.com,CNAME
D001525,2026-05-20 05:49:05,WIN-026,github.com,A
D001526,2026-02-03 18:18:10,WIN-013,microsoft.com,CNAME
D001527,2026-03-23 22:36:23,WIN-022,google.com,AAAA
D001528,2026-02-14 07:52:15,WIN-030,cloudflare.com,AAAA
D001529,2026-05-12 08:31:59,WIN-028,microsoft.com,A
D001530,2026-01-01 17:51:14,WIN-040,github.com,AAAA
D001531,2026-01-09 02:27:17,WIN-039,microsoft.com,CNAME
D001532,2026-02-28 09:26:35,WIN-017,microsoft.com,A
D001533,2026-01-20 21:08:00,WIN-028,amazonaws.com,CNAME
D001534,2026-02-13 10:59:08,WIN-004,internal.corp,AAAA
D001535,2026-04-09 15:21:56,WIN-022,amazonaws.com,AAAA
D001536,2026-04-09 00:09:46,WIN-037,amazonaws.com,AAAA
D001537,2026-01-23 07:09:21,WIN-020,microsoft.com,CNAME
D001538,2026-03-12 12:35:19,WIN-038,github.com,AAAA
D001539,2026-01-26 11:13:46,WIN-035,google.com,CNAME
D001540,2026-04-29 20:28:38,WIN-003,internal.corp,AAAA
D001541,2026-06-03 23:52:59,WIN-013,office.com,A
D001542,2026-03-25 06:49:48,WIN-015,microsoft.com,AAAA
D001543,2026-01-19 14:44:07,WIN-022,cloudflare.com,A
D001544,2026-06-05 08:00:52,WIN-019,github.com,A
D001545,2026-03-26 06:28:26,WIN-018,internal.corp,A
D001546,2026-04-30 15:05:13,WIN-038,internal.corp,AAAA
D001547,2026-01-26 15:40:57,WIN-033,microsoft.com,CNAME
D001548,2026-06-27 20:40:38,WIN-008,cloudflare.com,AAAA
D001549,2026-03-13 11:00:01,WIN-020,google.com,A
D001550,2026-05-10 10:08:47,WIN-036,microsoft.com,AAAA
D001551,2026-01-15 06:24:42,WIN-009,internal.corp,CNAME
D001552,2026-04-23 11:44:39,WIN-035,amazonaws.com,AAAA
D001553,2026-03-26 15:31:20,WIN-023,amazonaws.com,AAAA
D001554,2026-05-30 12:36:42,WIN-022,internal.corp,CNAME
D001555,2026-01-24 03:25:30,WIN-028,github.com,A
D001556,2026-05-06 22:05:38,WIN-008,github.com,AAAA
D001557,2026-01-01 21:57:43,WIN-008,cloudflare.com,CNAME
D001558,2026-03-23 22:54:23,WIN-009,google.com,CNAME
D001559,2026-01-26 03:22:12,WIN-007,office.com,CNAME
D001560,2026-03-30 05:51:54,WIN-038,github.com,CNAME
D001561,2026-06-02 20:51:57,WIN-016,cloudflare.com,AAAA
D001562,2026-05-18 12:15:37,WIN-029,cloudflare.com,AAAA
D001563,2026-04-19 23:45:18,WIN-028,microsoft.com,A
D001564,2026-05-11 01:08:37,WIN-005,google.com,AAAA
D001565,2026-06-17 12:16:55,WIN-002,internal.corp,CNAME
D001566,2026-04-09 20:24:29,WIN-027,github.com,A
D001567,2026-04-14 09:15:19,WIN-012,microsoft.com,CNAME
D001568,2026-05-21 22:06:07,WIN-024,google.com,CNAME
D001569,2026-03-18 04:43:50,WIN-018,cloudflare.com,CNAME
D001570,2026-02-18 11:34:58,WIN-024,office.com,A
D001571,2026-01-06 07:57:24,WIN-007,office.com,CNAME
D001572,2026-03-24 02:55:47,WIN-011,github.com,AAAA
D001573,2026-01-18 07:19:56,WIN-019,office.com,AAAA
D001574,2026-03-30 03:20:11,WIN-021,cloudflare.com,AAAA
D001575,2026-03-04 17:33:31,WIN-013,microsoft.com,CNAME
D001576,2026-03-22 03:35:41,WIN-035,office.com,A
D001577,2026-04-08 02:42:10,WIN-038,amazonaws.com,A
D001578,2026-04-09 15:04:48,WIN-011,amazonaws.com,CNAME
D001579,2026-03-26 01:02:55,WIN-019,google.com,A
D001580,2026-06-20 12:03:58,WIN-004,office.com,A
D001581,2026-01-26 23:58:58,WIN-039,cloudflare.com,CNAME
D001582,2026-02-14 06:02:20,WIN-018,google.com,AAAA
D001583,2026-06-02 06:22:05,WIN-036,microsoft.com,A
D001584,2026-03-21 05:03:24,WIN-031,github.com,A
D001585,2026-01-18 19:51:26,WIN-012,cloudflare.com,AAAA
D001586,2026-01-17 19:32:54,WIN-001,microsoft.com,A
D001587,2026-01-03 19:07:26,WIN-012,microsoft.com,A
D001588,2026-06-11 05:31:10,WIN-026,github.com,A
D001589,2026-05-14 23:38:11,WIN-004,internal.corp,AAAA
D001590,2026-06-12 23:36:22,WIN-036,amazonaws.com,A
D001591,2026-04-02 01:56:22,WIN-014,microsoft.com,AAAA
D001592,2026-01-21 14:35:09,WIN-004,google.com,AAAA
D001593,2026-01-03 17:38:26,WIN-013,cloudflare.com,AAAA
D001594,2026-04-20 08:01:21,WIN-016,cloudflare.com,AAAA
D001595,2026-05-30 20:26:34,WIN-013,office.com,CNAME
D001596,2026-06-24 03:26:17,WIN-005,internal.corp,A
D001597,2026-04-11 08:34:27,WIN-001,internal.corp,A
D001598,2026-04-25 18:46:48,WIN-010,microsoft.com,AAAA
D001599,2026-04-03 15:42:16,WIN-038,google.com,AAAA
D001600,2026-02-12 16:50:50,WIN-024,office.com,AAAA
D001601,2026-01-06 00:44:40,WIN-037,internal.corp,A
D001602,2026-01-07 01:16:41,WIN-013,office.com,CNAME
D001603,2026-06-02 21:49:51,WIN-035,microsoft.com,CNAME
D001604,2026-04-08 20:49:17,WIN-012,internal.corp,AAAA
D001605,2026-04-30 01:19:39,WIN-023,microsoft.com,AAAA
D001606,2026-01-23 08:34:42,WIN-033,google.com,A
D001607,2026-02-10 22:42:54,WIN-003,microsoft.com,AAAA
D001608,2026-01-09 23:17:38,WIN-002,cloudflare.com,A
D001609,2026-01-25 11:20:42,WIN-012,microsoft.com,AAAA
D001610,2026-01-26 02:43:56,WIN-013,cloudflare.com,AAAA
D001611,2026-01-26 10:31:59,WIN-018,microsoft.com,CNAME
D001612,2026-03-19 11:18:08,WIN-036,cloudflare.com,CNAME
D001613,2026-05-03 15:43:27,WIN-003,office.com,AAAA
D001614,2026-03-18 18:46:48,WIN-019,office.com,AAAA
D001615,2026-05-08 09:56:08,WIN-019,google.com,CNAME
D001616,2026-02-18 07:07:16,WIN-038,cloudflare.com,CNAME
D001617,2026-01-28 16:12:40,WIN-013,microsoft.com,A
D001618,2026-01-28 06:47:00,WIN-010,internal.corp,AAAA
D001619,2026-05-05 16:04:43,WIN-011,github.com,CNAME
D001620,2026-05-10 23:02:52,WIN-015,amazonaws.com,CNAME
D001621,2026-06-10 17:21:16,WIN-011,office.com,CNAME
D001622,2026-04-09 12:39:34,WIN-021,office.com,AAAA
D001623,2026-06-14 01:50:47,WIN-037,amazonaws.com,A
D001624,2026-01-03 22:04:18,WIN-039,office.com,A
D001625,2026-05-24 02:59:13,WIN-036,internal.corp,CNAME
D001626,2026-02-22 17:35:29,WIN-025,cloudflare.com,A
D001627,2026-06-03 03:51:29,WIN-004,cloudflare.com,CNAME
D001628,2026-04-27 18:42:45,WIN-019,microsoft.com,A
D001629,2026-02-15 05:49:40,WIN-019,google.com,CNAME
D001630,2026-06-03 20:14:03,WIN-009,github.com,AAAA
D001631,2026-02-24 02:17:36,WIN-034,google.com,CNAME
D001632,2026-01-25 14:36:41,WIN-022,microsoft.com,AAAA
D001633,2026-02-03 01:56:54,WIN-010,amazonaws.com,AAAA
D001634,2026-02-24 09:24:37,WIN-030,cloudflare.com,CNAME
D001635,2026-05-27 15:25:20,WIN-018,github.com,A
D001636,2026-03-24 13:40:29,WIN-007,cloudflare.com,AAAA
D001637,2026-03-29 06:19:47,WIN-024,office.com,CNAME
D001638,2026-02-03 15:35:54,WIN-009,google.com,CNAME
D001639,2026-03-21 05:36:25,WIN-033,microsoft.com,AAAA
D001640,2026-01-16 23:17:01,WIN-028,cloudflare.com,A
D001641,2026-04-14 12:36:46,WIN-018,amazonaws.com,A
D001642,2026-04-11 07:13:02,WIN-026,github.com,CNAME
D001643,2026-01-07 18:00:46,WIN-037,amazonaws.com,CNAME
D001644,2026-06-10 07:37:30,WIN-035,microsoft.com,AAAA
D001645,2026-05-10 17:06:35,WIN-014,microsoft.com,CNAME
D001646,2026-05-23 17:35:39,WIN-033,cloudflare.com,A
D001647,2026-06-14 18:50:37,WIN-023,internal.corp,CNAME
D001648,2026-06-29 15:43:09,WIN-023,internal.corp,AAAA
D001649,2026-02-22 13:54:36,WIN-030,microsoft.com,CNAME
D001650,2026-03-08 10:01:31,WIN-029,google.com,AAAA
D001651,2026-06-28 18:06:32,WIN-020,cloudflare.com,A
D001652,2026-06-10 18:46:54,WIN-020,microsoft.com,A
D001653,2026-05-11 06:13:21,WIN-003,amazonaws.com,AAAA
D001654,2026-01-13 06:42:30,WIN-035,microsoft.com,A
D001655,2026-02-05 13:52:50,WIN-022,amazonaws.com,A
D001656,2026-04-29 01:14:37,WIN-026,office.com,CNAME
D001657,2026-02-20 08:30:27,WIN-019,internal.corp,CNAME
D001658,2026-04-22 02:01:41,WIN-030,amazonaws.com,CNAME
D001659,2026-05-12 07:14:34,WIN-034,internal.corp,CNAME
D001660,2026-03-29 09:44:02,WIN-038,amazonaws.com,CNAME
D001661,2026-03-06 22:41:20,WIN-034,internal.corp,A
D001662,2026-05-21 12:57:37,WIN-018,microsoft.com,AAAA
D001663,2026-05-09 20:50:22,WIN-021,amazonaws.com,CNAME
D001664,2026-02-08 00:04:25,WIN-005,office.com,CNAME
D001665,2026-05-25 05:29:36,WIN-012,office.com,CNAME
D001666,2026-02-14 22:49:16,WIN-023,google.com,A
D001667,2026-01-23 08:24:50,WIN-005,internal.corp,CNAME
D001668,2026-03-09 01:37:07,WIN-023,internal.corp,A
D001669,2026-01-01 06:23:38,WIN-021,office.com,A
D001670,2026-04-06 22:33:21,WIN-020,github.com,CNAME
D001671,2026-05-05 05:35:56,WIN-037,github.com,A
D001672,2026-02-21 21:22:47,WIN-011,cloudflare.com,AAAA
D001673,2026-03-19 06:14:34,WIN-037,github.com,CNAME
D001674,2026-01-14 23:20:45,WIN-025,microsoft.com,CNAME
D001675,2026-05-21 20:36:05,WIN-023,amazonaws.com,A
D001676,2026-04-11 09:19:57,WIN-016,amazonaws.com,A
D001677,2026-01-28 13:01:07,WIN-029,amazonaws.com,CNAME
D001678,2026-06-05 17:37:03,WIN-007,microsoft.com,A
D001679,2026-05-02 23:39:34,WIN-037,cloudflare.com,CNAME
D001680,2026-03-19 20:56:31,WIN-037,office.com,AAAA
D001681,2026-02-15 11:27:22,WIN-004,github.com,A
D001682,2026-01-03 11:15:31,WIN-013,amazonaws.com,A
D001683,2026-04-12 20:21:04,WIN-023,internal.corp,AAAA
D001684,2026-06-09 05:45:18,WIN-012,microsoft.com,AAAA
D001685,2026-03-27 10:46:17,WIN-027,internal.corp,CNAME
D001686,2026-02-14 11:22:25,WIN-034,github.com,CNAME
D001687,2026-02-16 15:30:19,WIN-006,google.com,A
D001688,2026-04-03 13:57:58,WIN-001,google.com,AAAA
D001689,2026-03-06 12:37:48,WIN-030,amazonaws.com,A
D001690,2026-01-11 17:54:19,WIN-006,office.com,CNAME
D001691,2026-02-28 08:21:18,WIN-004,github.com,CNAME
D001692,2026-03-07 01:43:27,WIN-037,internal.corp,AAAA
D001693,2026-06-02 15:27:27,WIN-015,microsoft.com,AAAA
D001694,2026-06-30 13:07:11,WIN-020,github.com,CNAME
D001695,2026-05-16 21:40:03,WIN-022,github.com,A
D001696,2026-04-04 21:52:13,WIN-037,cloudflare.com,AAAA
D001697,2026-02-15 04:17:03,WIN-007,amazonaws.com,A
D001698,2026-02-09 12:03:16,WIN-026,github.com,AAAA
D001699,2026-01-16 07:21:27,WIN-035,google.com,CNAME
D001700,2026-04-16 08:37:15,WIN-024,cloudflare.com,CNAME
D001701,2026-01-06 11:42:57,WIN-030,microsoft.com,CNAME
D001702,2026-01-28 18:07:23,WIN-025,office.com,A
D001703,2026-04-06 20:26:19,WIN-002,cloudflare.com,AAAA
D001704,2026-01-20 11:57:40,WIN-038,amazonaws.com,CNAME
D001705,2026-04-05 11:21:43,WIN-012,github.com,CNAME
D001706,2026-02-01 08:34:32,WIN-027,internal.corp,A
D001707,2026-03-24 18:18:38,WIN-007,github.com,AAAA
D001708,2026-04-08 01:01:29,WIN-009,amazonaws.com,CNAME
D001709,2026-05-27 02:06:58,WIN-008,microsoft.com,AAAA
D001710,2026-05-01 03:15:31,WIN-011,github.com,CNAME
D001711,2026-01-08 10:19:44,WIN-030,amazonaws.com,CNAME
D001712,2026-03-31 06:29:04,WIN-037,cloudflare.com,A
D001713,2026-04-15 22:28:22,WIN-003,cloudflare.com,CNAME
D001714,2026-02-02 05:01:07,WIN-018,office.com,AAAA
D001715,2026-05-25 17:01:30,WIN-006,google.com,CNAME
D001716,2026-01-21 18:03:44,WIN-034,github.com,A
D001717,2026-06-03 04:39:53,WIN-014,google.com,A
D001718,2026-04-01 11:16:10,WIN-027,office.com,A
D001719,2026-02-27 05:17:40,WIN-009,microsoft.com,AAAA
D001720,2026-05-31 10:32:19,WIN-034,github.com,AAAA
D001721,2026-04-10 09:42:12,WIN-008,google.com,A
D001722,2026-03-30 06:17:11,WIN-013,cloudflare.com,CNAME
D001723,2026-06-08 05:22:01,WIN-039,github.com,A
D001724,2026-04-17 07:43:27,WIN-004,cloudflare.com,CNAME
D001725,2026-03-25 12:40:04,WIN-011,amazonaws.com,CNAME
D001726,2026-03-17 15:02:43,WIN-040,github.com,A
D001727,2026-06-08 08:33:11,WIN-034,google.com,A
D001728,2026-04-04 23:03:17,WIN-033,microsoft.com,AAAA
D001729,2026-06-19 12:42:07,WIN-034,google.com,CNAME
D001730,2026-05-28 20:37:21,WIN-033,internal.corp,CNAME
D001731,2026-04-13 06:42:35,WIN-038,microsoft.com,AAAA
D001732,2026-01-23 21:33:54,WIN-006,google.com,A
D001733,2026-03-20 05:46:44,WIN-011,github.com,A
D001734,2026-05-07 12:51:29,WIN-023,microsoft.com,A
D001735,2026-06-03 02:12:01,WIN-003,office.com,AAAA
D001736,2026-04-10 17:04:33,WIN-034,microsoft.com,A
D001737,2026-03-02 01:37:28,WIN-040,microsoft.com,CNAME
D001738,2026-02-09 01:15:41,WIN-013,internal.corp,CNAME
D001739,2026-01-14 23:25:03,WIN-031,internal.corp,AAAA
D001740,2026-01-04 04:16:24,WIN-023,internal.corp,A
D001741,2026-06-03 17:16:18,WIN-002,google.com,CNAME
D001742,2026-03-26 15:53:57,WIN-036,office.com,A
D001743,2026-03-14 15:28:08,WIN-034,internal.corp,AAAA
D001744,2026-02-20 11:02:17,WIN-018,google.com,CNAME
D001745,2026-06-05 04:30:20,WIN-024,google.com,AAAA
D001746,2026-01-11 19:45:29,WIN-011,google.com,AAAA
D001747,2026-03-21 11:35:16,WIN-018,google.com,AAAA
D001748,2026-04-24 01:21:57,WIN-034,cloudflare.com,AAAA
D001749,2026-05-19 11:48:49,WIN-013,internal.corp,CNAME
D001750,2026-02-28 05:55:07,WIN-007,google.com,AAAA
D001751,2026-05-07 22:02:57,WIN-005,amazonaws.com,CNAME
D001752,2026-01-10 15:10:23,WIN-037,microsoft.com,AAAA
D001753,2026-01-23 22:53:14,WIN-035,amazonaws.com,AAAA
D001754,2026-05-08 19:14:50,WIN-010,cloudflare.com,CNAME
D001755,2026-02-15 14:03:18,WIN-015,office.com,CNAME
D001756,2026-03-11 05:13:21,WIN-011,office.com,AAAA
D001757,2026-06-03 03:31:16,WIN-031,microsoft.com,CNAME
D001758,2026-06-01 12:52:40,WIN-008,office.com,AAAA
D001759,2026-05-20 18:43:07,WIN-032,amazonaws.com,A
D001760,2026-03-23 18:18:13,WIN-031,amazonaws.com,AAAA
D001761,2026-03-14 02:09:28,WIN-015,microsoft.com,A
D001762,2026-01-04 06:22:47,WIN-007,google.com,AAAA
D001763,2026-01-22 06:34:14,WIN-016,google.com,A
D001764,2026-01-16 03:18:13,WIN-002,amazonaws.com,A
D001765,2026-02-27 01:26:56,WIN-003,internal.corp,CNAME
D001766,2026-05-23 13:27:44,WIN-010,amazonaws.com,A
D001767,2026-04-07 14:27:10,WIN-016,internal.corp,CNAME
D001768,2026-01-09 00:06:42,WIN-025,office.com,A
D001769,2026-01-17 22:11:53,WIN-002,google.com,A
D001770,2026-01-10 14:10:37,WIN-005,office.com,A
D001771,2026-02-25 20:28:13,WIN-025,amazonaws.com,A
D001772,2026-02-22 00:25:37,WIN-017,internal.corp,AAAA
D001773,2026-01-07 06:08:57,WIN-035,github.com,CNAME
D001774,2026-05-29 06:31:54,WIN-012,office.com,A
D001775,2026-01-21 13:19:09,WIN-029,github.com,A
D001776,2026-03-24 22:22:00,WIN-002,office.com,CNAME
D001777,2026-03-18 17:42:41,WIN-027,cloudflare.com,CNAME
D001778,2026-02-19 20:37:25,WIN-038,cloudflare.com,CNAME
D001779,2026-03-22 03:36:18,WIN-037,office.com,A
D001780,2026-02-20 17:56:38,WIN-016,internal.corp,CNAME
D001781,2026-05-25 14:35:16,WIN-012,google.com,CNAME
D001782,2026-01-27 20:09:14,WIN-013,cloudflare.com,AAAA
D001783,2026-06-02 03:51:40,WIN-016,microsoft.com,AAAA
D001784,2026-06-07 04:48:44,WIN-040,office.com,CNAME
D001785,2026-05-18 12:25:56,WIN-026,github.com,CNAME
D001786,2026-06-22 16:32:37,WIN-014,internal.corp,AAAA
D001787,2026-03-26 19:08:43,WIN-025,microsoft.com,A
D001788,2026-02-16 09:42:35,WIN-019,office.com,CNAME
D001789,2026-02-18 02:33:39,WIN-018,office.com,AAAA
D001790,2026-01-19 02:38:41,WIN-015,github.com,CNAME
D001791,2026-01-03 14:02:12,WIN-013,cloudflare.com,AAAA
D001792,2026-05-01 11:56:49,WIN-032,internal.corp,AAAA
D001793,2026-02-12 12:51:40,WIN-016,amazonaws.com,CNAME
D001794,2026-06-06 18:06:34,WIN-006,office.com,CNAME
D001795,2026-01-04 01:54:07,WIN-014,internal.corp,CNAME
D001796,2026-06-06 04:24:17,WIN-027,microsoft.com,AAAA
D001797,2026-05-26 03:50:19,WIN-032,amazonaws.com,A
D001798,2026-06-07 11:40:16,WIN-029,office.com,CNAME
D001799,2026-03-21 17:46:36,WIN-017,cloudflare.com,AAAA
D001800,2026-01-21 04:14:42,WIN-021,office.com,A
D001801,2026-02-20 05:36:34,WIN-039,amazonaws.com,A
D001802,2026-01-22 14:44:14,WIN-012,cloudflare.com,CNAME
D001803,2026-06-09 18:34:46,WIN-021,amazonaws.com,A
D001804,2026-02-01 21:39:49,WIN-040,cloudflare.com,A
D001805,2026-05-18 09:08:32,WIN-039,google.com,CNAME
D001806,2026-05-13 20:16:17,WIN-015,microsoft.com,A
D001807,2026-01-09 20:00:33,WIN-038,cloudflare.com,A
D001808,2026-03-24 14:06:18,WIN-024,github.com,AAAA
D001809,2026-04-28 19:55:12,WIN-003,google.com,CNAME
D001810,2026-04-07 18:29:01,WIN-027,cloudflare.com,AAAA
D001811,2026-06-07 04:55:53,WIN-033,google.com,A
D001812,2026-02-27 02:51:06,WIN-030,office.com,A
D001813,2026-01-03 11:17:10,WIN-017,microsoft.com,A
D001814,2026-02-11 17:24:06,WIN-015,cloudflare.com,AAAA
D001815,2026-03-31 09:54:35,WIN-001,internal.corp,CNAME
D001816,2026-05-09 13:47:10,WIN-012,google.com,A
D001817,2026-05-23 19:42:51,WIN-009,office.com,A
D001818,2026-03-08 08:10:47,WIN-030,github.com,CNAME
D001819,2026-05-02 04:17:15,WIN-029,cloudflare.com,AAAA
D001820,2026-03-13 01:52:35,WIN-036,google.com,CNAME
D001821,2026-04-09 16:45:13,WIN-024,amazonaws.com,AAAA
D001822,2026-02-06 12:05:18,WIN-004,github.com,AAAA
D001823,2026-02-04 06:18:52,WIN-011,office.com,AAAA
D001824,2026-03-25 15:46:12,WIN-035,github.com,A
D001825,2026-06-05 07:33:37,WIN-015,google.com,AAAA
D001826,2026-01-06 21:29:58,WIN-010,github.com,AAAA
D001827,2026-01-30 23:59:14,WIN-027,cloudflare.com,AAAA
D001828,2026-01-14 19:31:33,WIN-008,cloudflare.com,CNAME
D001829,2026-01-10 11:29:05,WIN-034,internal.corp,AAAA
D001830,2026-03-04 17:01:10,WIN-016,microsoft.com,AAAA
D001831,2026-02-12 14:55:00,WIN-029,microsoft.com,A
D001832,2026-06-30 15:44:45,WIN-011,github.com,CNAME
D001833,2026-03-22 14:23:08,WIN-028,internal.corp,AAAA
D001834,2026-05-04 16:04:31,WIN-003,internal.corp,AAAA
D001835,2026-05-31 05:00:20,WIN-020,office.com,A
D001836,2026-01-06 10:04:17,WIN-016,github.com,AAAA
D001837,2026-01-15 18:01:02,WIN-002,google.com,CNAME
D001838,2026-03-16 01:20:58,WIN-034,internal.corp,CNAME
D001839,2026-04-20 21:59:40,WIN-008,office.com,A
D001840,2026-01-12 08:04:28,WIN-008,internal.corp,A
D001841,2026-04-23 21:50:49,WIN-011,cloudflare.com,AAAA
D001842,2026-02-09 20:57:07,WIN-003,github.com,AAAA
D001843,2026-02-08 07:21:30,WIN-027,internal.corp,CNAME
D001844,2026-06-16 02:55:24,WIN-006,microsoft.com,CNAME
D001845,2026-01-02 07:36:21,WIN-005,amazonaws.com,A
D001846,2026-01-03 00:02:09,WIN-013,internal.corp,A
D001847,2026-05-06 11:43:23,WIN-033,office.com,CNAME
D001848,2026-05-19 19:23:51,WIN-023,github.com,CNAME
D001849,2026-03-05 21:04:44,WIN-026,microsoft.com,AAAA
D001850,2026-01-09 19:49:54,WIN-014,amazonaws.com,CNAME
D001851,2026-03-14 11:47:31,WIN-008,cloudflare.com,AAAA
D001852,2026-01-23 06:57:52,WIN-002,internal.corp,AAAA
D001853,2026-04-21 16:43:30,WIN-003,google.com,CNAME
D001854,2026-03-01 03:50:27,WIN-025,google.com,CNAME
D001855,2026-03-13 09:13:32,WIN-013,github.com,CNAME
D001856,2026-05-22 16:30:02,WIN-039,office.com,AAAA
D001857,2026-05-13 00:58:23,WIN-033,cloudflare.com,AAAA
D001858,2026-06-12 06:27:01,WIN-037,google.com,AAAA
D001859,2026-02-17 19:23:08,WIN-028,internal.corp,AAAA
D001860,2026-02-15 20:09:37,WIN-001,microsoft.com,CNAME
D001861,2026-01-28 23:15:02,WIN-013,office.com,A
D001862,2026-03-18 05:02:33,WIN-028,github.com,AAAA
D001863,2026-01-28 19:29:54,WIN-031,cloudflare.com,AAAA
D001864,2026-06-05 13:06:07,WIN-007,google.com,CNAME
D001865,2026-03-23 10:39:52,WIN-023,microsoft.com,A
D001866,2026-04-01 15:56:54,WIN-008,amazonaws.com,AAAA
D001867,2026-02-02 09:37:19,WIN-035,amazonaws.com,AAAA
D001868,2026-01-29 04:37:37,WIN-011,microsoft.com,AAAA
D001869,2026-04-18 15:38:58,WIN-002,internal.corp,CNAME
D001870,2026-05-30 19:01:02,WIN-019,office.com,A
D001871,2026-03-26 16:57:45,WIN-001,github.com,CNAME
D001872,2026-04-04 07:00:22,WIN-016,github.com,CNAME
D001873,2026-06-04 21:44:27,WIN-032,github.com,AAAA
D001874,2026-01-13 19:13:20,WIN-015,cloudflare.com,A
D001875,2026-06-04 11:56:43,WIN-002,amazonaws.com,AAAA
D001876,2026-01-04 17:10:38,WIN-030,microsoft.com,CNAME
D001877,2026-04-01 12:51:21,WIN-037,google.com,CNAME
D001878,2026-05-17 05:22:06,WIN-004,amazonaws.com,CNAME
D001879,2026-01-10 09:52:55,WIN-030,amazonaws.com,CNAME
D001880,2026-04-22 18:10:23,WIN-038,internal.corp,CNAME
D001881,2026-01-10 20:49:14,WIN-018,internal.corp,A
D001882,2026-05-02 19:02:27,WIN-009,cloudflare.com,AAAA
D001883,2026-05-04 20:25:39,WIN-005,office.com,AAAA
D001884,2026-01-03 20:41:57,WIN-032,github.com,A
D001885,2026-03-21 22:56:47,WIN-001,microsoft.com,AAAA
D001886,2026-06-20 03:02:17,WIN-008,office.com,CNAME
D001887,2026-06-30 04:30:18,WIN-038,google.com,CNAME
D001888,2026-04-28 20:24:56,WIN-028,office.com,AAAA
D001889,2026-06-16 08:11:19,WIN-035,office.com,A
D001890,2026-02-03 20:05:42,WIN-007,internal.corp,CNAME
D001891,2026-04-08 15:41:30,WIN-018,office.com,AAAA
D001892,2026-02-15 18:17:37,WIN-004,cloudflare.com,AAAA
D001893,2026-04-05 00:04:06,WIN-036,office.com,AAAA
D001894,2026-01-20 18:58:36,WIN-037,office.com,A
D001895,2026-01-13 13:34:14,WIN-006,cloudflare.com,CNAME
D001896,2026-05-22 17:34:04,WIN-016,internal.corp,AAAA
D001897,2026-05-06 00:52:05,WIN-005,amazonaws.com,A
D001898,2026-04-05 03:25:50,WIN-025,google.com,A
D001899,2026-06-07 19:59:29,WIN-025,office.com,AAAA
D001900,2026-06-03 16:36:21,WIN-018,github.com,CNAME
D001901,2026-01-24 05:52:55,WIN-006,microsoft.com,CNAME
D001902,2026-03-29 19:26:20,WIN-008,internal.corp,A
D001903,2026-02-11 06:31:31,WIN-013,cloudflare.com,A
D001904,2026-06-21 08:07:08,WIN-019,cloudflare.com,A
D001905,2026-06-26 23:25:53,WIN-004,office.com,CNAME
D001906,2026-06-27 08:54:26,WIN-026,office.com,CNAME
D001907,2026-03-05 17:28:23,WIN-017,internal.corp,CNAME
D001908,2026-01-13 04:53:31,WIN-001,internal.corp,A
D001909,2026-02-22 13:47:53,WIN-013,amazonaws.com,A
D001910,2026-06-20 09:12:17,WIN-011,microsoft.com,AAAA
D001911,2026-05-11 09:29:15,WIN-023,internal.corp,AAAA
D001912,2026-02-01 09:41:27,WIN-038,office.com,CNAME
D001913,2026-04-28 16:20:30,WIN-019,google.com,AAAA
D001914,2026-03-17 19:53:52,WIN-024,cloudflare.com,A
D001915,2026-05-06 12:50:53,WIN-038,amazonaws.com,AAAA
D001916,2026-01-07 23:09:13,WIN-001,github.com,AAAA
D001917,2026-01-20 19:59:45,WIN-032,office.com,CNAME
D001918,2026-06-08 11:28:13,WIN-001,github.com,A
D001919,2026-01-02 04:08:07,WIN-013,google.com,AAAA
D001920,2026-05-15 01:55:33,WIN-009,google.com,CNAME
D001921,2026-05-14 00:27:35,WIN-023,internal.corp,CNAME
D001922,2026-06-22 02:13:41,WIN-014,cloudflare.com,CNAME
D001923,2026-01-01 22:39:05,WIN-009,internal.corp,AAAA
D001924,2026-05-22 07:59:57,WIN-002,amazonaws.com,CNAME
D001925,2026-04-19 10:35:36,WIN-007,cloudflare.com,AAAA
D001926,2026-01-27 15:01:39,WIN-016,internal.corp,CNAME
D001927,2026-02-13 13:23:44,WIN-038,microsoft.com,CNAME
D001928,2026-01-07 22:19:21,WIN-009,google.com,CNAME
D001929,2026-06-04 00:41:02,WIN-016,amazonaws.com,A
D001930,2026-06-01 04:12:07,WIN-032,github.com,AAAA
D001931,2026-03-16 00:18:17,WIN-015,github.com,A
D001932,2026-04-23 07:21:58,WIN-039,google.com,AAAA
D001933,2026-02-07 04:23:11,WIN-037,google.com,A
D001934,2026-03-08 23:17:26,WIN-009,microsoft.com,A
D001935,2026-06-21 10:31:58,WIN-008,internal.corp,A
D001936,2026-04-07 22:20:44,WIN-007,github.com,AAAA
D001937,2026-02-05 06:50:33,WIN-025,internal.corp,A
D001938,2026-02-05 19:30:46,WIN-011,cloudflare.com,CNAME
D001939,2026-02-05 09:29:56,WIN-040,cloudflare.com,CNAME
D001940,2026-02-10 14:01:35,WIN-014,amazonaws.com,AAAA
D001941,2026-05-12 08:58:20,WIN-034,google.com,A
D001942,2026-04-22 00:49:56,WIN-006,internal.corp,AAAA
D001943,2026-04-25 09:41:19,WIN-033,office.com,A
D001944,2026-02-24 19:29:23,WIN-026,google.com,AAAA
D001945,2026-01-29 00:07:48,WIN-018,microsoft.com,AAAA
D001946,2026-04-06 10:54:37,WIN-035,google.com,AAAA
D001947,2026-04-13 15:55:13,WIN-017,office.com,A
D001948,2026-04-13 05:54:50,WIN-011,google.com,CNAME
D001949,2026-04-06 00:20:03,WIN-012,office.com,A
D001950,2026-01-14 13:34:00,WIN-017,microsoft.com,CNAME
D001951,2026-05-30 11:46:16,WIN-017,github.com,CNAME
D001952,2026-02-17 08:23:21,WIN-035,amazonaws.com,AAAA
D001953,2026-03-04 22:58:36,WIN-040,office.com,AAAA
D001954,2026-02-26 04:01:43,WIN-028,amazonaws.com,A
D001955,2026-04-02 19:02:07,WIN-012,microsoft.com,A
D001956,2026-01-28 13:48:25,WIN-024,internal.corp,CNAME
D001957,2026-02-27 20:44:12,WIN-009,microsoft.com,AAAA
D001958,2026-04-27 13:15:34,WIN-010,internal.corp,AAAA
D001959,2026-02-23 16:43:54,WIN-034,cloudflare.com,CNAME
D001960,2026-01-25 04:07:43,WIN-039,google.com,CNAME
D001961,2026-01-18 15:21:12,WIN-030,office.com,AAAA
D001962,2026-02-21 22:37:11,WIN-020,github.com,AAAA
D001963,2026-04-20 07:07:41,WIN-018,github.com,CNAME
D001964,2026-02-25 03:51:40,WIN-001,microsoft.com,AAAA
D001965,2026-03-31 12:51:28,WIN-012,internal.corp,A
D001966,2026-02-14 06:12:47,WIN-037,google.com,A
D001967,2026-04-09 11:00:34,WIN-002,microsoft.com,AAAA
D001968,2026-01-25 08:17:03,WIN-032,amazonaws.com,AAAA
D001969,2026-06-30 12:31:01,WIN-039,google.com,AAAA
D001970,2026-06-02 08:35:38,WIN-004,cloudflare.com,CNAME
D001971,2026-05-28 19:26:49,WIN-037,office.com,AAAA
D001972,2026-03-29 12:09:55,WIN-016,amazonaws.com,CNAME
D001973,2026-03-08 11:59:21,WIN-005,google.com,A
D001974,2026-06-29 08:33:51,WIN-007,internal.corp,AAAA
D001975,2026-03-18 20:45:59,WIN-027,google.com,AAAA
D001976,2026-02-21 04:39:11,WIN-024,github.com,A
D001977,2026-04-10 20:44:06,WIN-023,amazonaws.com,AAAA
D001978,2026-03-12 21:58:55,WIN-010,google.com,CNAME
D001979,2026-04-17 16:45:12,WIN-036,github.com,A
D001980,2026-03-29 02:24:57,WIN-022,cloudflare.com,A
D001981,2026-05-21 06:17:50,WIN-008,google.com,A
D001982,2026-05-08 23:18:03,WIN-020,google.com,CNAME
D001983,2026-06-02 00:03:20,WIN-010,office.com,A
D001984,2026-03-01 08:34:47,WIN-021,microsoft.com,A
D001985,2026-06-14 13:48:22,WIN-030,microsoft.com,CNAME
D001986,2026-03-04 20:39:24,WIN-040,google.com,A
D001987,2026-04-28 06:43:15,WIN-002,office.com,A
D001988,2026-06-27 14:18:26,WIN-006,cloudflare.com,A
D001989,2026-03-17 15:50:48,WIN-040,office.com,AAAA
D001990,2026-02-16 23:06:55,WIN-005,cloudflare.com,CNAME
D001991,2026-05-07 09:57:32,WIN-038,google.com,A
D001992,2026-03-04 04:49:07,WIN-006,github.com,CNAME
D001993,2026-05-20 07:46:10,WIN-033,google.com,A
D001994,2026-04-20 03:46:30,WIN-036,cloudflare.com,AAAA
D001995,2026-01-20 16:16:12,WIN-021,github.com,A
D001996,2026-01-01 19:21:49,WIN-025,internal.corp,A
D001997,2026-03-22 21:58:19,WIN-028,cloudflare.com,AAAA
D001998,2026-06-22 07:50:24,WIN-034,amazonaws.com,CNAME
D001999,2026-01-09 19:57:43,WIN-032,google.com,CNAME
D002000,2026-02-01 03:09:40,WIN-016,google.com,A
D002001,2026-05-30 06:54:25,WIN-030,amazonaws.com,CNAME
D002002,2026-02-25 13:54:49,WIN-033,microsoft.com,A
D002003,2026-01-21 21:31:33,WIN-012,github.com,CNAME
D002004,2026-03-29 21:24:21,WIN-005,github.com,AAAA
D002005,2026-03-16 01:40:42,WIN-016,amazonaws.com,CNAME
D002006,2026-05-14 03:37:15,WIN-002,microsoft.com,AAAA
D002007,2026-05-23 09:11:35,WIN-005,cloudflare.com,AAAA
D002008,2026-06-14 10:57:20,WIN-026,office.com,A
D002009,2026-06-08 03:52:43,WIN-008,office.com,CNAME
D002010,2026-01-31 23:10:38,WIN-008,microsoft.com,CNAME
D002011,2026-06-03 07:54:38,WIN-020,cloudflare.com,A
D002012,2026-04-28 10:16:14,WIN-011,amazonaws.com,A
D002013,2026-05-13 22:00:46,WIN-034,google.com,CNAME
D002014,2026-04-29 03:27:46,WIN-025,microsoft.com,A
D002015,2026-02-26 23:40:42,WIN-020,amazonaws.com,CNAME
D002016,2026-04-01 19:05:40,WIN-009,microsoft.com,A
D002017,2026-01-03 07:36:05,WIN-032,google.com,AAAA
D002018,2026-04-01 15:05:09,WIN-001,office.com,A
D002019,2026-01-22 02:16:28,WIN-004,github.com,AAAA
D002020,2026-02-10 09:56:19,WIN-026,internal.corp,A
D002021,2026-04-29 00:56:10,WIN-021,cloudflare.com,A
D002022,2026-02-26 10:27:37,WIN-028,amazonaws.com,AAAA
D002023,2026-03-18 07:19:04,WIN-022,github.com,AAAA
D002024,2026-05-23 08:44:44,WIN-016,microsoft.com,AAAA
D002025,2026-01-06 09:22:07,WIN-029,internal.corp,AAAA
D002026,2026-03-01 09:54:11,WIN-039,amazonaws.com,A
D002027,2026-01-28 21:35:05,WIN-022,microsoft.com,AAAA
D002028,2026-01-21 10:52:39,WIN-028,github.com,A
D002029,2026-03-23 05:21:12,WIN-025,internal.corp,A
D002030,2026-02-07 09:49:50,WIN-003,github.com,A
D002031,2026-05-08 02:27:22,WIN-017,amazonaws.com,CNAME
D002032,2026-05-20 08:53:16,WIN-022,microsoft.com,CNAME
D002033,2026-06-16 09:03:02,WIN-004,cloudflare.com,CNAME
D002034,2026-02-14 01:20:05,WIN-006,office.com,AAAA
D002035,2026-04-10 07:23:42,WIN-018,office.com,AAAA
D002036,2026-04-29 07:18:33,WIN-029,google.com,AAAA
D002037,2026-02-25 22:53:23,WIN-017,microsoft.com,CNAME
D002038,2026-02-06 19:44:40,WIN-040,google.com,AAAA
D002039,2026-02-12 13:03:25,WIN-015,internal.corp,AAAA
D002040,2026-04-18 12:21:12,WIN-036,office.com,AAAA
D002041,2026-04-10 15:12:09,WIN-003,github.com,AAAA
D002042,2026-03-07 21:36:21,WIN-036,internal.corp,CNAME
D002043,2026-01-08 05:56:30,WIN-011,office.com,AAAA
D002044,2026-05-09 20:02:27,WIN-013,cloudflare.com,AAAA
D002045,2026-04-18 23:43:45,WIN-011,github.com,A
D002046,2026-01-23 00:23:52,WIN-004,cloudflare.com,AAAA
D002047,2026-06-01 15:22:43,WIN-006,amazonaws.com,CNAME
D002048,2026-01-09 07:57:56,WIN-026,cloudflare.com,CNAME
D002049,2026-02-02 02:41:17,WIN-025,internal.corp,CNAME
D002050,2026-03-09 16:27:50,WIN-018,amazonaws.com,AAAA
D002051,2026-05-21 07:54:38,WIN-035,office.com,CNAME
D002052,2026-05-04 21:41:04,WIN-007,google.com,A
D002053,2026-06-12 03:30:18,WIN-033,amazonaws.com,A
D002054,2026-01-17 06:01:42,WIN-036,github.com,AAAA
D002055,2026-06-17 05:30:14,WIN-038,internal.corp,A
D002056,2026-06-29 14:27:28,WIN-007,amazonaws.com,AAAA
D002057,2026-06-06 03:30:46,WIN-025,google.com,A
D002058,2026-06-16 16:16:48,WIN-001,cloudflare.com,A
D002059,2026-03-19 18:00:31,WIN-023,microsoft.com,AAAA
D002060,2026-03-01 20:51:57,WIN-034,office.com,A
D002061,2026-04-19 15:44:36,WIN-032,amazonaws.com,CNAME
D002062,2026-02-24 00:43:40,WIN-008,microsoft.com,CNAME
D002063,2026-05-18 07:27:09,WIN-027,internal.corp,AAAA
D002064,2026-02-22 10:46:23,WIN-027,google.com,A
D002065,2026-01-06 06:40:12,WIN-036,microsoft.com,A
D002066,2026-03-25 07:11:44,WIN-030,cloudflare.com,AAAA
D002067,2026-03-08 14:01:44,WIN-033,office.com,CNAME
D002068,2026-01-13 15:54:03,WIN-023,github.com,AAAA
D002069,2026-04-30 10:33:54,WIN-022,office.com,AAAA
D002070,2026-04-18 03:26:28,WIN-013,microsoft.com,CNAME
D002071,2026-06-05 12:25:11,WIN-005,office.com,A
D002072,2026-05-31 17:08:01,WIN-019,microsoft.com,CNAME
D002073,2026-06-06 11:09:07,WIN-029,github.com,AAAA
D002074,2026-02-03 22:34:20,WIN-030,amazonaws.com,A
D002075,2026-06-04 15:36:36,WIN-022,amazonaws.com,CNAME
D002076,2026-01-08 01:45:54,WIN-033,amazonaws.com,AAAA
D002077,2026-06-24 06:03:56,WIN-031,internal.corp,CNAME
D002078,2026-04-28 21:59:47,WIN-003,microsoft.com,AAAA
D002079,2026-03-28 01:19:29,WIN-034,amazonaws.com,A
D002080,2026-01-09 20:04:49,WIN-007,github.com,AAAA
D002081,2026-02-13 21:58:22,WIN-020,office.com,CNAME
D002082,2026-03-02 15:26:33,WIN-025,google.com,A
D002083,2026-06-25 01:12:13,WIN-040,microsoft.com,CNAME
D002084,2026-04-19 08:09:36,WIN-013,cloudflare.com,AAAA
D002085,2026-01-19 11:20:31,WIN-030,github.com,CNAME
D002086,2026-06-28 02:53:40,WIN-025,github.com,AAAA
D002087,2026-02-01 00:08:45,WIN-028,office.com,A
D002088,2026-02-11 02:47:24,WIN-019,internal.corp,CNAME
D002089,2026-06-24 09:16:09,WIN-034,github.com,A
D002090,2026-03-12 16:22:09,WIN-015,google.com,A
D002091,2026-06-28 03:48:16,WIN-027,microsoft.com,CNAME
D002092,2026-06-11 17:50:30,WIN-026,office.com,A
D002093,2026-02-06 04:00:39,WIN-008,internal.corp,CNAME
D002094,2026-06-17 05:21:31,WIN-007,google.com,A
D002095,2026-01-25 05:12:32,WIN-004,github.com,A
D002096,2026-06-17 15:55:36,WIN-013,microsoft.com,A
D002097,2026-06-14 20:47:22,WIN-006,office.com,A
D002098,2026-06-20 19:39:45,WIN-012,github.com,AAAA
D002099,2026-01-20 04:49:02,WIN-020,amazonaws.com,A
D002100,2026-02-16 18:45:22,WIN-037,google.com,AAAA
D002101,2026-04-01 12:19:08,WIN-020,cloudflare.com,CNAME
D002102,2026-03-24 08:06:49,WIN-036,microsoft.com,A
D002103,2026-06-17 02:49:17,WIN-008,microsoft.com,AAAA
D002104,2026-04-22 13:41:13,WIN-028,microsoft.com,AAAA
D002105,2026-01-07 01:56:59,WIN-028,microsoft.com,CNAME
D002106,2026-01-25 23:57:16,WIN-011,github.com,AAAA
D002107,2026-05-16 15:08:53,WIN-036,github.com,AAAA
D002108,2026-03-12 22:02:25,WIN-008,amazonaws.com,AAAA
D002109,2026-06-03 09:31:16,WIN-012,github.com,CNAME
D002110,2026-06-12 17:06:48,WIN-024,internal.corp,CNAME
D002111,2026-01-10 22:00:05,WIN-016,amazonaws.com,AAAA
D002112,2026-02-16 00:02:35,WIN-022,google.com,AAAA
D002113,2026-04-08 07:39:50,WIN-023,internal.corp,AAAA
D002114,2026-06-23 23:51:00,WIN-038,microsoft.com,AAAA
D002115,2026-01-31 15:44:45,WIN-040,office.com,AAAA
D002116,2026-01-09 09:42:45,WIN-031,microsoft.com,AAAA
D002117,2026-04-15 19:54:15,WIN-028,github.com,A
D002118,2026-05-15 08:13:34,WIN-002,microsoft.com,A
D002119,2026-04-04 12:16:37,WIN-008,internal.corp,AAAA
D002120,2026-03-04 00:50:10,WIN-019,amazonaws.com,CNAME
D002121,2026-04-06 07:20:31,WIN-037,google.com,CNAME
D002122,2026-05-14 11:50:51,WIN-002,office.com,AAAA
D002123,2026-05-10 20:59:17,WIN-020,cloudflare.com,AAAA
D002124,2026-02-02 22:05:04,WIN-027,microsoft.com,AAAA
D002125,2026-04-20 01:44:22,WIN-012,github.com,A
D002126,2026-01-20 17:54:42,WIN-007,amazonaws.com,CNAME
D002127,2026-05-19 17:26:32,WIN-035,cloudflare.com,CNAME
D002128,2026-04-12 23:23:31,WIN-034,github.com,A
D002129,2026-04-21 02:20:46,WIN-022,office.com,A
D002130,2026-01-13 21:13:36,WIN-032,google.com,A
D002131,2026-04-20 07:41:33,WIN-011,amazonaws.com,A
D002132,2026-02-21 14:05:59,WIN-001,internal.corp,AAAA
D002133,2026-01-29 14:02:56,WIN-008,google.com,A
D002134,2026-01-21 05:48:49,WIN-003,internal.corp,AAAA
D002135,2026-06-07 00:21:39,WIN-011,microsoft.com,AAAA
D002136,2026-02-17 09:56:13,WIN-018,microsoft.com,AAAA
D002137,2026-04-26 10:04:36,WIN-010,office.com,A
D002138,2026-01-04 02:31:39,WIN-030,github.com,AAAA
D002139,2026-03-28 22:29:39,WIN-020,internal.corp,AAAA
D002140,2026-06-03 08:08:57,WIN-020,microsoft.com,AAAA
D002141,2026-05-03 08:16:34,WIN-026,google.com,A
D002142,2026-04-11 21:02:28,WIN-037,amazonaws.com,AAAA
D002143,2026-02-10 07:03:34,WIN-025,cloudflare.com,A
D002144,2026-04-23 23:37:53,WIN-028,google.com,AAAA
D002145,2026-05-26 09:36:14,WIN-022,amazonaws.com,A
D002146,2026-04-19 19:21:36,WIN-021,office.com,AAAA
D002147,2026-04-13 09:35:21,WIN-017,cloudflare.com,AAAA
D002148,2026-02-10 19:49:54,WIN-023,github.com,AAAA
D002149,2026-01-27 04:13:15,WIN-016,amazonaws.com,AAAA
D002150,2026-04-02 15:11:49,WIN-038,cloudflare.com,A
D002151,2026-04-14 11:30:22,WIN-025,amazonaws.com,A
D002152,2026-06-12 08:01:08,WIN-026,google.com,CNAME
D002153,2026-05-19 07:38:54,WIN-035,google.com,A
D002154,2026-03-23 15:02:16,WIN-006,cloudflare.com,CNAME
D002155,2026-03-30 12:32:54,WIN-011,internal.corp,CNAME
D002156,2026-01-11 03:29:12,WIN-029,google.com,A
D002157,2026-02-13 13:22:25,WIN-023,office.com,CNAME
D002158,2026-06-04 06:31:49,WIN-004,github.com,CNAME
D002159,2026-03-16 04:06:32,WIN-015,github.com,AAAA
D002160,2026-05-03 18:16:48,WIN-007,google.com,CNAME
D002161,2026-02-12 00:55:46,WIN-031,github.com,A
D002162,2026-06-02 23:18:26,WIN-014,internal.corp,A
D002163,2026-03-19 22:39:22,WIN-017,github.com,AAAA
D002164,2026-03-03 09:46:56,WIN-017,cloudflare.com,CNAME
D002165,2026-05-27 00:21:20,WIN-014,github.com,CNAME
D002166,2026-05-29 04:09:10,WIN-019,microsoft.com,AAAA
D002167,2026-02-09 22:47:35,WIN-005,github.com,CNAME
D002168,2026-03-23 17:58:53,WIN-007,microsoft.com,A
D002169,2026-01-30 18:20:59,WIN-016,internal.corp,CNAME
D002170,2026-03-08 05:39:33,WIN-010,internal.corp,A
D002171,2026-01-28 00:37:01,WIN-012,cloudflare.com,A
D002172,2026-02-25 11:35:23,WIN-033,cloudflare.com,CNAME
D002173,2026-06-24 06:08:22,WIN-027,microsoft.com,CNAME
D002174,2026-02-25 07:30:38,WIN-009,github.com,CNAME
D002175,2026-01-28 09:38:04,WIN-011,github.com,AAAA
D002176,2026-02-27 04:22:45,WIN-032,cloudflare.com,AAAA
D002177,2026-05-01 13:41:24,WIN-006,office.com,AAAA
D002178,2026-06-03 23:59:50,WIN-036,github.com,A
D002179,2026-02-01 20:43:50,WIN-032,github.com,A
D002180,2026-05-29 00:14:16,WIN-013,amazonaws.com,A
D002181,2026-02-13 15:59:23,WIN-018,amazonaws.com,CNAME
D002182,2026-04-10 05:36:06,WIN-025,microsoft.com,AAAA
D002183,2026-05-02 03:03:28,WIN-019,internal.corp,CNAME
D002184,2026-05-26 13:11:24,WIN-010,cloudflare.com,CNAME
D002185,2026-05-19 20:21:30,WIN-009,office.com,CNAME
D002186,2026-05-23 20:04:48,WIN-017,internal.corp,AAAA
D002187,2026-06-18 13:28:04,WIN-031,google.com,CNAME
D002188,2026-04-25 14:42:31,WIN-030,office.com,A
D002189,2026-01-11 21:56:32,WIN-023,github.com,A
D002190,2026-01-02 01:49:22,WIN-017,github.com,AAAA
D002191,2026-05-08 17:44:46,WIN-040,google.com,CNAME
D002192,2026-04-15 00:06:32,WIN-008,internal.corp,AAAA
D002193,2026-03-29 03:38:18,WIN-037,amazonaws.com,AAAA
D002194,2026-03-16 20:45:59,WIN-016,office.com,AAAA
D002195,2026-03-09 09:06:01,WIN-009,google.com,AAAA
D002196,2026-05-13 17:02:30,WIN-022,internal.corp,A
D002197,2026-02-08 23:27:28,WIN-008,google.com,A
D002198,2026-01-25 13:53:53,WIN-011,office.com,A
D002199,2026-02-27 11:17:17,WIN-013,cloudflare.com,CNAME
D002200,2026-01-30 15:38:43,WIN-020,cloudflare.com,CNAME
D002201,2026-05-02 04:02:03,WIN-018,amazonaws.com,A
D002202,2026-05-04 00:34:08,WIN-025,internal.corp,A
D002203,2026-02-10 05:02:40,WIN-021,amazonaws.com,AAAA
D002204,2026-05-09 14:42:47,WIN-004,internal.corp,CNAME
D002205,2026-04-05 22:02:57,WIN-007,internal.corp,CNAME
D002206,2026-03-16 07:50:31,WIN-037,internal.corp,CNAME
D002207,2026-01-28 20:09:32,WIN-021,microsoft.com,AAAA
D002208,2026-02-08 22:20:01,WIN-013,office.com,AAAA
D002209,2026-01-17 23:38:57,WIN-016,amazonaws.com,AAAA
D002210,2026-02-27 07:01:44,WIN-025,cloudflare.com,AAAA
D002211,2026-05-08 08:38:16,WIN-040,internal.corp,CNAME
D002212,2026-02-25 22:53:17,WIN-020,github.com,AAAA
D002213,2026-06-26 08:52:45,WIN-033,microsoft.com,AAAA
D002214,2026-02-25 08:30:05,WIN-012,microsoft.com,AAAA
D002215,2026-02-22 15:24:13,WIN-022,google.com,A
D002216,2026-04-22 18:05:04,WIN-032,microsoft.com,A
D002217,2026-03-05 02:27:19,WIN-018,google.com,A
D002218,2026-04-29 08:38:29,WIN-031,amazonaws.com,CNAME
D002219,2026-03-19 08:29:31,WIN-015,amazonaws.com,AAAA
D002220,2026-05-21 16:48:29,WIN-030,amazonaws.com,CNAME
D002221,2026-03-03 15:49:09,WIN-025,amazonaws.com,AAAA
D002222,2026-04-20 16:11:53,WIN-005,amazonaws.com,AAAA
D002223,2026-06-13 16:05:24,WIN-002,internal.corp,AAAA
D002224,2026-06-26 09:02:01,WIN-030,google.com,CNAME
D002225,2026-04-24 21:59:45,WIN-015,amazonaws.com,AAAA
D002226,2026-03-23 19:39:22,WIN-006,google.com,CNAME
D002227,2026-06-21 10:24:58,WIN-004,office.com,A
D002228,2026-03-23 14:12:09,WIN-021,github.com,CNAME
D002229,2026-02-06 05:37:08,WIN-021,cloudflare.com,A
D002230,2026-05-23 10:44:08,WIN-025,office.com,A
D002231,2026-05-11 14:11:46,WIN-018,amazonaws.com,AAAA
D002232,2026-02-13 23:41:22,WIN-035,amazonaws.com,A
D002233,2026-02-26 05:37:55,WIN-025,microsoft.com,AAAA
D002234,2026-02-24 19:28:00,WIN-005,cloudflare.com,AAAA
D002235,2026-02-03 02:46:09,WIN-031,google.com,A
D002236,2026-05-20 07:23:19,WIN-013,cloudflare.com,A
D002237,2026-05-09 05:57:12,WIN-031,amazonaws.com,A
D002238,2026-01-11 21:06:36,WIN-039,github.com,A
D002239,2026-05-08 11:40:04,WIN-002,google.com,CNAME
D002240,2026-04-25 01:16:30,WIN-031,microsoft.com,AAAA
D002241,2026-04-22 13:44:25,WIN-040,google.com,A
D002242,2026-02-24 06:17:31,WIN-011,internal.corp,A
D002243,2026-04-20 13:52:46,WIN-040,google.com,A
D002244,2026-05-02 01:00:41,WIN-031,cloudflare.com,CNAME
D002245,2026-04-23 01:09:53,WIN-017,github.com,AAAA
D002246,2026-06-13 23:00:31,WIN-022,cloudflare.com,CNAME
D002247,2026-04-04 06:42:25,WIN-004,cloudflare.com,A
D002248,2026-05-09 18:58:10,WIN-018,amazonaws.com,A
D002249,2026-03-22 03:05:27,WIN-018,microsoft.com,AAAA
D002250,2026-05-23 14:32:54,WIN-028,github.com,AAAA
D002251,2026-01-10 16:27:55,WIN-027,internal.corp,AAAA
D002252,2026-06-26 13:32:02,WIN-015,internal.corp,A
D002253,2026-05-09 21:00:47,WIN-024,microsoft.com,AAAA
D002254,2026-06-06 15:19:58,WIN-025,office.com,CNAME
D002255,2026-03-16 02:24:33,WIN-036,cloudflare.com,A
D002256,2026-05-29 13:17:29,WIN-033,cloudflare.com,A
D002257,2026-01-29 09:22:25,WIN-036,office.com,CNAME
D002258,2026-05-10 00:17:19,WIN-038,internal.corp,AAAA
D002259,2026-01-28 21:55:06,WIN-013,office.com,CNAME
D002260,2026-04-17 07:15:16,WIN-023,google.com,CNAME
D002261,2026-02-03 14:57:08,WIN-035,microsoft.com,AAAA
D002262,2026-06-24 18:46:49,WIN-023,google.com,A
D002263,2026-01-24 10:44:36,WIN-009,google.com,A
D002264,2026-05-10 15:42:27,WIN-001,amazonaws.com,AAAA
D002265,2026-05-13 02:26:51,WIN-018,microsoft.com,AAAA
D002266,2026-03-17 19:53:22,WIN-010,amazonaws.com,AAAA
D002267,2026-05-28 02:25:13,WIN-005,internal.corp,A
D002268,2026-01-24 16:56:20,WIN-009,microsoft.com,AAAA
D002269,2026-06-13 20:15:33,WIN-009,google.com,A
D002270,2026-01-03 05:16:32,WIN-014,github.com,A
D002271,2026-05-08 20:28:19,WIN-025,microsoft.com,A
D002272,2026-04-23 01:21:03,WIN-024,internal.corp,CNAME
D002273,2026-05-06 23:27:18,WIN-033,cloudflare.com,A
D002274,2026-03-05 02:10:08,WIN-029,microsoft.com,A
D002275,2026-06-01 19:09:20,WIN-035,amazonaws.com,CNAME
D002276,2026-03-25 23:28:10,WIN-016,microsoft.com,AAAA
D002277,2026-01-12 19:17:17,WIN-022,microsoft.com,CNAME
D002278,2026-04-30 04:26:53,WIN-039,github.com,AAAA
D002279,2026-04-11 16:14:43,WIN-029,office.com,AAAA
D002280,2026-02-02 01:09:54,WIN-017,amazonaws.com,AAAA
D002281,2026-06-13 06:41:43,WIN-040,microsoft.com,CNAME
D002282,2026-04-08 18:17:56,WIN-028,amazonaws.com,CNAME
D002283,2026-02-14 02:24:15,WIN-013,google.com,AAAA
D002284,2026-04-25 13:11:32,WIN-002,internal.corp,AAAA
D002285,2026-03-20 00:44:23,WIN-030,amazonaws.com,AAAA
D002286,2026-05-02 21:39:53,WIN-040,cloudflare.com,A
D002287,2026-05-06 17:38:56,WIN-031,google.com,A
D002288,2026-06-16 12:59:22,WIN-038,google.com,AAAA
D002289,2026-04-09 23:43:38,WIN-005,cloudflare.com,AAAA
D002290,2026-03-18 10:38:15,WIN-016,cloudflare.com,CNAME
D002291,2026-03-09 11:27:56,WIN-036,google.com,A
D002292,2026-02-23 10:22:42,WIN-033,github.com,A
D002293,2026-01-21 06:14:24,WIN-030,github.com,AAAA
D002294,2026-01-05 13:49:28,WIN-024,google.com,A
D002295,2026-06-06 19:58:10,WIN-027,google.com,AAAA
D002296,2026-05-19 21:55:18,WIN-010,microsoft.com,CNAME
D002297,2026-05-30 14:02:21,WIN-035,internal.corp,A
D002298,2026-01-03 20:29:43,WIN-011,internal.corp,A
D002299,2026-04-07 02:35:24,WIN-020,office.com,CNAME
D002300,2026-06-18 15:53:32,WIN-033,office.com,A
D002301,2026-02-05 06:47:54,WIN-018,microsoft.com,AAAA
D002302,2026-03-20 17:17:22,WIN-040,amazonaws.com,A
D002303,2026-05-06 14:43:44,WIN-022,google.com,AAAA
D002304,2026-04-06 21:08:36,WIN-009,amazonaws.com,A
D002305,2026-03-06 10:15:25,WIN-011,microsoft.com,CNAME
D002306,2026-03-02 05:55:14,WIN-033,internal.corp,CNAME
D002307,2026-04-08 21:41:40,WIN-024,google.com,A
D002308,2026-02-17 07:51:54,WIN-037,amazonaws.com,CNAME
D002309,2026-03-29 22:42:34,WIN-038,github.com,CNAME
D002310,2026-01-04 12:29:16,WIN-027,office.com,CNAME
D002311,2026-01-30 00:49:46,WIN-035,amazonaws.com,CNAME
D002312,2026-03-08 21:06:01,WIN-020,google.com,A
D002313,2026-03-07 01:46:16,WIN-021,github.com,A
D002314,2026-03-01 18:54:28,WIN-001,internal.corp,AAAA
D002315,2026-03-30 06:19:16,WIN-024,github.com,AAAA
D002316,2026-04-23 01:28:45,WIN-036,cloudflare.com,AAAA
D002317,2026-04-13 23:16:57,WIN-009,internal.corp,A
D002318,2026-01-15 20:19:41,WIN-034,cloudflare.com,A
D002319,2026-01-17 10:47:31,WIN-020,google.com,A
D002320,2026-05-31 14:18:10,WIN-028,microsoft.com,A
D002321,2026-01-29 06:11:09,WIN-026,office.com,A
D002322,2026-04-08 13:09:14,WIN-025,github.com,AAAA
D002323,2026-01-07 13:42:47,WIN-006,office.com,A
D002324,2026-04-20 04:53:30,WIN-039,internal.corp,CNAME
D002325,2026-03-01 19:13:40,WIN-010,google.com,AAAA
D002326,2026-02-26 05:48:42,WIN-019,google.com,CNAME
D002327,2026-06-19 14:41:48,WIN-012,github.com,A
D002328,2026-01-10 19:27:32,WIN-036,office.com,AAAA
D002329,2026-02-16 07:00:13,WIN-021,internal.corp,CNAME
D002330,2026-01-29 06:38:47,WIN-035,internal.corp,A
D002331,2026-02-13 00:59:20,WIN-029,cloudflare.com,A
D002332,2026-01-29 21:27:46,WIN-001,internal.corp,AAAA
D002333,2026-02-25 09:44:50,WIN-011,github.com,AAAA
D002334,2026-06-01 21:46:43,WIN-023,office.com,AAAA
D002335,2026-02-18 02:55:04,WIN-033,cloudflare.com,CNAME
D002336,2026-02-05 13:42:10,WIN-029,internal.corp,CNAME
D002337,2026-01-29 06:10:48,WIN-008,google.com,CNAME
D002338,2026-02-16 04:55:39,WIN-003,google.com,CNAME
D002339,2026-03-21 04:55:18,WIN-019,internal.corp,CNAME
D002340,2026-01-23 17:29:14,WIN-018,office.com,CNAME
D002341,2026-03-09 03:14:19,WIN-002,internal.corp,CNAME
D002342,2026-02-15 19:03:47,WIN-038,github.com,A
D002343,2026-01-01 21:36:49,WIN-001,google.com,A
D002344,2026-03-01 16:57:36,WIN-019,office.com,CNAME
D002345,2026-04-22 09:00:43,WIN-004,google.com,AAAA
D002346,2026-06-16 13:52:48,WIN-028,cloudflare.com,A
D002347,2026-06-26 03:52:22,WIN-035,internal.corp,CNAME
D002348,2026-04-13 16:56:11,WIN-020,github.com,CNAME
D002349,2026-02-20 17:45:55,WIN-006,cloudflare.com,CNAME
D002350,2026-01-02 07:57:36,WIN-011,amazonaws.com,CNAME
D002351,2026-05-13 21:55:58,WIN-026,google.com,A
D002352,2026-06-19 21:12:35,WIN-004,internal.corp,CNAME
D002353,2026-05-30 05:25:07,WIN-017,microsoft.com,AAAA
D002354,2026-03-19 11:51:18,WIN-014,github.com,CNAME
D002355,2026-03-23 10:31:34,WIN-009,microsoft.com,CNAME
D002356,2026-02-16 06:40:24,WIN-031,amazonaws.com,AAAA
D002357,2026-03-28 08:52:32,WIN-003,amazonaws.com,A
D002358,2026-06-07 02:22:49,WIN-003,github.com,A
D002359,2026-06-29 21:17:16,WIN-035,office.com,A
D002360,2026-05-12 15:17:07,WIN-009,microsoft.com,A
D002361,2026-06-28 22:29:12,WIN-025,cloudflare.com,AAAA
D002362,2026-04-10 14:53:43,WIN-008,amazonaws.com,AAAA
D002363,2026-06-03 01:52:49,WIN-011,internal.corp,AAAA
D002364,2026-04-23 15:15:31,WIN-027,cloudflare.com,A
D002365,2026-06-20 02:22:50,WIN-032,google.com,CNAME
D002366,2026-02-05 07:15:48,WIN-012,office.com,CNAME
D002367,2026-06-02 07:12:31,WIN-002,internal.corp,CNAME
D002368,2026-05-27 10:01:32,WIN-040,office.com,AAAA
D002369,2026-04-27 15:02:59,WIN-023,google.com,A
D002370,2026-05-16 16:46:42,WIN-035,microsoft.com,CNAME
D002371,2026-01-04 05:07:21,WIN-018,amazonaws.com,CNAME
D002372,2026-04-04 02:33:43,WIN-010,internal.corp,CNAME
D002373,2026-04-24 11:22:10,WIN-034,amazonaws.com,CNAME
D002374,2026-02-14 02:10:12,WIN-030,office.com,CNAME
D002375,2026-02-15 10:18:58,WIN-036,github.com,CNAME
D002376,2026-06-10 07:38:58,WIN-031,amazonaws.com,AAAA
D002377,2026-02-09 04:07:45,WIN-022,github.com,CNAME
D002378,2026-03-17 00:48:04,WIN-013,amazonaws.com,AAAA
D002379,2026-03-22 07:12:43,WIN-015,cloudflare.com,CNAME
D002380,2026-03-09 04:44:28,WIN-005,office.com,A
D002381,2026-06-19 17:15:07,WIN-025,microsoft.com,A
D002382,2026-05-27 04:45:09,WIN-027,github.com,A
D002383,2026-05-14 05:11:29,WIN-036,cloudflare.com,AAAA
D002384,2026-06-19 21:02:31,WIN-039,google.com,CNAME
D002385,2026-05-04 12:12:14,WIN-019,microsoft.com,CNAME
D002386,2026-05-07 09:57:41,WIN-008,cloudflare.com,AAAA
D002387,2026-04-06 04:00:29,WIN-036,microsoft.com,AAAA
D002388,2026-01-17 22:30:11,WIN-017,microsoft.com,AAAA
D002389,2026-02-20 03:52:42,WIN-037,amazonaws.com,CNAME
D002390,2026-06-07 17:48:39,WIN-028,microsoft.com,CNAME
D002391,2026-06-16 13:41:12,WIN-005,microsoft.com,A
D002392,2026-04-20 00:08:22,WIN-018,microsoft.com,AAAA
D002393,2026-04-29 06:31:44,WIN-010,github.com,CNAME
D002394,2026-06-08 06:24:01,WIN-027,amazonaws.com,A
D002395,2026-03-31 08:06:05,WIN-001,amazonaws.com,A
D002396,2026-01-08 18:42:02,WIN-007,cloudflare.com,AAAA
D002397,2026-06-15 00:42:50,WIN-032,office.com,A
D002398,2026-04-12 14:13:15,WIN-012,cloudflare.com,CNAME
D002399,2026-02-14 03:32:19,WIN-016,cloudflare.com,AAAA
D002400,2026-01-01 09:14:20,WIN-031,internal.corp,AAAA
D002401,2026-01-04 04:29:01,WIN-033,office.com,AAAA
D002402,2026-04-20 16:14:13,WIN-010,google.com,AAAA
D002403,2026-05-05 13:50:35,WIN-037,google.com,A
D002404,2026-01-10 07:42:14,WIN-028,office.com,AAAA
D002405,2026-03-30 20:33:44,WIN-035,office.com,CNAME
D002406,2026-04-21 17:03:31,WIN-004,google.com,A
D002407,2026-05-28 07:58:06,WIN-026,google.com,CNAME
D002408,2026-04-09 10:34:05,WIN-026,internal.corp,A
D002409,2026-05-11 13:20:24,WIN-017,google.com,A
D002410,2026-05-12 05:54:56,WIN-027,internal.corp,A
D002411,2026-03-08 07:35:46,WIN-005,google.com,AAAA
D002412,2026-04-25 07:16:36,WIN-032,amazonaws.com,CNAME
D002413,2026-02-16 21:33:10,WIN-019,office.com,CNAME
D002414,2026-04-17 16:07:14,WIN-021,microsoft.com,A
D002415,2026-04-01 07:03:59,WIN-033,cloudflare.com,A
D002416,2026-05-25 06:27:21,WIN-006,microsoft.com,A
D002417,2026-05-17 11:27:50,WIN-026,office.com,AAAA
D002418,2026-04-22 14:17:16,WIN-019,amazonaws.com,A
D002419,2026-02-16 04:16:23,WIN-038,cloudflare.com,AAAA
D002420,2026-04-02 12:01:35,WIN-029,google.com,CNAME
D002421,2026-05-14 10:08:15,WIN-011,github.com,AAAA
D002422,2026-01-10 08:06:25,WIN-035,cloudflare.com,A
D002423,2026-02-23 01:17:41,WIN-017,cloudflare.com,CNAME
D002424,2026-03-16 16:29:08,WIN-035,microsoft.com,CNAME
D002425,2026-06-29 02:27:23,WIN-038,cloudflare.com,A
D002426,2026-03-16 20:57:32,WIN-022,microsoft.com,A
D002427,2026-04-23 16:31:16,WIN-019,cloudflare.com,A
D002428,2026-06-24 00:49:25,WIN-001,microsoft.com,A
D002429,2026-01-30 22:17:17,WIN-024,internal.corp,AAAA
D002430,2026-05-28 23:56:03,WIN-024,google.com,CNAME
D002431,2026-06-06 18:16:37,WIN-010,microsoft.com,CNAME
D002432,2026-01-13 09:10:54,WIN-006,google.com,AAAA
D002433,2026-05-19 08:31:15,WIN-022,github.com,A
D002434,2026-04-11 03:51:52,WIN-009,amazonaws.com,AAAA
D002435,2026-03-29 02:53:48,WIN-039,amazonaws.com,CNAME
D002436,2026-01-24 01:34:41,WIN-005,github.com,CNAME
D002437,2026-03-21 18:38:21,WIN-031,internal.corp,A
D002438,2026-01-30 16:17:21,WIN-005,cloudflare.com,A
D002439,2026-02-17 17:05:03,WIN-009,github.com,CNAME
D002440,2026-03-19 11:28:53,WIN-010,microsoft.com,CNAME
D002441,2026-04-10 10:27:29,WIN-028,internal.corp,CNAME
D002442,2026-04-03 11:14:12,WIN-004,internal.corp,A
D002443,2026-04-19 10:41:38,WIN-030,google.com,A
D002444,2026-03-01 20:56:49,WIN-025,google.com,A
D002445,2026-05-02 13:32:19,WIN-027,cloudflare.com,CNAME
D002446,2026-01-28 02:19:39,WIN-032,google.com,AAAA
D002447,2026-02-06 16:00:16,WIN-009,google.com,AAAA
D002448,2026-01-23 20:00:04,WIN-006,google.com,A
D002449,2026-06-04 05:15:48,WIN-009,google.com,AAAA
D002450,2026-04-07 18:04:03,WIN-016,google.com,CNAME
D002451,2026-06-08 14:17:58,WIN-040,microsoft.com,AAAA
D002452,2026-03-03 12:42:41,WIN-035,office.com,A
D002453,2026-04-19 23:49:27,WIN-031,google.com,AAAA
D002454,2026-06-03 06:24:59,WIN-016,google.com,CNAME
D002455,2026-06-01 02:51:10,WIN-031,cloudflare.com,CNAME
D002456,2026-06-02 01:21:02,WIN-039,microsoft.com,CNAME
D002457,2026-03-20 14:13:37,WIN-004,github.com,A
D002458,2026-04-19 00:46:43,WIN-038,microsoft.com,CNAME
D002459,2026-04-18 22:38:25,WIN-032,cloudflare.com,A
D002460,2026-06-26 03:24:52,WIN-002,google.com,AAAA
D002461,2026-01-16 06:54:04,WIN-040,microsoft.com,CNAME
D002462,2026-05-14 18:42:28,WIN-014,internal.corp,AAAA
D002463,2026-06-23 20:01:48,WIN-016,microsoft.com,CNAME
D002464,2026-03-06 15:29:34,WIN-030,amazonaws.com,AAAA
D002465,2026-05-31 20:38:31,WIN-001,office.com,CNAME
D002466,2026-02-06 02:05:07,WIN-004,microsoft.com,A
D002467,2026-01-18 21:08:57,WIN-024,google.com,AAAA
D002468,2026-05-26 05:44:17,WIN-022,github.com,A
D002469,2026-02-16 06:09:52,WIN-024,google.com,AAAA
D002470,2026-04-04 15:55:52,WIN-019,github.com,CNAME
D002471,2026-03-17 21:31:15,WIN-031,github.com,CNAME
D002472,2026-06-30 06:17:26,WIN-018,microsoft.com,AAAA
D002473,2026-02-11 11:12:44,WIN-040,microsoft.com,CNAME
D002474,2026-01-27 21:31:07,WIN-024,microsoft.com,A
D002475,2026-01-30 20:37:55,WIN-020,office.com,A
D002476,2026-03-02 07:54:37,WIN-012,cloudflare.com,A
D002477,2026-02-09 05:26:29,WIN-021,office.com,AAAA
D002478,2026-06-03 03:33:43,WIN-037,amazonaws.com,CNAME
D002479,2026-02-19 10:32:54,WIN-038,internal.corp,CNAME
D002480,2026-01-01 07:41:44,WIN-028,amazonaws.com,A
D002481,2026-05-29 15:43:59,WIN-028,internal.corp,A
D002482,2026-04-30 14:17:50,WIN-010,amazonaws.com,AAAA
D002483,2026-02-14 11:24:46,WIN-032,internal.corp,A
D002484,2026-02-24 19:16:43,WIN-007,office.com,CNAME
D002485,2026-02-18 16:36:57,WIN-021,google.com,A
D002486,2026-05-23 14:23:48,WIN-008,google.com,AAAA
D002487,2026-03-11 14:37:15,WIN-016,amazonaws.com,A
D002488,2026-05-13 06:26:35,WIN-027,cloudflare.com,CNAME
D002489,2026-02-06 03:07:59,WIN-038,cloudflare.com,CNAME
D002490,2026-06-14 10:55:13,WIN-008,github.com,A
D002491,2026-05-12 13:07:16,WIN-033,internal.corp,AAAA
D002492,2026-03-17 15:57:19,WIN-014,internal.corp,AAAA
D002493,2026-05-25 11:16:45,WIN-024,github.com,AAAA
D002494,2026-05-29 06:09:33,WIN-027,office.com,A
D002495,2026-02-18 23:12:00,WIN-007,amazonaws.com,AAAA
D002496,2026-03-30 02:13:45,WIN-012,amazonaws.com,CNAME
D002497,2026-05-27 20:21:10,WIN-006,github.com,A
D002498,2026-04-18 04:22:28,WIN-030,microsoft.com,AAAA
D002499,2026-05-22 06:46:06,WIN-037,office.com,AAAA
D002500,2026-06-01 07:34:55,WIN-012,internal.corp,A
D002501,2026-03-25 07:49:27,WIN-007,office.com,AAAA
D002502,2026-03-13 00:50:58,WIN-001,github.com,CNAME
D002503,2026-04-03 14:07:57,WIN-025,google.com,CNAME
D002504,2026-06-09 04:01:17,WIN-028,internal.corp,A
D002505,2026-01-15 19:11:08,WIN-034,office.com,A
D002506,2026-02-04 21:20:17,WIN-017,github.com,CNAME
D002507,2026-03-23 04:35:02,WIN-014,office.com,CNAME
D002508,2026-04-19 01:08:13,WIN-011,microsoft.com,AAAA
D002509,2026-05-16 09:57:35,WIN-025,internal.corp,AAAA
D002510,2026-05-12 15:18:38,WIN-032,google.com,AAAA
D002511,2026-03-08 12:51:14,WIN-006,amazonaws.com,A
D002512,2026-06-03 22:50:54,WIN-008,microsoft.com,CNAME
D002513,2026-06-28 11:54:35,WIN-037,google.com,A
D002514,2026-01-12 17:37:33,WIN-003,microsoft.com,CNAME
D002515,2026-02-24 12:36:33,WIN-001,google.com,A
D002516,2026-03-04 01:41:45,WIN-007,github.com,AAAA
D002517,2026-03-19 20:18:49,WIN-008,cloudflare.com,CNAME
D002518,2026-06-18 21:56:08,WIN-035,internal.corp,CNAME
D002519,2026-06-13 11:02:42,WIN-003,amazonaws.com,AAAA
D002520,2026-03-06 03:13:21,WIN-023,github.com,A
D002521,2026-01-18 18:13:05,WIN-031,amazonaws.com,CNAME
D002522,2026-05-01 01:39:52,WIN-007,office.com,AAAA
D002523,2026-03-08 04:02:30,WIN-022,google.com,A
D002524,2026-02-23 09:40:34,WIN-005,cloudflare.com,CNAME
D002525,2026-05-18 04:23:46,WIN-037,amazonaws.com,AAAA
D002526,2026-01-02 04:46:33,WIN-020,office.com,CNAME
D002527,2026-03-04 01:12:51,WIN-003,github.com,AAAA
D002528,2026-02-12 14:19:19,WIN-006,internal.corp,CNAME
D002529,2026-02-15 19:19:47,WIN-007,github.com,A
D002530,2026-02-24 19:07:14,WIN-037,google.com,AAAA
D002531,2026-03-11 08:54:06,WIN-001,office.com,AAAA
D002532,2026-01-04 19:10:59,WIN-010,internal.corp,AAAA
D002533,2026-06-11 13:55:54,WIN-034,google.com,CNAME
D002534,2026-02-20 21:21:05,WIN-015,amazonaws.com,AAAA
D002535,2026-05-30 20:33:02,WIN-027,github.com,A
D002536,2026-02-02 22:14:37,WIN-036,internal.corp,AAAA
D002537,2026-02-25 17:25:59,WIN-021,office.com,A
D002538,2026-05-11 06:19:23,WIN-013,cloudflare.com,AAAA
D002539,2026-06-24 14:16:34,WIN-026,github.com,A
D002540,2026-01-23 18:36:08,WIN-030,cloudflare.com,A
D002541,2026-05-09 07:34:58,WIN-029,google.com,A
D002542,2026-06-11 08:01:38,WIN-039,amazonaws.com,CNAME
D002543,2026-03-30 04:51:51,WIN-037,amazonaws.com,A
D002544,2026-03-11 16:34:52,WIN-001,internal.corp,AAAA
D002545,2026-06-19 21:39:57,WIN-030,microsoft.com,A
D002546,2026-03-19 10:37:04,WIN-037,internal.corp,CNAME
D002547,2026-02-07 23:24:54,WIN-021,google.com,A
D002548,2026-06-06 16:52:47,WIN-012,microsoft.com,A
D002549,2026-04-17 00:43:48,WIN-014,internal.corp,AAAA
D002550,2026-05-18 14:26:27,WIN-003,internal.corp,AAAA
D002551,2026-05-21 21:08:16,WIN-001,amazonaws.com,A
D002552,2026-02-02 10:37:42,WIN-023,microsoft.com,A
D002553,2026-04-21 08:27:27,WIN-024,microsoft.com,AAAA
D002554,2026-03-11 22:09:32,WIN-035,office.com,AAAA
D002555,2026-04-01 12:06:00,WIN-033,google.com,CNAME
D002556,2026-04-17 02:55:49,WIN-039,amazonaws.com,AAAA
D002557,2026-01-12 17:50:14,WIN-033,github.com,A
D002558,2026-03-09 19:28:50,WIN-035,github.com,AAAA
D002559,2026-02-08 17:20:30,WIN-019,microsoft.com,CNAME
D002560,2026-05-31 15:20:09,WIN-036,google.com,CNAME
D002561,2026-05-25 20:23:29,WIN-038,cloudflare.com,A
D002562,2026-04-08 04:05:40,WIN-004,internal.corp,A
D002563,2026-05-20 07:17:37,WIN-032,amazonaws.com,A
D002564,2026-03-19 08:48:00,WIN-020,google.com,CNAME
D002565,2026-06-16 17:55:47,WIN-032,microsoft.com,A
D002566,2026-06-08 22:22:45,WIN-018,google.com,A
D002567,2026-04-08 15:06:23,WIN-026,github.com,A
D002568,2026-03-14 05:55:29,WIN-009,github.com,A
D002569,2026-01-31 16:31:29,WIN-009,internal.corp,A
D002570,2026-01-08 19:01:01,WIN-016,github.com,A
D002571,2026-02-03 21:55:13,WIN-019,microsoft.com,A
D002572,2026-03-14 08:46:00,WIN-018,microsoft.com,AAAA
D002573,2026-02-27 21:45:40,WIN-028,office.com,A
D002574,2026-03-28 01:16:04,WIN-016,github.com,A
D002575,2026-04-19 10:34:00,WIN-018,microsoft.com,A
D002576,2026-01-30 19:56:14,WIN-009,cloudflare.com,AAAA
D002577,2026-06-07 05:07:27,WIN-002,github.com,A
D002578,2026-04-23 06:24:13,WIN-022,internal.corp,AAAA
D002579,2026-03-15 15:57:07,WIN-013,microsoft.com,CNAME
D002580,2026-02-18 22:02:38,WIN-019,internal.corp,AAAA
D002581,2026-01-14 12:31:45,WIN-005,github.com,CNAME
D002582,2026-06-12 04:16:21,WIN-006,microsoft.com,CNAME
D002583,2026-03-20 07:56:07,WIN-005,amazonaws.com,CNAME
D002584,2026-05-09 14:44:15,WIN-001,google.com,A
D002585,2026-03-15 06:08:43,WIN-035,office.com,AAAA
D002586,2026-05-14 21:18:20,WIN-020,github.com,AAAA
D002587,2026-01-06 17:03:06,WIN-028,amazonaws.com,A
D002588,2026-05-15 01:03:53,WIN-039,amazonaws.com,CNAME
D002589,2026-02-11 19:11:06,WIN-028,cloudflare.com,AAAA
D002590,2026-01-13 13:26:01,WIN-012,cloudflare.com,CNAME
D002591,2026-03-22 17:04:53,WIN-035,office.com,A
D002592,2026-04-04 04:05:29,WIN-013,office.com,A
D002593,2026-05-18 10:58:38,WIN-031,github.com,A
D002594,2026-04-25 10:59:36,WIN-004,microsoft.com,A
D002595,2026-05-15 18:59:19,WIN-022,google.com,A
D002596,2026-02-16 05:55:02,WIN-017,cloudflare.com,CNAME
D002597,2026-05-08 11:52:43,WIN-010,amazonaws.com,A
D002598,2026-06-23 14:59:01,WIN-007,microsoft.com,AAAA
D002599,2026-06-26 15:14:49,WIN-026,internal.corp,A
D002600,2026-02-20 07:06:34,WIN-024,internal.corp,AAAA
D002601,2026-03-23 09:17:43,WIN-016,google.com,A
D002602,2026-02-21 03:24:56,WIN-001,office.com,CNAME
D002603,2026-02-19 01:53:04,WIN-039,microsoft.com,A
D002604,2026-04-26 12:06:09,WIN-019,google.com,A
D002605,2026-04-29 04:15:51,WIN-031,amazonaws.com,AAAA
D002606,2026-05-19 18:56:17,WIN-022,github.com,CNAME
D002607,2026-06-03 21:02:52,WIN-016,amazonaws.com,AAAA
D002608,2026-02-20 12:31:25,WIN-032,amazonaws.com,AAAA
D002609,2026-02-25 19:12:26,WIN-027,google.com,A
D002610,2026-03-09 22:08:51,WIN-030,google.com,CNAME
D002611,2026-03-15 12:05:34,WIN-010,office.com,A
D002612,2026-03-16 19:15:39,WIN-030,github.com,CNAME
D002613,2026-05-07 15:57:42,WIN-028,github.com,AAAA
D002614,2026-05-16 14:34:55,WIN-039,microsoft.com,AAAA
D002615,2026-01-04 08:42:18,WIN-027,office.com,AAAA
D002616,2026-02-19 00:24:56,WIN-035,office.com,A
D002617,2026-02-07 05:48:23,WIN-014,office.com,AAAA
D002618,2026-05-11 18:32:18,WIN-024,github.com,CNAME
D002619,2026-02-25 17:16:20,WIN-038,amazonaws.com,AAAA
D002620,2026-05-30 03:24:21,WIN-024,github.com,CNAME
D002621,2026-04-19 16:48:42,WIN-030,internal.corp,CNAME
D002622,2026-01-15 19:26:14,WIN-006,internal.corp,A
D002623,2026-03-18 14:39:20,WIN-031,internal.corp,AAAA
D002624,2026-06-06 19:35:29,WIN-011,github.com,AAAA
D002625,2026-06-11 16:59:13,WIN-007,amazonaws.com,A
D002626,2026-04-12 05:51:39,WIN-006,internal.corp,AAAA
D002627,2026-02-26 13:29:30,WIN-010,office.com,CNAME
D002628,2026-02-25 07:04:40,WIN-025,cloudflare.com,A
D002629,2026-06-22 19:36:27,WIN-001,amazonaws.com,AAAA
D002630,2026-03-26 22:48:00,WIN-009,office.com,A
D002631,2026-06-05 10:27:18,WIN-032,amazonaws.com,CNAME
D002632,2026-03-04 10:17:55,WIN-004,cloudflare.com,A
D002633,2026-03-27 15:10:00,WIN-030,microsoft.com,A
D002634,2026-01-10 07:15:58,WIN-010,google.com,CNAME
D002635,2026-06-15 09:22:19,WIN-015,internal.corp,CNAME
D002636,2026-01-17 01:44:15,WIN-026,github.com,A
D002637,2026-01-10 04:39:39,WIN-014,google.com,A
D002638,2026-05-04 01:14:23,WIN-020,internal.corp,CNAME
D002639,2026-01-08 03:07:57,WIN-021,amazonaws.com,AAAA
D002640,2026-02-12 06:42:17,WIN-007,cloudflare.com,AAAA
D002641,2026-05-03 03:29:59,WIN-031,microsoft.com,AAAA
D002642,2026-03-07 10:10:41,WIN-039,internal.corp,A
D002643,2026-06-25 07:53:31,WIN-023,cloudflare.com,A
D002644,2026-06-07 23:13:09,WIN-007,github.com,A
D002645,2026-01-17 03:37:29,WIN-039,amazonaws.com,A
D002646,2026-04-30 07:07:33,WIN-029,amazonaws.com,AAAA
D002647,2026-03-20 22:30:49,WIN-022,amazonaws.com,AAAA
D002648,2026-06-22 15:22:33,WIN-024,internal.corp,CNAME
D002649,2026-04-16 18:13:00,WIN-026,amazonaws.com,A
D002650,2026-06-17 13:31:58,WIN-011,google.com,AAAA
D002651,2026-05-31 02:11:41,WIN-001,amazonaws.com,A
D002652,2026-01-22 08:31:46,WIN-036,amazonaws.com,A
D002653,2026-05-25 10:00:52,WIN-031,cloudflare.com,CNAME
D002654,2026-05-04 00:23:02,WIN-006,microsoft.com,AAAA
D002655,2026-01-23 01:50:42,WIN-036,amazonaws.com,CNAME
D002656,2026-01-16 22:30:58,WIN-035,amazonaws.com,AAAA
D002657,2026-03-03 17:26:18,WIN-010,internal.corp,CNAME
D002658,2026-03-23 22:29:42,WIN-012,amazonaws.com,A
D002659,2026-02-14 10:01:01,WIN-013,office.com,CNAME
D002660,2026-04-05 13:05:37,WIN-009,github.com,A
D002661,2026-05-21 22:45:55,WIN-002,office.com,A
D002662,2026-05-29 23:37:34,WIN-007,internal.corp,A
D002663,2026-01-11 17:52:21,WIN-009,github.com,AAAA
D002664,2026-06-19 14:22:16,WIN-006,microsoft.com,AAAA
D002665,2026-04-23 13:09:36,WIN-032,microsoft.com,A
D002666,2026-01-19 17:51:54,WIN-013,office.com,AAAA
D002667,2026-05-28 11:02:03,WIN-014,amazonaws.com,CNAME
D002668,2026-04-15 06:56:54,WIN-015,internal.corp,AAAA
D002669,2026-06-09 16:38:59,WIN-002,google.com,AAAA
D002670,2026-01-22 04:10:45,WIN-030,github.com,AAAA
D002671,2026-06-08 05:25:20,WIN-009,github.com,CNAME
D002672,2026-05-05 11:57:54,WIN-021,cloudflare.com,A
D002673,2026-01-14 01:31:02,WIN-005,office.com,AAAA
D002674,2026-04-23 17:51:59,WIN-039,microsoft.com,AAAA
D002675,2026-01-17 04:25:38,WIN-006,google.com,CNAME
D002676,2026-02-24 22:37:44,WIN-026,office.com,A
D002677,2026-02-22 00:55:06,WIN-014,internal.corp,CNAME
D002678,2026-03-09 02:50:36,WIN-037,amazonaws.com,AAAA
D002679,2026-04-21 20:03:03,WIN-032,google.com,A
D002680,2026-06-13 09:11:47,WIN-001,github.com,CNAME
D002681,2026-05-06 06:59:54,WIN-001,cloudflare.com,CNAME
D002682,2026-04-17 13:05:06,WIN-032,cloudflare.com,A
D002683,2026-02-16 00:54:29,WIN-007,google.com,A
D002684,2026-03-08 03:05:45,WIN-021,github.com,A
D002685,2026-02-22 11:24:21,WIN-034,office.com,CNAME
D002686,2026-05-12 17:35:21,WIN-018,github.com,A
D002687,2026-05-01 04:22:58,WIN-030,office.com,A
D002688,2026-05-09 20:28:22,WIN-017,github.com,AAAA
D002689,2026-03-09 17:10:28,WIN-019,microsoft.com,AAAA
D002690,2026-04-10 20:09:45,WIN-004,office.com,A
D002691,2026-04-11 23:00:43,WIN-030,office.com,A
D002692,2026-03-18 08:33:55,WIN-036,office.com,CNAME
D002693,2026-03-13 20:18:40,WIN-024,cloudflare.com,A
D002694,2026-03-08 16:26:00,WIN-037,cloudflare.com,AAAA
D002695,2026-04-15 22:44:56,WIN-008,cloudflare.com,A
D002696,2026-02-17 18:58:42,WIN-002,office.com,CNAME
D002697,2026-04-22 23:20:02,WIN-010,internal.corp,CNAME
D002698,2026-04-12 17:02:17,WIN-038,amazonaws.com,AAAA
D002699,2026-04-20 02:49:54,WIN-014,cloudflare.com,AAAA
D002700,2026-06-10 22:40:19,WIN-011,github.com,AAAA
D002701,2026-04-05 05:20:57,WIN-019,office.com,A
D002702,2026-01-07 08:12:36,WIN-037,internal.corp,CNAME
D002703,2026-03-19 01:17:56,WIN-029,microsoft.com,A
D002704,2026-01-26 07:28:38,WIN-002,amazonaws.com,AAAA
D002705,2026-06-06 19:33:15,WIN-026,github.com,CNAME
D002706,2026-02-03 16:14:10,WIN-024,github.com,A
D002707,2026-05-18 06:38:58,WIN-030,microsoft.com,AAAA
D002708,2026-02-19 06:12:23,WIN-010,amazonaws.com,AAAA
D002709,2026-01-30 12:35:58,WIN-034,microsoft.com,CNAME
D002710,2026-05-04 08:46:58,WIN-021,github.com,AAAA
D002711,2026-06-18 09:06:03,WIN-015,internal.corp,A
D002712,2026-03-24 05:34:37,WIN-033,microsoft.com,A
D002713,2026-02-01 19:42:44,WIN-034,internal.corp,AAAA
D002714,2026-04-02 04:15:25,WIN-013,microsoft.com,CNAME
D002715,2026-02-19 06:57:00,WIN-003,google.com,A
D002716,2026-06-05 00:49:17,WIN-010,office.com,CNAME
D002717,2026-03-21 20:29:30,WIN-028,internal.corp,AAAA
D002718,2026-02-24 07:47:02,WIN-016,github.com,A
D002719,2026-01-07 10:35:16,WIN-023,office.com,CNAME
D002720,2026-01-06 19:24:23,WIN-004,amazonaws.com,AAAA
D002721,2026-03-15 11:35:31,WIN-026,amazonaws.com,CNAME
D002722,2026-01-25 05:56:23,WIN-013,cloudflare.com,CNAME
D002723,2026-02-22 10:20:15,WIN-016,github.com,AAAA
D002724,2026-05-18 02:40:19,WIN-029,amazonaws.com,CNAME
D002725,2026-02-20 13:03:25,WIN-021,cloudflare.com,A
D002726,2026-03-27 09:01:19,WIN-034,microsoft.com,CNAME
D002727,2026-03-29 11:46:25,WIN-006,internal.corp,AAAA
D002728,2026-05-22 21:00:39,WIN-020,cloudflare.com,AAAA
D002729,2026-01-02 07:36:55,WIN-027,office.com,CNAME
D002730,2026-04-06 00:22:39,WIN-035,amazonaws.com,CNAME
D002731,2026-04-14 12:15:40,WIN-033,cloudflare.com,CNAME
D002732,2026-06-17 13:36:38,WIN-038,google.com,CNAME
D002733,2026-05-18 05:34:38,WIN-001,github.com,CNAME
D002734,2026-05-06 05:03:32,WIN-030,amazonaws.com,CNAME
D002735,2026-03-01 13:17:25,WIN-026,cloudflare.com,A
D002736,2026-02-09 17:13:29,WIN-009,microsoft.com,A
D002737,2026-01-22 10:26:14,WIN-025,google.com,A
D002738,2026-01-14 06:42:11,WIN-025,amazonaws.com,CNAME
D002739,2026-01-19 11:50:19,WIN-002,microsoft.com,CNAME
D002740,2026-02-20 13:41:18,WIN-032,amazonaws.com,AAAA
D002741,2026-04-23 14:48:40,WIN-028,microsoft.com,A
D002742,2026-06-03 21:52:01,WIN-026,amazonaws.com,A
D002743,2026-01-05 10:56:17,WIN-017,internal.corp,A
D002744,2026-05-03 05:45:26,WIN-025,office.com,CNAME
D002745,2026-04-03 06:12:25,WIN-020,internal.corp,A
D002746,2026-03-09 10:23:21,WIN-003,microsoft.com,A
D002747,2026-04-27 13:26:51,WIN-013,microsoft.com,AAAA
D002748,2026-04-25 15:03:15,WIN-004,google.com,A
D002749,2026-02-22 22:53:11,WIN-023,internal.corp,CNAME
D002750,2026-02-24 07:11:29,WIN-005,microsoft.com,AAAA
D002751,2026-06-17 12:17:45,WIN-038,google.com,CNAME
D002752,2026-05-27 06:38:09,WIN-002,office.com,CNAME
D002753,2026-02-22 07:42:09,WIN-023,cloudflare.com,CNAME
D002754,2026-06-12 10:30:01,WIN-005,internal.corp,CNAME
D002755,2026-03-13 23:08:30,WIN-024,office.com,AAAA
D002756,2026-02-27 04:46:01,WIN-021,office.com,AAAA
D002757,2026-02-23 23:00:30,WIN-033,cloudflare.com,CNAME
D002758,2026-06-30 07:04:11,WIN-040,github.com,AAAA
D002759,2026-01-01 12:39:12,WIN-022,microsoft.com,AAAA
D002760,2026-04-24 04:45:23,WIN-016,amazonaws.com,A
D002761,2026-04-23 13:52:20,WIN-038,amazonaws.com,CNAME
D002762,2026-04-30 11:46:17,WIN-026,google.com,AAAA
D002763,2026-05-29 18:54:27,WIN-020,amazonaws.com,CNAME
D002764,2026-02-20 00:33:46,WIN-018,internal.corp,CNAME
D002765,2026-06-20 18:42:34,WIN-037,google.com,A
D002766,2026-06-15 05:16:11,WIN-013,microsoft.com,AAAA
D002767,2026-03-11 20:41:44,WIN-027,microsoft.com,AAAA
D002768,2026-03-30 08:11:23,WIN-019,cloudflare.com,CNAME
D002769,2026-01-31 13:28:23,WIN-034,internal.corp,A
D002770,2026-02-26 15:23:43,WIN-003,microsoft.com,A
D002771,2026-01-14 02:57:00,WIN-013,internal.corp,CNAME
D002772,2026-01-01 18:37:16,WIN-016,microsoft.com,AAAA
D002773,2026-05-12 04:28:29,WIN-009,google.com,CNAME
D002774,2026-03-24 14:24:05,WIN-008,google.com,CNAME
D002775,2026-06-04 22:42:11,WIN-009,office.com,AAAA
D002776,2026-01-26 16:02:27,WIN-035,office.com,AAAA
D002777,2026-03-21 08:24:52,WIN-016,github.com,A
D002778,2026-04-08 01:44:56,WIN-023,google.com,CNAME
D002779,2026-02-02 17:40:04,WIN-040,amazonaws.com,CNAME
D002780,2026-06-08 09:47:29,WIN-039,internal.corp,CNAME
D002781,2026-02-10 20:08:03,WIN-040,cloudflare.com,CNAME
D002782,2026-01-21 04:17:07,WIN-025,amazonaws.com,CNAME
D002783,2026-06-11 22:28:53,WIN-028,internal.corp,CNAME
D002784,2026-05-16 07:09:07,WIN-040,amazonaws.com,A
D002785,2026-06-23 16:17:18,WIN-007,microsoft.com,AAAA
D002786,2026-05-18 19:30:43,WIN-013,amazonaws.com,CNAME
D002787,2026-02-05 22:17:17,WIN-015,amazonaws.com,CNAME
D002788,2026-04-14 22:04:26,WIN-027,office.com,A
D002789,2026-04-22 19:01:38,WIN-034,microsoft.com,AAAA
D002790,2026-01-16 13:01:17,WIN-001,office.com,CNAME
D002791,2026-06-21 14:55:32,WIN-002,github.com,AAAA
D002792,2026-05-16 17:14:32,WIN-033,github.com,AAAA
D002793,2026-02-04 07:45:00,WIN-008,amazonaws.com,AAAA
D002794,2026-02-12 08:42:45,WIN-034,github.com,CNAME
D002795,2026-06-15 03:58:28,WIN-023,cloudflare.com,AAAA
D002796,2026-04-13 19:41:14,WIN-037,microsoft.com,A
D002797,2026-03-11 22:41:43,WIN-018,amazonaws.com,CNAME
D002798,2026-02-27 06:16:02,WIN-002,internal.corp,AAAA
D002799,2026-06-08 19:48:20,WIN-025,github.com,CNAME
D002800,2026-06-12 18:57:39,WIN-005,internal.corp,A
D002801,2026-03-12 19:16:49,WIN-028,microsoft.com,A
D002802,2026-03-27 12:52:25,WIN-039,internal.corp,CNAME
D002803,2026-03-20 17:40:07,WIN-002,microsoft.com,CNAME
D002804,2026-06-11 06:22:27,WIN-009,amazonaws.com,CNAME
D002805,2026-05-02 12:55:51,WIN-040,github.com,A
D002806,2026-02-19 11:08:04,WIN-038,google.com,CNAME
D002807,2026-02-05 23:33:41,WIN-013,google.com,A
D002808,2026-04-18 05:10:10,WIN-035,amazonaws.com,AAAA
D002809,2026-03-10 15:27:05,WIN-009,github.com,A
D002810,2026-05-07 17:30:39,WIN-008,internal.corp,A
D002811,2026-05-13 15:19:59,WIN-003,internal.corp,AAAA
D002812,2026-02-28 06:16:33,WIN-038,office.com,AAAA
D002813,2026-01-14 01:17:20,WIN-011,internal.corp,CNAME
D002814,2026-04-18 09:38:53,WIN-030,github.com,A
D002815,2026-02-04 21:56:07,WIN-021,amazonaws.com,A
D002816,2026-04-02 15:10:26,WIN-023,github.com,AAAA
D002817,2026-03-20 19:44:08,WIN-012,github.com,A
D002818,2026-05-15 01:48:56,WIN-011,github.com,A
D002819,2026-06-11 18:12:49,WIN-002,internal.corp,CNAME
D002820,2026-01-31 05:57:35,WIN-026,github.com,A
D002821,2026-01-14 04:26:32,WIN-037,github.com,A
D002822,2026-02-21 17:28:50,WIN-020,internal.corp,A
D002823,2026-03-13 04:20:34,WIN-015,cloudflare.com,A
D002824,2026-04-06 10:46:44,WIN-026,amazonaws.com,AAAA
D002825,2026-02-18 08:20:52,WIN-007,internal.corp,A
D002826,2026-02-04 04:36:18,WIN-039,github.com,A
D002827,2026-04-09 03:44:15,WIN-032,microsoft.com,CNAME
D002828,2026-06-06 17:54:49,WIN-025,amazonaws.com,CNAME
D002829,2026-06-15 05:01:37,WIN-029,google.com,A
D002830,2026-03-17 07:57:12,WIN-010,github.com,AAAA
D002831,2026-04-27 15:26:15,WIN-010,microsoft.com,CNAME
D002832,2026-05-17 09:05:32,WIN-018,cloudflare.com,A
D002833,2026-01-25 23:57:46,WIN-003,github.com,A
D002834,2026-04-06 11:32:25,WIN-024,google.com,A
D002835,2026-03-08 17:46:37,WIN-006,cloudflare.com,AAAA
D002836,2026-03-14 21:57:25,WIN-003,cloudflare.com,A
D002837,2026-05-22 19:37:47,WIN-008,google.com,AAAA
D002838,2026-06-13 19:16:58,WIN-032,microsoft.com,A
D002839,2026-06-19 07:19:25,WIN-039,office.com,CNAME
D002840,2026-03-01 13:50:30,WIN-031,office.com,A
D002841,2026-06-26 19:05:44,WIN-004,office.com,CNAME
D002842,2026-01-05 03:53:26,WIN-026,cloudflare.com,AAAA
D002843,2026-05-30 17:44:46,WIN-018,microsoft.com,A
D002844,2026-03-15 03:45:51,WIN-032,github.com,A
D002845,2026-01-12 20:30:23,WIN-005,google.com,A
D002846,2026-02-07 15:54:43,WIN-034,office.com,CNAME
D002847,2026-06-17 00:12:09,WIN-001,google.com,AAAA
D002848,2026-06-18 22:54:58,WIN-017,internal.corp,A
D002849,2026-04-15 06:54:09,WIN-034,office.com,CNAME
D002850,2026-06-23 03:05:29,WIN-017,github.com,AAAA
D002851,2026-05-26 00:30:49,WIN-034,internal.corp,A
D002852,2026-01-23 09:50:32,WIN-005,cloudflare.com,A
D002853,2026-02-20 11:09:05,WIN-012,cloudflare.com,AAAA
D002854,2026-04-20 13:29:59,WIN-013,office.com,CNAME
D002855,2026-04-30 13:02:18,WIN-034,microsoft.com,CNAME
D002856,2026-04-07 11:41:19,WIN-010,amazonaws.com,AAAA
D002857,2026-04-17 23:05:02,WIN-027,google.com,A
D002858,2026-03-17 04:31:50,WIN-026,office.com,AAAA
D002859,2026-02-05 19:52:39,WIN-002,github.com,CNAME
D002860,2026-06-24 16:33:08,WIN-017,google.com,A
D002861,2026-03-25 14:56:35,WIN-004,google.com,A
D002862,2026-03-13 16:39:52,WIN-025,github.com,CNAME
D002863,2026-02-20 21:29:46,WIN-038,google.com,A
D002864,2026-03-23 17:38:49,WIN-036,github.com,CNAME
D002865,2026-06-26 11:30:19,WIN-008,office.com,A
D002866,2026-06-29 15:28:46,WIN-034,google.com,AAAA
D002867,2026-01-09 14:07:59,WIN-005,amazonaws.com,A
D002868,2026-01-29 07:11:40,WIN-009,cloudflare.com,CNAME
D002869,2026-04-29 03:53:43,WIN-034,google.com,CNAME
D002870,2026-06-24 14:32:01,WIN-007,microsoft.com,A
D002871,2026-05-22 04:22:35,WIN-027,google.com,AAAA
D002872,2026-05-19 08:23:33,WIN-037,office.com,CNAME
D002873,2026-06-02 19:19:28,WIN-024,cloudflare.com,A
D002874,2026-02-25 07:18:59,WIN-014,internal.corp,A
D002875,2026-05-22 00:25:52,WIN-018,google.com,A
D002876,2026-02-13 05:13:29,WIN-036,microsoft.com,CNAME
D002877,2026-01-04 16:58:13,WIN-023,internal.corp,CNAME
D002878,2026-01-14 02:23:07,WIN-012,cloudflare.com,A
D002879,2026-03-19 18:50:15,WIN-014,github.com,A
D002880,2026-02-13 15:37:15,WIN-018,google.com,AAAA
D002881,2026-05-02 12:45:47,WIN-007,office.com,CNAME
D002882,2026-04-07 09:15:23,WIN-005,google.com,A
D002883,2026-04-23 00:55:17,WIN-039,office.com,A
D002884,2026-06-07 01:53:21,WIN-038,internal.corp,AAAA
D002885,2026-01-07 16:23:30,WIN-009,google.com,AAAA
D002886,2026-02-24 22:50:41,WIN-005,cloudflare.com,A
D002887,2026-05-25 13:33:33,WIN-017,google.com,CNAME
D002888,2026-03-20 09:05:32,WIN-002,office.com,A
D002889,2026-02-11 18:40:45,WIN-003,microsoft.com,CNAME
D002890,2026-06-08 07:16:17,WIN-023,office.com,A
D002891,2026-03-24 14:42:32,WIN-026,internal.corp,A
D002892,2026-04-02 19:13:05,WIN-005,internal.corp,AAAA
D002893,2026-05-31 08:49:06,WIN-002,amazonaws.com,AAAA
D002894,2026-01-04 16:45:15,WIN-037,internal.corp,A
D002895,2026-06-16 00:45:05,WIN-009,microsoft.com,CNAME
D002896,2026-04-15 01:28:25,WIN-010,internal.corp,AAAA
D002897,2026-04-22 18:30:58,WIN-015,internal.corp,CNAME
D002898,2026-06-18 03:14:32,WIN-019,microsoft.com,A
D002899,2026-04-01 01:39:05,WIN-003,google.com,AAAA
D002900,2026-05-04 08:53:18,WIN-005,google.com,CNAME
D002901,2026-05-30 01:56:04,WIN-027,internal.corp,CNAME
D002902,2026-03-25 22:51:36,WIN-032,microsoft.com,A
D002903,2026-04-12 01:36:12,WIN-015,cloudflare.com,CNAME
D002904,2026-05-22 20:48:54,WIN-008,office.com,CNAME
D002905,2026-03-18 01:25:19,WIN-017,office.com,A
D002906,2026-03-02 07:54:38,WIN-012,google.com,AAAA
D002907,2026-06-08 23:32:31,WIN-005,microsoft.com,CNAME
D002908,2026-01-26 15:04:10,WIN-032,cloudflare.com,AAAA
D002909,2026-01-17 19:29:33,WIN-008,cloudflare.com,CNAME
D002910,2026-05-10 17:43:48,WIN-036,internal.corp,AAAA
D002911,2026-05-13 20:02:52,WIN-026,github.com,CNAME
D002912,2026-02-23 23:43:51,WIN-039,amazonaws.com,AAAA
D002913,2026-02-07 22:58:40,WIN-017,microsoft.com,CNAME
D002914,2026-02-28 00:42:03,WIN-008,amazonaws.com,A
D002915,2026-06-27 10:23:19,WIN-019,amazonaws.com,CNAME
D002916,2026-01-04 20:25:27,WIN-029,cloudflare.com,AAAA
D002917,2026-05-01 22:53:44,WIN-004,google.com,AAAA
D002918,2026-02-11 10:40:39,WIN-019,microsoft.com,CNAME
D002919,2026-06-19 10:45:27,WIN-026,google.com,A
D002920,2026-04-15 22:05:50,WIN-015,google.com,AAAA
D002921,2026-01-16 11:58:44,WIN-017,internal.corp,CNAME
D002922,2026-06-12 12:20:43,WIN-038,office.com,CNAME
D002923,2026-02-26 15:38:06,WIN-026,github.com,A
D002924,2026-01-25 00:27:34,WIN-034,google.com,CNAME
D002925,2026-06-13 12:13:33,WIN-017,cloudflare.com,CNAME
D002926,2026-03-30 08:46:55,WIN-010,google.com,A
D002927,2026-02-17 23:39:29,WIN-019,cloudflare.com,CNAME
D002928,2026-02-16 13:28:54,WIN-032,cloudflare.com,CNAME
D002929,2026-03-05 15:22:36,WIN-021,google.com,AAAA
D002930,2026-02-06 18:00:00,WIN-014,cloudflare.com,AAAA
D002931,2026-06-19 07:40:52,WIN-002,microsoft.com,A
D002932,2026-01-26 05:09:29,WIN-016,cloudflare.com,CNAME
D002933,2026-02-05 07:54:37,WIN-010,google.com,AAAA
D002934,2026-05-08 02:42:09,WIN-016,cloudflare.com,CNAME
D002935,2026-06-10 23:37:03,WIN-024,google.com,AAAA
D002936,2026-01-07 03:04:50,WIN-037,office.com,AAAA
D002937,2026-03-26 12:30:23,WIN-020,office.com,AAAA
D002938,2026-04-29 13:53:13,WIN-006,internal.corp,AAAA
D002939,2026-03-17 22:21:36,WIN-037,github.com,AAAA
D002940,2026-02-01 08:15:48,WIN-024,cloudflare.com,AAAA
D002941,2026-05-30 04:10:24,WIN-005,internal.corp,CNAME
D002942,2026-03-28 15:09:25,WIN-024,office.com,A
D002943,2026-03-16 16:53:43,WIN-002,microsoft.com,AAAA
D002944,2026-03-21 15:21:52,WIN-016,cloudflare.com,A
D002945,2026-04-06 01:11:04,WIN-002,office.com,CNAME
D002946,2026-01-09 19:46:14,WIN-012,internal.corp,A
D002947,2026-02-26 00:41:29,WIN-001,amazonaws.com,AAAA
D002948,2026-06-19 00:52:37,WIN-007,internal.corp,CNAME
D002949,2026-02-02 14:41:22,WIN-001,cloudflare.com,CNAME
D002950,2026-03-05 03:50:28,WIN-034,office.com,AAAA
D002951,2026-01-01 01:33:20,WIN-010,microsoft.com,CNAME
D002952,2026-02-01 03:09:08,WIN-034,internal.corp,A
D002953,2026-05-04 17:57:16,WIN-023,microsoft.com,CNAME
D002954,2026-05-03 19:43:38,WIN-036,amazonaws.com,A
D002955,2026-04-17 15:04:08,WIN-014,github.com,CNAME
D002956,2026-02-17 15:58:35,WIN-030,internal.corp,AAAA
D002957,2026-04-28 08:00:32,WIN-029,amazonaws.com,A
D002958,2026-03-26 00:36:42,WIN-038,google.com,AAAA
D002959,2026-04-10 16:30:48,WIN-010,google.com,CNAME
D002960,2026-02-08 01:03:32,WIN-002,amazonaws.com,A
D002961,2026-06-15 14:47:43,WIN-022,internal.corp,A
D002962,2026-04-14 16:22:57,WIN-025,github.com,CNAME
D002963,2026-06-03 22:03:52,WIN-002,microsoft.com,AAAA
D002964,2026-04-10 18:23:03,WIN-017,microsoft.com,A
D002965,2026-05-20 21:41:13,WIN-034,microsoft.com,A
D002966,2026-03-01 06:22:32,WIN-003,internal.corp,A
D002967,2026-05-14 14:31:51,WIN-036,google.com,CNAME
D002968,2026-05-22 05:36:53,WIN-019,internal.corp,CNAME
D002969,2026-03-19 01:23:51,WIN-038,cloudflare.com,AAAA
D002970,2026-04-25 21:11:06,WIN-032,amazonaws.com,AAAA
D002971,2026-03-27 21:50:05,WIN-007,microsoft.com,CNAME
D002972,2026-01-03 05:26:50,WIN-010,github.com,CNAME
D002973,2026-04-28 16:42:05,WIN-023,office.com,CNAME
D002974,2026-01-31 22:22:54,WIN-027,github.com,AAAA
D002975,2026-05-24 03:03:12,WIN-002,microsoft.com,A
D002976,2026-06-16 05:56:59,WIN-015,microsoft.com,CNAME
D002977,2026-01-22 11:13:47,WIN-004,github.com,CNAME
D002978,2026-01-29 23:54:26,WIN-033,github.com,AAAA
D002979,2026-05-29 13:22:33,WIN-018,office.com,CNAME
D002980,2026-03-31 00:02:50,WIN-008,github.com,A
D002981,2026-04-25 18:25:57,WIN-033,github.com,CNAME
D002982,2026-01-15 17:57:49,WIN-029,internal.corp,CNAME
D002983,2026-02-28 04:56:13,WIN-026,internal.corp,CNAME
D002984,2026-02-12 00:09:21,WIN-031,google.com,AAAA
D002985,2026-01-24 16:18:31,WIN-023,internal.corp,AAAA
D002986,2026-05-27 20:02:55,WIN-033,google.com,AAAA
D002987,2026-03-13 16:45:52,WIN-016,cloudflare.com,CNAME
D002988,2026-05-30 22:33:45,WIN-015,github.com,AAAA
D002989,2026-04-24 19:22:13,WIN-008,amazonaws.com,AAAA
D002990,2026-02-06 10:04:03,WIN-032,github.com,A
D002991,2026-02-25 04:10:28,WIN-005,github.com,CNAME
D002992,2026-06-10 04:54:10,WIN-012,amazonaws.com,CNAME
D002993,2026-02-21 13:50:11,WIN-038,amazonaws.com,CNAME
D002994,2026-02-28 23:29:29,WIN-013,google.com,CNAME
D002995,2026-03-11 18:08:53,WIN-027,google.com,CNAME
D002996,2026-02-23 19:56:24,WIN-039,office.com,A
D002997,2026-03-18 19:45:22,WIN-035,github.com,A
D002998,2026-04-03 07:51:35,WIN-040,microsoft.com,AAAA
D002999,2026-04-01 01:42:47,WIN-014,amazonaws.com,A
D003000,2026-06-27 07:40:10,WIN-027,office.com,AAAA
D003001,2026-01-07 11:37:22,WIN-004,amazonaws.com,AAAA
D003002,2026-04-25 04:50:17,WIN-026,office.com,AAAA
D003003,2026-06-25 10:51:57,WIN-004,microsoft.com,AAAA
D003004,2026-02-22 05:37:58,WIN-040,github.com,A
D003005,2026-03-18 20:04:50,WIN-011,google.com,CNAME
D003006,2026-03-30 01:57:18,WIN-001,office.com,AAAA
D003007,2026-05-05 17:44:35,WIN-035,microsoft.com,A
D003008,2026-03-23 14:13:53,WIN-030,amazonaws.com,CNAME
D003009,2026-06-09 22:45:36,WIN-023,internal.corp,AAAA
D003010,2026-03-06 13:07:35,WIN-014,cloudflare.com,A
D003011,2026-05-28 23:26:06,WIN-035,amazonaws.com,A
D003012,2026-02-16 14:32:55,WIN-035,microsoft.com,AAAA
D003013,2026-06-27 20:44:56,WIN-002,office.com,AAAA
D003014,2026-02-05 04:20:43,WIN-034,microsoft.com,AAAA
D003015,2026-03-22 23:54:03,WIN-013,microsoft.com,CNAME
D003016,2026-05-19 10:35:38,WIN-016,office.com,A
D003017,2026-04-22 14:55:40,WIN-021,github.com,AAAA
D003018,2026-03-15 00:34:16,WIN-038,office.com,AAAA
D003019,2026-04-18 13:27:21,WIN-014,amazonaws.com,CNAME
D003020,2026-06-15 06:24:05,WIN-023,amazonaws.com,CNAME
D003021,2026-02-26 20:58:56,WIN-034,google.com,A
D003022,2026-01-03 11:15:37,WIN-018,internal.corp,A
D003023,2026-02-14 09:05:27,WIN-032,microsoft.com,CNAME
D003024,2026-06-21 17:27:12,WIN-037,office.com,CNAME
D003025,2026-05-12 12:31:49,WIN-036,microsoft.com,CNAME
D003026,2026-03-14 03:58:37,WIN-007,amazonaws.com,AAAA
D003027,2026-01-23 00:23:02,WIN-024,google.com,AAAA
D003028,2026-06-09 23:58:24,WIN-028,office.com,AAAA
D003029,2026-01-26 13:24:42,WIN-031,google.com,AAAA
D003030,2026-02-01 14:00:01,WIN-034,internal.corp,A
D003031,2026-02-02 01:31:50,WIN-032,amazonaws.com,A
D003032,2026-01-12 09:21:03,WIN-037,cloudflare.com,AAAA
D003033,2026-04-03 07:40:29,WIN-014,internal.corp,A
D003034,2026-04-10 22:20:03,WIN-026,microsoft.com,AAAA
D003035,2026-03-05 07:51:33,WIN-010,amazonaws.com,AAAA
D003036,2026-01-12 00:09:09,WIN-015,github.com,A
D003037,2026-05-25 02:45:26,WIN-022,github.com,AAAA
D003038,2026-01-20 21:25:32,WIN-009,internal.corp,A
D003039,2026-04-15 19:09:37,WIN-037,internal.corp,A
D003040,2026-01-31 09:42:23,WIN-029,cloudflare.com,CNAME
D003041,2026-02-03 23:58:18,WIN-026,cloudflare.com,CNAME
D003042,2026-06-08 20:18:24,WIN-006,google.com,CNAME
D003043,2026-01-05 20:01:30,WIN-026,internal.corp,A
D003044,2026-01-17 13:14:52,WIN-012,amazonaws.com,CNAME
D003045,2026-01-12 06:07:53,WIN-002,internal.corp,A
D003046,2026-02-23 03:01:11,WIN-039,office.com,CNAME
D003047,2026-04-01 17:36:45,WIN-036,internal.corp,A
D003048,2026-06-23 01:15:29,WIN-034,office.com,A
D003049,2026-01-11 05:22:13,WIN-013,amazonaws.com,A
D003050,2026-04-03 14:48:24,WIN-027,amazonaws.com,CNAME
D003051,2026-06-19 13:30:39,WIN-004,office.com,AAAA
D003052,2026-02-24 13:16:48,WIN-036,cloudflare.com,CNAME
D003053,2026-04-14 22:28:18,WIN-014,google.com,AAAA
D003054,2026-01-15 22:35:25,WIN-019,github.com,A
D003055,2026-05-11 06:14:10,WIN-006,internal.corp,CNAME
D003056,2026-04-25 05:44:01,WIN-008,amazonaws.com,AAAA
D003057,2026-02-17 07:45:34,WIN-036,office.com,A
D003058,2026-06-18 14:58:47,WIN-016,google.com,AAAA
D003059,2026-06-13 10:56:24,WIN-014,office.com,AAAA
D003060,2026-03-06 11:35:52,WIN-028,cloudflare.com,A
D003061,2026-02-13 07:53:05,WIN-016,microsoft.com,AAAA
D003062,2026-04-26 19:31:08,WIN-017,amazonaws.com,A
D003063,2026-01-07 18:52:05,WIN-018,github.com,CNAME
D003064,2026-04-30 20:15:54,WIN-017,internal.corp,AAAA
D003065,2026-02-21 03:39:57,WIN-013,cloudflare.com,A
D003066,2026-01-25 22:05:58,WIN-005,github.com,AAAA
D003067,2026-06-10 03:40:04,WIN-012,amazonaws.com,A
D003068,2026-03-22 18:54:14,WIN-037,office.com,CNAME
D003069,2026-01-16 03:54:10,WIN-026,office.com,AAAA
D003070,2026-02-21 06:22:38,WIN-037,cloudflare.com,A
D003071,2026-05-08 11:13:01,WIN-029,microsoft.com,AAAA
D003072,2026-04-18 02:24:30,WIN-006,internal.corp,A
D003073,2026-04-14 03:51:29,WIN-016,github.com,AAAA
D003074,2026-03-10 03:35:39,WIN-021,office.com,AAAA
D003075,2026-02-01 10:46:03,WIN-018,cloudflare.com,A
D003076,2026-06-14 21:26:54,WIN-032,github.com,CNAME
D003077,2026-04-17 16:01:09,WIN-027,cloudflare.com,A
D003078,2026-06-25 19:46:48,WIN-020,google.com,AAAA
D003079,2026-06-25 18:30:48,WIN-003,cloudflare.com,CNAME
D003080,2026-04-17 13:55:04,WIN-032,internal.corp,AAAA
D003081,2026-03-20 10:09:52,WIN-033,office.com,AAAA
D003082,2026-05-04 14:34:29,WIN-012,google.com,A
D003083,2026-02-07 09:46:23,WIN-021,google.com,AAAA
D003084,2026-03-06 22:51:04,WIN-038,office.com,AAAA
D003085,2026-06-29 10:18:59,WIN-007,internal.corp,CNAME
D003086,2026-02-05 15:46:02,WIN-007,internal.corp,CNAME
D003087,2026-04-23 11:30:44,WIN-031,google.com,AAAA
D003088,2026-04-28 11:53:11,WIN-003,internal.corp,CNAME
D003089,2026-03-05 13:24:17,WIN-037,office.com,A
D003090,2026-02-01 17:10:37,WIN-034,microsoft.com,CNAME
D003091,2026-06-06 10:12:42,WIN-027,cloudflare.com,AAAA
D003092,2026-06-16 10:50:48,WIN-017,microsoft.com,A
D003093,2026-01-23 14:53:18,WIN-024,office.com,AAAA
D003094,2026-01-02 23:16:05,WIN-019,google.com,A
D003095,2026-05-05 22:35:34,WIN-018,internal.corp,CNAME
D003096,2026-02-23 22:15:07,WIN-032,github.com,AAAA
D003097,2026-05-06 23:50:11,WIN-034,amazonaws.com,AAAA
D003098,2026-02-01 06:06:54,WIN-029,github.com,AAAA
D003099,2026-04-01 20:28:07,WIN-019,microsoft.com,A
D003100,2026-02-19 10:08:56,WIN-011,internal.corp,AAAA
D003101,2026-01-15 13:56:10,WIN-020,google.com,CNAME
D003102,2026-03-28 11:42:16,WIN-030,internal.corp,A
D003103,2026-02-01 22:41:39,WIN-017,microsoft.com,A
D003104,2026-06-08 18:09:24,WIN-021,internal.corp,CNAME
D003105,2026-06-30 10:32:50,WIN-027,google.com,A
D003106,2026-05-26 04:07:47,WIN-018,microsoft.com,CNAME
D003107,2026-03-10 01:20:49,WIN-006,microsoft.com,CNAME
D003108,2026-05-29 06:20:49,WIN-004,github.com,AAAA
D003109,2026-01-14 10:05:52,WIN-024,office.com,AAAA
D003110,2026-02-12 15:18:34,WIN-011,amazonaws.com,CNAME
D003111,2026-05-22 08:18:59,WIN-037,amazonaws.com,CNAME
D003112,2026-06-24 22:16:19,WIN-009,amazonaws.com,AAAA
D003113,2026-06-21 00:55:09,WIN-035,github.com,A
D003114,2026-04-26 17:00:07,WIN-017,office.com,CNAME
D003115,2026-01-11 10:07:24,WIN-035,cloudflare.com,CNAME
D003116,2026-06-14 07:31:52,WIN-036,google.com,CNAME
D003117,2026-01-14 20:01:27,WIN-040,github.com,A
D003118,2026-04-27 16:20:55,WIN-020,amazonaws.com,CNAME
D003119,2026-03-14 20:56:20,WIN-002,amazonaws.com,AAAA
D003120,2026-06-20 12:12:37,WIN-024,internal.corp,CNAME
D003121,2026-04-25 06:03:39,WIN-031,internal.corp,A
D003122,2026-03-03 21:21:36,WIN-002,cloudflare.com,A
D003123,2026-01-11 17:39:07,WIN-033,github.com,A
D003124,2026-02-09 21:34:20,WIN-022,internal.corp,A
D003125,2026-04-23 20:46:16,WIN-018,microsoft.com,AAAA
D003126,2026-01-21 17:41:12,WIN-003,github.com,AAAA
D003127,2026-04-22 11:17:00,WIN-027,microsoft.com,CNAME
D003128,2026-01-09 07:47:16,WIN-009,github.com,A
D003129,2026-04-26 00:34:13,WIN-030,github.com,A
D003130,2026-03-02 18:27:43,WIN-019,internal.corp,AAAA
D003131,2026-04-17 03:52:09,WIN-021,google.com,A
D003132,2026-05-05 08:17:05,WIN-026,amazonaws.com,AAAA
D003133,2026-06-04 13:33:02,WIN-003,microsoft.com,A
D003134,2026-01-22 16:36:56,WIN-003,internal.corp,CNAME
D003135,2026-06-05 09:41:09,WIN-040,internal.corp,A
D003136,2026-05-18 14:39:00,WIN-017,amazonaws.com,AAAA
D003137,2026-01-02 07:10:52,WIN-029,cloudflare.com,AAAA
D003138,2026-02-02 00:34:58,WIN-012,google.com,AAAA
D003139,2026-04-17 16:48:34,WIN-031,github.com,CNAME
D003140,2026-02-07 18:11:09,WIN-028,microsoft.com,AAAA
D003141,2026-05-09 08:49:46,WIN-022,microsoft.com,AAAA
D003142,2026-02-06 01:45:48,WIN-011,github.com,CNAME
D003143,2026-01-17 02:10:20,WIN-014,github.com,A
D003144,2026-04-19 17:10:59,WIN-020,cloudflare.com,CNAME
D003145,2026-03-16 22:34:38,WIN-002,github.com,AAAA
D003146,2026-04-03 10:08:36,WIN-034,internal.corp,A
D003147,2026-04-29 03:12:37,WIN-008,internal.corp,AAAA
D003148,2026-01-15 02:17:21,WIN-005,office.com,CNAME
D003149,2026-04-03 09:59:07,WIN-028,amazonaws.com,A
D003150,2026-03-24 15:44:41,WIN-010,internal.corp,CNAME
D003151,2026-06-25 20:44:56,WIN-025,amazonaws.com,CNAME
D003152,2026-04-01 20:44:24,WIN-017,microsoft.com,AAAA
D003153,2026-04-07 05:32:31,WIN-005,amazonaws.com,AAAA
D003154,2026-06-02 01:49:35,WIN-036,office.com,A
D003155,2026-03-12 01:08:56,WIN-037,cloudflare.com,CNAME
D003156,2026-02-06 06:58:22,WIN-040,google.com,AAAA
D003157,2026-03-28 16:27:30,WIN-012,github.com,CNAME
D003158,2026-02-02 01:17:42,WIN-001,microsoft.com,AAAA
D003159,2026-04-27 13:54:37,WIN-040,internal.corp,A
D003160,2026-06-06 16:31:10,WIN-002,amazonaws.com,CNAME
D003161,2026-02-14 04:31:17,WIN-019,github.com,CNAME
D003162,2026-03-30 02:35:26,WIN-033,cloudflare.com,AAAA
D003163,2026-04-09 02:45:23,WIN-025,google.com,A
D003164,2026-03-05 07:53:02,WIN-033,office.com,AAAA
D003165,2026-03-14 22:47:38,WIN-002,amazonaws.com,AAAA
D003166,2026-05-07 12:29:12,WIN-003,amazonaws.com,AAAA
D003167,2026-05-14 19:33:05,WIN-003,google.com,AAAA
D003168,2026-01-19 13:32:32,WIN-002,github.com,A
D003169,2026-02-05 11:48:56,WIN-026,office.com,A
D003170,2026-02-13 17:58:09,WIN-031,amazonaws.com,A
D003171,2026-05-16 16:52:54,WIN-002,google.com,CNAME
D003172,2026-06-04 10:30:46,WIN-004,office.com,AAAA
D003173,2026-06-22 09:56:19,WIN-031,google.com,A
D003174,2026-03-29 01:09:05,WIN-008,google.com,CNAME
D003175,2026-03-03 03:49:31,WIN-001,cloudflare.com,AAAA
D003176,2026-01-30 18:38:28,WIN-037,github.com,AAAA
D003177,2026-03-17 22:00:42,WIN-017,amazonaws.com,A
D003178,2026-01-17 10:43:22,WIN-016,microsoft.com,AAAA
D003179,2026-03-17 07:31:46,WIN-001,office.com,AAAA
D003180,2026-05-11 09:38:54,WIN-001,github.com,AAAA
D003181,2026-03-29 02:50:18,WIN-002,amazonaws.com,AAAA
D003182,2026-01-22 04:14:04,WIN-037,github.com,CNAME
D003183,2026-02-02 00:30:58,WIN-017,amazonaws.com,AAAA
D003184,2026-03-06 03:39:04,WIN-010,amazonaws.com,CNAME
D003185,2026-04-07 08:26:16,WIN-001,microsoft.com,A
D003186,2026-04-22 18:27:19,WIN-037,microsoft.com,AAAA
D003187,2026-01-29 08:41:47,WIN-013,internal.corp,A
D003188,2026-04-10 23:08:46,WIN-031,office.com,CNAME
D003189,2026-02-08 04:35:37,WIN-008,github.com,AAAA
D003190,2026-02-27 21:48:44,WIN-038,google.com,CNAME
D003191,2026-03-19 11:16:14,WIN-024,cloudflare.com,A
D003192,2026-02-25 08:33:31,WIN-011,google.com,A
D003193,2026-04-11 15:22:14,WIN-002,office.com,A
D003194,2026-04-30 10:50:23,WIN-030,office.com,AAAA
D003195,2026-06-04 22:57:22,WIN-034,github.com,AAAA
D003196,2026-04-07 16:18:44,WIN-025,microsoft.com,A
D003197,2026-05-04 07:55:41,WIN-004,microsoft.com,A
D003198,2026-05-17 19:11:12,WIN-002,cloudflare.com,AAAA
D003199,2026-04-22 22:20:18,WIN-008,google.com,CNAME
D003200,2026-03-10 01:57:54,WIN-027,amazonaws.com,AAAA
D003201,2026-05-12 07:08:17,WIN-002,internal.corp,A
D003202,2026-02-02 10:56:56,WIN-007,cloudflare.com,CNAME
D003203,2026-05-01 02:06:50,WIN-012,microsoft.com,A
D003204,2026-03-10 03:54:54,WIN-038,google.com,A
D003205,2026-04-15 21:50:52,WIN-024,google.com,AAAA
D003206,2026-03-18 06:42:47,WIN-018,office.com,AAAA
D003207,2026-02-10 17:29:27,WIN-004,microsoft.com,AAAA
D003208,2026-01-23 06:11:55,WIN-014,github.com,A
D003209,2026-06-20 19:58:19,WIN-018,office.com,CNAME
D003210,2026-06-23 17:31:28,WIN-019,cloudflare.com,A
D003211,2026-02-21 13:02:23,WIN-021,github.com,AAAA
D003212,2026-03-03 20:15:29,WIN-001,office.com,AAAA
D003213,2026-05-19 22:23:13,WIN-008,cloudflare.com,CNAME
D003214,2026-06-25 15:45:50,WIN-035,cloudflare.com,A
D003215,2026-04-18 01:35:10,WIN-037,github.com,CNAME
D003216,2026-04-01 23:45:43,WIN-007,office.com,A
D003217,2026-02-13 06:26:49,WIN-015,internal.corp,AAAA
D003218,2026-03-16 03:02:43,WIN-007,internal.corp,AAAA
D003219,2026-02-12 06:41:52,WIN-040,internal.corp,CNAME
D003220,2026-06-09 09:48:00,WIN-039,cloudflare.com,A
D003221,2026-04-01 05:58:05,WIN-034,cloudflare.com,AAAA
D003222,2026-03-28 14:03:11,WIN-033,cloudflare.com,AAAA
D003223,2026-06-23 12:08:22,WIN-004,microsoft.com,CNAME
D003224,2026-06-12 06:58:21,WIN-021,microsoft.com,CNAME
D003225,2026-02-27 18:10:30,WIN-001,google.com,CNAME
D003226,2026-03-24 00:18:44,WIN-004,google.com,CNAME
D003227,2026-05-06 19:36:06,WIN-032,github.com,AAAA
D003228,2026-06-06 19:28:54,WIN-018,amazonaws.com,CNAME
D003229,2026-04-24 03:45:21,WIN-029,google.com,AAAA
D003230,2026-04-03 13:49:12,WIN-026,amazonaws.com,CNAME
D003231,2026-01-20 02:34:22,WIN-038,google.com,CNAME
D003232,2026-02-05 22:09:15,WIN-035,microsoft.com,AAAA
D003233,2026-05-18 14:45:56,WIN-039,microsoft.com,CNAME
D003234,2026-06-13 11:02:37,WIN-018,office.com,A
D003235,2026-06-25 11:08:03,WIN-029,github.com,A
D003236,2026-06-13 12:23:02,WIN-015,amazonaws.com,A
D003237,2026-01-03 20:16:34,WIN-035,internal.corp,CNAME
D003238,2026-06-29 03:46:33,WIN-032,internal.corp,CNAME
D003239,2026-03-15 14:40:39,WIN-010,internal.corp,AAAA
D003240,2026-04-19 11:19:59,WIN-033,cloudflare.com,CNAME
D003241,2026-03-17 04:31:11,WIN-003,internal.corp,CNAME
D003242,2026-06-24 04:32:19,WIN-034,amazonaws.com,CNAME
D003243,2026-05-05 06:09:02,WIN-037,cloudflare.com,CNAME
D003244,2026-04-12 04:34:06,WIN-035,amazonaws.com,AAAA
D003245,2026-02-28 05:00:45,WIN-027,github.com,AAAA
D003246,2026-05-01 07:56:25,WIN-037,google.com,AAAA
D003247,2026-02-17 07:35:45,WIN-006,amazonaws.com,CNAME
D003248,2026-04-06 21:32:19,WIN-020,cloudflare.com,AAAA
D003249,2026-02-18 13:34:43,WIN-026,office.com,CNAME
D003250,2026-02-24 19:34:26,WIN-033,github.com,A
D003251,2026-05-24 09:27:42,WIN-006,microsoft.com,CNAME
D003252,2026-06-16 23:56:45,WIN-022,cloudflare.com,CNAME
D003253,2026-04-13 09:45:13,WIN-024,internal.corp,AAAA
D003254,2026-02-25 20:47:16,WIN-028,microsoft.com,CNAME
D003255,2026-04-06 04:45:34,WIN-001,microsoft.com,CNAME
D003256,2026-04-13 15:46:55,WIN-023,microsoft.com,CNAME
D003257,2026-02-24 11:53:00,WIN-003,github.com,CNAME
D003258,2026-02-16 05:35:49,WIN-008,microsoft.com,A
D003259,2026-01-11 00:07:20,WIN-026,google.com,A
D003260,2026-04-27 10:00:02,WIN-024,amazonaws.com,AAAA
D003261,2026-04-11 23:51:44,WIN-033,amazonaws.com,AAAA
D003262,2026-03-01 21:57:06,WIN-027,internal.corp,A
D003263,2026-05-31 18:49:53,WIN-004,internal.corp,A
D003264,2026-01-12 17:35:47,WIN-016,office.com,CNAME
D003265,2026-06-27 12:53:22,WIN-002,office.com,CNAME
D003266,2026-05-30 16:27:53,WIN-014,google.com,AAAA
D003267,2026-03-26 01:40:22,WIN-006,github.com,A
D003268,2026-06-13 22:15:05,WIN-032,internal.corp,A
D003269,2026-04-22 22:58:21,WIN-011,office.com,CNAME
D003270,2026-03-14 09:00:30,WIN-017,internal.corp,A
D003271,2026-02-15 05:37:52,WIN-021,cloudflare.com,AAAA
D003272,2026-06-27 21:29:01,WIN-013,internal.corp,AAAA
D003273,2026-05-16 23:58:24,WIN-033,internal.corp,AAAA
D003274,2026-04-29 10:36:33,WIN-010,google.com,CNAME
D003275,2026-01-17 12:20:21,WIN-025,github.com,A
D003276,2026-04-11 11:48:22,WIN-028,internal.corp,A
D003277,2026-01-19 19:59:10,WIN-015,microsoft.com,A
D003278,2026-04-07 20:44:18,WIN-027,cloudflare.com,A
D003279,2026-02-14 20:25:06,WIN-016,office.com,A
D003280,2026-05-10 22:25:17,WIN-007,amazonaws.com,AAAA
D003281,2026-03-13 19:46:32,WIN-030,cloudflare.com,AAAA
D003282,2026-04-26 03:15:16,WIN-013,google.com,CNAME
D003283,2026-01-23 10:01:57,WIN-028,amazonaws.com,A
D003284,2026-03-24 17:37:56,WIN-020,cloudflare.com,AAAA
D003285,2026-01-28 00:03:52,WIN-028,cloudflare.com,AAAA
D003286,2026-05-06 07:59:11,WIN-018,office.com,AAAA
D003287,2026-05-11 14:14:18,WIN-040,amazonaws.com,CNAME
D003288,2026-06-08 22:40:20,WIN-032,internal.corp,A
D003289,2026-04-30 06:47:46,WIN-029,microsoft.com,A
D003290,2026-03-18 15:25:59,WIN-038,google.com,A
D003291,2026-04-15 18:59:36,WIN-013,google.com,A
D003292,2026-06-25 08:23:32,WIN-039,cloudflare.com,CNAME
D003293,2026-05-25 06:58:34,WIN-036,office.com,AAAA
D003294,2026-04-21 13:44:04,WIN-004,github.com,AAAA
D003295,2026-06-23 19:06:55,WIN-026,amazonaws.com,A
D003296,2026-06-25 18:18:15,WIN-030,github.com,A
D003297,2026-06-08 19:15:37,WIN-022,google.com,A
D003298,2026-02-23 22:43:02,WIN-006,internal.corp,AAAA
D003299,2026-02-19 19:38:43,WIN-017,internal.corp,CNAME
D003300,2026-02-01 22:36:10,WIN-029,internal.corp,CNAME
D003301,2026-03-23 04:25:06,WIN-040,cloudflare.com,AAAA
D003302,2026-05-27 02:42:38,WIN-013,office.com,CNAME
D003303,2026-05-15 03:17:15,WIN-031,google.com,AAAA
D003304,2026-03-12 16:56:55,WIN-006,microsoft.com,CNAME
D003305,2026-04-02 14:17:50,WIN-040,amazonaws.com,CNAME
D003306,2026-05-14 08:57:40,WIN-004,google.com,CNAME
D003307,2026-04-02 18:13:31,WIN-024,microsoft.com,CNAME
D003308,2026-01-13 12:54:51,WIN-013,cloudflare.com,A
D003309,2026-06-13 11:47:22,WIN-031,cloudflare.com,CNAME
D003310,2026-03-02 11:21:39,WIN-037,amazonaws.com,AAAA
D003311,2026-04-01 19:39:50,WIN-022,google.com,CNAME
D003312,2026-06-16 01:33:40,WIN-017,internal.corp,A
D003313,2026-02-11 22:39:17,WIN-016,github.com,A
D003314,2026-05-23 14:29:19,WIN-026,microsoft.com,A
D003315,2026-03-10 20:38:46,WIN-008,cloudflare.com,CNAME
D003316,2026-06-27 20:53:38,WIN-036,github.com,A
D003317,2026-06-19 00:52:06,WIN-004,github.com,CNAME
D003318,2026-02-01 19:09:53,WIN-031,amazonaws.com,A
D003319,2026-05-19 05:07:59,WIN-011,internal.corp,A
D003320,2026-03-24 18:34:16,WIN-033,internal.corp,AAAA
D003321,2026-01-24 23:09:10,WIN-033,office.com,AAAA
D003322,2026-05-16 17:32:21,WIN-030,microsoft.com,CNAME
D003323,2026-01-27 01:25:15,WIN-014,amazonaws.com,CNAME
D003324,2026-02-04 11:57:52,WIN-034,cloudflare.com,AAAA
D003325,2026-04-09 17:29:40,WIN-029,internal.corp,A
D003326,2026-03-13 00:30:56,WIN-024,microsoft.com,AAAA
D003327,2026-03-14 15:45:28,WIN-024,office.com,A
D003328,2026-02-02 07:02:51,WIN-016,amazonaws.com,AAAA
D003329,2026-05-28 15:53:23,WIN-010,office.com,A
D003330,2026-05-06 14:23:16,WIN-005,office.com,CNAME
D003331,2026-03-29 07:54:54,WIN-030,google.com,CNAME
D003332,2026-03-24 15:10:44,WIN-001,cloudflare.com,AAAA
D003333,2026-04-08 23:20:08,WIN-006,github.com,AAAA
D003334,2026-03-20 21:24:19,WIN-002,internal.corp,CNAME
D003335,2026-02-04 22:27:23,WIN-037,google.com,A
D003336,2026-01-05 06:56:21,WIN-011,google.com,A
D003337,2026-02-20 09:23:18,WIN-003,github.com,CNAME
D003338,2026-06-09 03:03:36,WIN-035,internal.corp,A
D003339,2026-01-04 08:50:30,WIN-003,google.com,AAAA
D003340,2026-02-23 06:12:19,WIN-005,google.com,A
D003341,2026-02-23 21:44:18,WIN-028,cloudflare.com,AAAA
D003342,2026-02-03 13:09:51,WIN-001,cloudflare.com,CNAME
D003343,2026-05-15 18:07:08,WIN-028,cloudflare.com,A
D003344,2026-05-21 04:02:07,WIN-025,office.com,A
D003345,2026-05-14 12:50:01,WIN-015,google.com,AAAA
D003346,2026-04-25 13:46:38,WIN-013,office.com,AAAA
D003347,2026-02-10 21:03:12,WIN-026,cloudflare.com,A
D003348,2026-03-08 13:48:27,WIN-030,internal.corp,CNAME
D003349,2026-04-07 03:47:27,WIN-038,google.com,AAAA
D003350,2026-03-25 07:50:46,WIN-015,google.com,A
D003351,2026-01-20 05:24:48,WIN-022,cloudflare.com,AAAA
D003352,2026-06-04 13:12:09,WIN-040,amazonaws.com,AAAA
D003353,2026-03-21 16:02:27,WIN-003,github.com,CNAME
D003354,2026-05-04 17:39:38,WIN-037,microsoft.com,AAAA
D003355,2026-02-09 07:16:23,WIN-012,internal.corp,AAAA
D003356,2026-02-26 23:19:39,WIN-016,google.com,A
D003357,2026-03-10 18:53:32,WIN-038,github.com,AAAA
D003358,2026-06-26 13:02:59,WIN-027,office.com,A
D003359,2026-05-17 22:45:08,WIN-001,cloudflare.com,AAAA
D003360,2026-04-17 22:05:59,WIN-025,google.com,A
D003361,2026-01-17 08:40:50,WIN-026,google.com,A
D003362,2026-06-11 20:27:11,WIN-007,microsoft.com,CNAME
D003363,2026-01-21 07:04:03,WIN-023,internal.corp,A
D003364,2026-03-05 08:55:42,WIN-005,cloudflare.com,CNAME
D003365,2026-03-30 21:16:35,WIN-013,google.com,AAAA
D003366,2026-02-12 14:49:28,WIN-034,internal.corp,A
D003367,2026-06-19 10:38:38,WIN-006,cloudflare.com,A
D003368,2026-06-16 04:14:08,WIN-022,microsoft.com,A
D003369,2026-01-14 18:20:06,WIN-034,amazonaws.com,A
D003370,2026-06-29 12:13:30,WIN-007,office.com,A
D003371,2026-03-27 03:14:20,WIN-005,microsoft.com,A
D003372,2026-02-05 20:30:36,WIN-003,amazonaws.com,CNAME
D003373,2026-03-04 11:47:35,WIN-036,amazonaws.com,AAAA
D003374,2026-05-03 14:53:50,WIN-024,internal.corp,AAAA
D003375,2026-02-16 03:41:30,WIN-032,amazonaws.com,AAAA
D003376,2026-03-14 07:38:13,WIN-005,office.com,A
D003377,2026-02-10 06:33:21,WIN-012,github.com,A
D003378,2026-03-13 08:02:06,WIN-026,cloudflare.com,A
D003379,2026-01-07 05:16:20,WIN-017,google.com,A
D003380,2026-01-22 09:45:23,WIN-030,internal.corp,AAAA
D003381,2026-02-10 00:36:04,WIN-018,google.com,A
D003382,2026-01-28 14:20:35,WIN-033,office.com,A
D003383,2026-01-02 12:46:56,WIN-009,google.com,AAAA
D003384,2026-05-21 09:50:11,WIN-038,amazonaws.com,CNAME
D003385,2026-04-18 22:53:11,WIN-039,internal.corp,A
D003386,2026-03-25 10:42:09,WIN-037,google.com,A
D003387,2026-02-08 01:52:12,WIN-028,google.com,A
D003388,2026-02-18 10:29:15,WIN-010,cloudflare.com,CNAME
D003389,2026-03-25 03:51:42,WIN-029,microsoft.com,CNAME
D003390,2026-03-22 13:29:30,WIN-031,google.com,AAAA
D003391,2026-05-24 00:40:21,WIN-006,cloudflare.com,CNAME
D003392,2026-01-04 23:33:08,WIN-001,amazonaws.com,A
D003393,2026-03-20 22:12:44,WIN-019,google.com,CNAME
D003394,2026-04-05 09:15:32,WIN-017,amazonaws.com,A
D003395,2026-04-16 06:56:52,WIN-017,microsoft.com,AAAA
D003396,2026-06-24 00:22:38,WIN-013,cloudflare.com,AAAA
D003397,2026-04-14 16:20:13,WIN-020,microsoft.com,AAAA
D003398,2026-03-23 07:30:39,WIN-013,github.com,CNAME
D003399,2026-04-20 13:18:49,WIN-031,office.com,A
D003400,2026-02-09 07:37:49,WIN-032,office.com,A
D003401,2026-02-27 08:38:32,WIN-017,google.com,AAAA
D003402,2026-05-07 23:46:25,WIN-013,microsoft.com,CNAME
D003403,2026-01-28 16:47:55,WIN-004,google.com,A
D003404,2026-02-17 20:09:24,WIN-005,office.com,AAAA
D003405,2026-06-22 14:54:20,WIN-038,amazonaws.com,AAAA
D003406,2026-02-15 05:29:52,WIN-008,office.com,AAAA
D003407,2026-06-11 23:50:32,WIN-013,github.com,CNAME
D003408,2026-05-01 13:10:15,WIN-003,github.com,AAAA
D003409,2026-02-28 18:12:15,WIN-014,google.com,CNAME
D003410,2026-03-03 02:19:26,WIN-040,internal.corp,AAAA
D003411,2026-01-17 10:55:27,WIN-020,google.com,A
D003412,2026-05-30 07:31:04,WIN-035,office.com,CNAME
D003413,2026-04-07 23:06:42,WIN-037,internal.corp,AAAA
D003414,2026-02-26 17:06:11,WIN-025,amazonaws.com,AAAA
D003415,2026-04-20 11:09:40,WIN-028,microsoft.com,CNAME
D003416,2026-03-11 12:55:33,WIN-030,microsoft.com,A
D003417,2026-05-07 00:49:24,WIN-024,office.com,CNAME
D003418,2026-02-09 13:31:44,WIN-026,amazonaws.com,AAAA
D003419,2026-05-16 10:54:15,WIN-024,google.com,CNAME
D003420,2026-05-04 02:47:22,WIN-029,github.com,CNAME
D003421,2026-04-03 04:00:22,WIN-020,cloudflare.com,AAAA
D003422,2026-04-25 06:26:39,WIN-020,internal.corp,CNAME
D003423,2026-06-20 19:31:51,WIN-008,github.com,CNAME
D003424,2026-01-28 12:21:53,WIN-007,github.com,CNAME
D003425,2026-06-03 02:00:19,WIN-007,github.com,CNAME
D003426,2026-06-30 05:10:44,WIN-003,github.com,AAAA
D003427,2026-04-25 10:57:21,WIN-004,microsoft.com,AAAA
D003428,2026-06-23 08:45:50,WIN-017,google.com,A
D003429,2026-05-20 00:10:20,WIN-028,google.com,AAAA
D003430,2026-04-22 01:53:54,WIN-013,amazonaws.com,AAAA
D003431,2026-04-01 05:48:18,WIN-028,office.com,A
D003432,2026-04-24 21:15:07,WIN-027,cloudflare.com,CNAME
D003433,2026-03-19 10:58:14,WIN-010,cloudflare.com,CNAME
D003434,2026-05-01 02:13:41,WIN-036,office.com,AAAA
D003435,2026-06-15 09:36:37,WIN-032,office.com,A
D003436,2026-06-08 04:03:25,WIN-023,cloudflare.com,A
D003437,2026-05-08 01:45:36,WIN-022,amazonaws.com,AAAA
D003438,2026-01-12 16:50:15,WIN-009,amazonaws.com,A
D003439,2026-01-27 12:25:05,WIN-039,internal.corp,CNAME
D003440,2026-04-29 06:51:06,WIN-031,google.com,CNAME
D003441,2026-02-03 19:53:02,WIN-017,amazonaws.com,AAAA
D003442,2026-03-22 08:06:39,WIN-009,microsoft.com,CNAME
D003443,2026-05-24 07:47:32,WIN-028,office.com,A
D003444,2026-05-02 09:55:59,WIN-020,microsoft.com,A
D003445,2026-06-24 01:13:17,WIN-037,github.com,CNAME
D003446,2026-05-10 15:05:55,WIN-033,office.com,CNAME
D003447,2026-03-07 05:06:29,WIN-021,cloudflare.com,CNAME
D003448,2026-01-18 18:05:52,WIN-008,github.com,CNAME
D003449,2026-05-03 14:34:57,WIN-009,microsoft.com,A
D003450,2026-04-06 21:58:20,WIN-017,microsoft.com,AAAA
D003451,2026-03-20 15:51:27,WIN-032,amazonaws.com,AAAA
D003452,2026-06-26 00:44:47,WIN-021,google.com,CNAME
D003453,2026-06-14 03:30:30,WIN-012,cloudflare.com,AAAA
D003454,2026-02-14 06:07:53,WIN-013,github.com,CNAME
D003455,2026-06-25 06:41:21,WIN-009,amazonaws.com,AAAA
D003456,2026-04-15 01:08:29,WIN-023,microsoft.com,CNAME
D003457,2026-02-24 02:54:15,WIN-002,internal.corp,A
D003458,2026-02-10 00:26:51,WIN-039,amazonaws.com,AAAA
D003459,2026-06-10 17:26:37,WIN-009,microsoft.com,A
D003460,2026-03-08 00:57:37,WIN-005,google.com,A
D003461,2026-02-23 06:57:21,WIN-011,microsoft.com,CNAME
D003462,2026-05-01 05:11:32,WIN-014,google.com,A
D003463,2026-01-28 15:26:38,WIN-007,internal.corp,AAAA
D003464,2026-02-08 17:40:53,WIN-030,microsoft.com,CNAME
D003465,2026-04-18 11:13:33,WIN-036,office.com,CNAME
D003466,2026-02-03 12:18:26,WIN-040,office.com,AAAA
D003467,2026-01-07 11:14:57,WIN-039,cloudflare.com,A
D003468,2026-03-12 03:32:41,WIN-006,github.com,AAAA
D003469,2026-06-16 03:27:29,WIN-032,office.com,AAAA
D003470,2026-05-26 08:19:43,WIN-039,internal.corp,AAAA
D003471,2026-05-03 08:04:51,WIN-033,internal.corp,AAAA
D003472,2026-03-22 20:25:49,WIN-039,google.com,CNAME
D003473,2026-06-18 02:30:38,WIN-013,amazonaws.com,A
D003474,2026-05-15 19:37:14,WIN-006,google.com,A
D003475,2026-04-09 11:29:12,WIN-002,github.com,A
D003476,2026-01-24 16:55:36,WIN-030,cloudflare.com,AAAA
D003477,2026-06-09 05:29:31,WIN-023,cloudflare.com,CNAME
D003478,2026-04-23 11:54:56,WIN-006,google.com,AAAA
D003479,2026-06-30 10:53:34,WIN-025,google.com,AAAA
D003480,2026-05-06 15:29:37,WIN-031,google.com,A
D003481,2026-04-24 21:41:14,WIN-037,internal.corp,AAAA
D003482,2026-02-06 12:43:38,WIN-007,github.com,AAAA
D003483,2026-04-01 22:25:44,WIN-009,amazonaws.com,A
D003484,2026-02-10 00:38:21,WIN-038,cloudflare.com,A
D003485,2026-05-16 00:41:59,WIN-024,github.com,AAAA
D003486,2026-04-08 14:24:21,WIN-008,internal.corp,CNAME
D003487,2026-02-21 07:41:38,WIN-019,google.com,CNAME
D003488,2026-04-29 21:47:42,WIN-021,microsoft.com,A
D003489,2026-01-11 21:22:08,WIN-012,cloudflare.com,CNAME
D003490,2026-04-17 01:56:16,WIN-013,cloudflare.com,CNAME
D003491,2026-03-01 06:38:07,WIN-005,internal.corp,A
D003492,2026-06-29 05:37:36,WIN-012,office.com,AAAA
D003493,2026-03-21 10:36:03,WIN-016,google.com,AAAA
D003494,2026-03-15 01:58:40,WIN-001,internal.corp,CNAME
D003495,2026-05-18 00:34:18,WIN-009,office.com,A
D003496,2026-02-09 13:54:32,WIN-034,github.com,CNAME
D003497,2026-06-02 00:48:35,WIN-005,microsoft.com,CNAME
D003498,2026-05-16 23:57:45,WIN-008,google.com,CNAME
D003499,2026-05-01 02:55:50,WIN-009,github.com,A
D003500,2026-01-04 23:46:11,WIN-009,cloudflare.com,A
D003501,2026-02-14 00:28:59,WIN-024,cloudflare.com,AAAA
D003502,2026-06-01 17:14:15,WIN-033,google.com,AAAA
D003503,2026-02-28 15:25:39,WIN-034,microsoft.com,AAAA
D003504,2026-04-03 16:49:57,WIN-038,cloudflare.com,CNAME
D003505,2026-01-20 05:09:27,WIN-029,google.com,AAAA
D003506,2026-01-13 13:38:44,WIN-012,google.com,CNAME
D003507,2026-05-11 05:22:17,WIN-007,internal.corp,CNAME
D003508,2026-05-22 13:38:42,WIN-018,amazonaws.com,AAAA
D003509,2026-04-27 18:56:33,WIN-010,github.com,CNAME
D003510,2026-06-21 11:59:08,WIN-029,cloudflare.com,AAAA
D003511,2026-01-29 07:12:30,WIN-002,cloudflare.com,CNAME
D003512,2026-05-13 01:37:40,WIN-009,internal.corp,CNAME
D003513,2026-05-30 04:08:35,WIN-017,microsoft.com,AAAA
D003514,2026-03-27 09:40:07,WIN-003,internal.corp,CNAME
D003515,2026-01-27 18:44:14,WIN-023,amazonaws.com,CNAME
D003516,2026-03-24 19:26:40,WIN-004,microsoft.com,CNAME
D003517,2026-06-30 10:40:24,WIN-006,cloudflare.com,AAAA
D003518,2026-06-25 17:21:10,WIN-014,cloudflare.com,CNAME
D003519,2026-03-06 23:02:32,WIN-026,cloudflare.com,CNAME
D003520,2026-04-19 10:50:28,WIN-035,google.com,CNAME
D003521,2026-01-08 11:52:14,WIN-009,amazonaws.com,AAAA
D003522,2026-04-03 12:47:52,WIN-030,cloudflare.com,AAAA
D003523,2026-04-01 14:52:31,WIN-025,microsoft.com,A
D003524,2026-03-27 19:52:53,WIN-020,microsoft.com,AAAA
D003525,2026-05-02 04:58:12,WIN-005,cloudflare.com,AAAA
D003526,2026-02-09 04:03:19,WIN-012,github.com,CNAME
D003527,2026-05-05 08:39:37,WIN-007,microsoft.com,A
D003528,2026-06-06 13:24:04,WIN-012,office.com,CNAME
D003529,2026-01-14 23:31:51,WIN-026,cloudflare.com,AAAA
D003530,2026-05-27 14:44:15,WIN-009,microsoft.com,AAAA
D003531,2026-05-10 20:18:10,WIN-040,google.com,A
D003532,2026-05-20 11:19:04,WIN-035,internal.corp,CNAME
D003533,2026-06-13 23:15:19,WIN-039,cloudflare.com,CNAME
D003534,2026-01-15 18:08:50,WIN-006,google.com,A
D003535,2026-06-21 02:12:40,WIN-032,cloudflare.com,CNAME
D003536,2026-06-07 15:08:51,WIN-029,amazonaws.com,A
D003537,2026-04-13 23:55:42,WIN-006,github.com,CNAME
D003538,2026-05-29 16:12:33,WIN-016,cloudflare.com,AAAA
D003539,2026-06-23 12:22:11,WIN-003,office.com,CNAME
D003540,2026-02-15 02:21:49,WIN-023,microsoft.com,A
D003541,2026-04-30 17:51:10,WIN-007,office.com,A
D003542,2026-06-01 19:35:04,WIN-032,microsoft.com,A
D003543,2026-06-22 09:22:19,WIN-006,amazonaws.com,AAAA
D003544,2026-05-02 17:17:33,WIN-027,cloudflare.com,AAAA
D003545,2026-06-29 15:04:05,WIN-013,github.com,AAAA
D003546,2026-03-08 00:04:07,WIN-019,office.com,CNAME
D003547,2026-04-04 12:43:49,WIN-013,google.com,A
D003548,2026-06-14 15:53:06,WIN-040,amazonaws.com,A
D003549,2026-05-25 05:30:00,WIN-019,cloudflare.com,CNAME
D003550,2026-05-17 09:01:44,WIN-029,cloudflare.com,CNAME
D003551,2026-05-30 11:01:59,WIN-039,google.com,A
D003552,2026-02-11 08:54:28,WIN-014,amazonaws.com,A
D003553,2026-03-15 10:55:06,WIN-032,microsoft.com,CNAME
D003554,2026-02-15 03:44:07,WIN-012,office.com,A
D003555,2026-02-25 21:52:33,WIN-003,office.com,A
D003556,2026-01-07 07:48:58,WIN-034,microsoft.com,AAAA
D003557,2026-01-23 12:09:29,WIN-030,cloudflare.com,CNAME
D003558,2026-06-01 21:56:14,WIN-016,internal.corp,A
D003559,2026-05-02 23:08:04,WIN-001,microsoft.com,AAAA
D003560,2026-03-29 01:51:36,WIN-038,microsoft.com,A
D003561,2026-03-07 11:15:05,WIN-033,google.com,A
D003562,2026-05-21 15:06:22,WIN-028,amazonaws.com,AAAA
D003563,2026-02-16 14:21:21,WIN-037,amazonaws.com,CNAME
D003564,2026-02-13 11:09:29,WIN-032,internal.corp,AAAA
D003565,2026-05-30 16:04:10,WIN-025,microsoft.com,AAAA
D003566,2026-05-03 04:17:59,WIN-028,office.com,A
D003567,2026-02-05 17:47:13,WIN-021,microsoft.com,A
D003568,2026-04-18 11:50:37,WIN-001,office.com,A
D003569,2026-03-20 14:23:25,WIN-035,cloudflare.com,AAAA
D003570,2026-02-11 13:32:37,WIN-019,cloudflare.com,A
D003571,2026-05-13 10:22:31,WIN-028,github.com,A
D003572,2026-06-04 23:40:31,WIN-010,github.com,CNAME
D003573,2026-03-07 04:05:20,WIN-034,google.com,AAAA
D003574,2026-02-15 09:35:15,WIN-011,google.com,AAAA
D003575,2026-04-15 23:45:25,WIN-021,office.com,A
D003576,2026-04-12 23:35:36,WIN-033,cloudflare.com,A
D003577,2026-06-17 11:06:44,WIN-010,amazonaws.com,AAAA
D003578,2026-06-13 11:35:40,WIN-018,github.com,A
D003579,2026-03-24 11:53:53,WIN-002,google.com,CNAME
D003580,2026-06-14 04:04:36,WIN-006,office.com,A
D003581,2026-05-04 14:57:15,WIN-032,google.com,A
D003582,2026-04-18 01:45:46,WIN-012,google.com,A
D003583,2026-02-20 02:14:32,WIN-030,microsoft.com,AAAA
D003584,2026-02-28 20:50:42,WIN-012,internal.corp,A
D003585,2026-03-09 17:51:15,WIN-037,internal.corp,CNAME
D003586,2026-04-14 14:29:27,WIN-030,internal.corp,A
D003587,2026-05-13 12:55:07,WIN-007,internal.corp,AAAA
D003588,2026-02-06 06:47:38,WIN-028,microsoft.com,A
D003589,2026-05-03 01:31:24,WIN-032,office.com,AAAA
D003590,2026-01-20 07:00:04,WIN-030,google.com,AAAA
D003591,2026-01-23 11:45:01,WIN-022,google.com,A
D003592,2026-06-12 16:37:20,WIN-003,cloudflare.com,AAAA
D003593,2026-03-29 03:23:14,WIN-035,amazonaws.com,CNAME
D003594,2026-06-04 04:18:22,WIN-031,amazonaws.com,AAAA
D003595,2026-01-24 05:21:53,WIN-007,amazonaws.com,A
D003596,2026-04-08 06:43:24,WIN-034,microsoft.com,CNAME
D003597,2026-01-06 12:31:13,WIN-033,google.com,AAAA
D003598,2026-01-05 04:36:25,WIN-007,cloudflare.com,A
D003599,2026-05-10 02:20:59,WIN-034,google.com,CNAME
D003600,2026-03-01 07:51:03,WIN-027,microsoft.com,A
D003601,2026-03-09 15:09:46,WIN-001,microsoft.com,A
D003602,2026-02-18 06:15:09,WIN-015,internal.corp,AAAA
D003603,2026-06-05 21:01:21,WIN-030,internal.corp,AAAA
D003604,2026-06-25 04:31:36,WIN-024,amazonaws.com,CNAME
D003605,2026-03-08 16:55:27,WIN-035,microsoft.com,CNAME
D003606,2026-06-16 18:22:57,WIN-023,office.com,CNAME
D003607,2026-01-27 11:49:38,WIN-037,github.com,A
D003608,2026-04-08 00:07:06,WIN-007,internal.corp,AAAA
D003609,2026-05-02 07:04:00,WIN-012,internal.corp,CNAME
D003610,2026-05-10 05:33:49,WIN-006,amazonaws.com,A
D003611,2026-06-24 01:34:10,WIN-034,microsoft.com,A
D003612,2026-05-05 02:55:05,WIN-018,microsoft.com,AAAA
D003613,2026-03-20 02:07:43,WIN-003,github.com,A
D003614,2026-02-27 07:12:54,WIN-007,microsoft.com,AAAA
D003615,2026-01-14 19:39:38,WIN-037,google.com,A
D003616,2026-05-24 15:11:22,WIN-034,office.com,CNAME
D003617,2026-04-06 07:01:43,WIN-021,google.com,AAAA
D003618,2026-01-29 23:25:09,WIN-020,google.com,AAAA
D003619,2026-03-16 01:51:30,WIN-019,cloudflare.com,CNAME
D003620,2026-06-17 06:47:13,WIN-017,cloudflare.com,AAAA
D003621,2026-05-31 15:19:55,WIN-022,microsoft.com,CNAME
D003622,2026-04-06 01:46:56,WIN-003,google.com,A
D003623,2026-05-30 18:53:56,WIN-031,github.com,AAAA
D003624,2026-04-06 06:57:39,WIN-014,amazonaws.com,A
D003625,2026-04-27 09:13:40,WIN-007,internal.corp,CNAME
D003626,2026-02-09 20:34:43,WIN-036,google.com,AAAA
D003627,2026-01-06 11:53:43,WIN-033,internal.corp,A
D003628,2026-05-30 05:34:42,WIN-028,microsoft.com,AAAA
D003629,2026-06-28 01:56:53,WIN-016,microsoft.com,A
D003630,2026-05-30 00:44:34,WIN-037,amazonaws.com,A
D003631,2026-06-15 05:01:48,WIN-029,internal.corp,AAAA
D003632,2026-04-24 06:36:43,WIN-040,amazonaws.com,CNAME
D003633,2026-05-31 10:20:03,WIN-022,github.com,A
D003634,2026-01-15 10:03:22,WIN-022,microsoft.com,CNAME
D003635,2026-05-27 03:35:42,WIN-008,cloudflare.com,CNAME
D003636,2026-02-10 17:24:05,WIN-039,microsoft.com,AAAA
D003637,2026-04-29 23:46:30,WIN-025,internal.corp,CNAME
D003638,2026-01-21 06:28:09,WIN-009,office.com,CNAME
D003639,2026-02-22 23:27:43,WIN-017,github.com,A
D003640,2026-02-22 23:38:32,WIN-008,cloudflare.com,A
D003641,2026-04-28 13:56:43,WIN-035,google.com,CNAME
D003642,2026-06-11 18:50:49,WIN-008,github.com,CNAME
D003643,2026-05-26 14:19:13,WIN-003,github.com,AAAA
D003644,2026-02-27 03:28:37,WIN-030,microsoft.com,A
D003645,2026-03-07 04:46:05,WIN-013,microsoft.com,AAAA
D003646,2026-02-11 12:15:48,WIN-028,internal.corp,CNAME
D003647,2026-04-25 01:18:44,WIN-038,google.com,AAAA
D003648,2026-02-12 22:33:57,WIN-027,cloudflare.com,AAAA
D003649,2026-04-15 02:14:29,WIN-027,google.com,A
D003650,2026-03-03 21:16:45,WIN-033,office.com,A
D003651,2026-01-02 19:56:18,WIN-022,microsoft.com,A
D003652,2026-04-30 11:43:40,WIN-014,google.com,A
D003653,2026-06-06 03:19:31,WIN-010,google.com,A
D003654,2026-04-09 19:25:30,WIN-029,microsoft.com,CNAME
D003655,2026-05-11 14:46:10,WIN-038,office.com,AAAA
D003656,2026-01-04 16:30:09,WIN-032,office.com,CNAME
D003657,2026-05-06 21:39:54,WIN-036,office.com,A
D003658,2026-02-16 12:27:04,WIN-024,office.com,AAAA
D003659,2026-06-06 15:57:29,WIN-001,microsoft.com,A
D003660,2026-03-01 06:52:47,WIN-032,cloudflare.com,CNAME
D003661,2026-05-29 15:24:19,WIN-006,google.com,CNAME
D003662,2026-05-07 06:31:55,WIN-030,internal.corp,CNAME
D003663,2026-04-02 20:44:01,WIN-001,github.com,AAAA
D003664,2026-04-05 15:27:46,WIN-023,microsoft.com,CNAME
D003665,2026-04-04 10:20:04,WIN-019,office.com,AAAA
D003666,2026-01-16 14:04:20,WIN-012,github.com,CNAME
D003667,2026-02-15 11:26:57,WIN-022,cloudflare.com,A
D003668,2026-04-18 07:52:55,WIN-002,microsoft.com,A
D003669,2026-01-28 16:05:34,WIN-025,google.com,A
D003670,2026-03-18 00:29:55,WIN-011,google.com,A
D003671,2026-02-02 19:01:56,WIN-004,github.com,CNAME
D003672,2026-01-21 11:13:04,WIN-010,cloudflare.com,AAAA
D003673,2026-02-17 01:02:47,WIN-018,cloudflare.com,AAAA
D003674,2026-05-17 18:53:48,WIN-023,google.com,CNAME
D003675,2026-04-14 15:14:10,WIN-038,google.com,A
D003676,2026-01-06 04:06:59,WIN-022,microsoft.com,CNAME
D003677,2026-01-12 18:17:59,WIN-030,google.com,CNAME
D003678,2026-03-14 16:12:29,WIN-015,internal.corp,AAAA
D003679,2026-04-16 17:25:57,WIN-020,amazonaws.com,A
D003680,2026-03-07 00:37:09,WIN-029,amazonaws.com,AAAA
D003681,2026-02-13 05:35:01,WIN-026,internal.corp,CNAME
D003682,2026-02-05 20:49:55,WIN-010,google.com,A
D003683,2026-02-05 03:44:44,WIN-038,github.com,A
D003684,2026-01-25 03:13:29,WIN-038,github.com,CNAME
D003685,2026-02-21 06:45:00,WIN-007,internal.corp,CNAME
D003686,2026-02-03 00:50:14,WIN-018,office.com,AAAA
D003687,2026-01-23 17:27:40,WIN-038,amazonaws.com,A
D003688,2026-04-07 04:06:52,WIN-023,cloudflare.com,CNAME
D003689,2026-04-26 06:01:46,WIN-026,microsoft.com,A
D003690,2026-01-05 13:46:27,WIN-016,google.com,A
D003691,2026-06-19 03:20:45,WIN-021,amazonaws.com,A
D003692,2026-05-31 17:00:33,WIN-012,internal.corp,A
D003693,2026-03-10 03:59:27,WIN-025,github.com,A
D003694,2026-02-24 07:03:36,WIN-014,cloudflare.com,CNAME
D003695,2026-05-29 19:53:23,WIN-025,microsoft.com,A
D003696,2026-06-22 07:24:26,WIN-022,microsoft.com,CNAME
D003697,2026-02-01 13:52:15,WIN-029,microsoft.com,A
D003698,2026-03-11 16:32:35,WIN-030,office.com,AAAA
D003699,2026-02-10 12:31:36,WIN-034,microsoft.com,A
D003700,2026-04-25 06:55:28,WIN-020,internal.corp,A
D003701,2026-01-07 22:14:17,WIN-023,github.com,AAAA
D003702,2026-06-26 07:17:23,WIN-036,internal.corp,A
D003703,2026-06-12 21:57:42,WIN-039,internal.corp,A
D003704,2026-01-07 04:11:43,WIN-022,internal.corp,AAAA
D003705,2026-03-13 20:05:42,WIN-021,github.com,A
D003706,2026-05-08 00:25:25,WIN-029,office.com,AAAA
D003707,2026-05-22 07:27:49,WIN-032,office.com,A
D003708,2026-04-25 23:39:10,WIN-028,cloudflare.com,CNAME
D003709,2026-04-16 16:03:41,WIN-025,internal.corp,A
D003710,2026-03-21 21:37:48,WIN-038,google.com,CNAME
D003711,2026-05-04 14:16:15,WIN-026,microsoft.com,AAAA
D003712,2026-06-04 07:39:13,WIN-021,amazonaws.com,CNAME
D003713,2026-06-06 03:43:14,WIN-004,microsoft.com,AAAA
D003714,2026-02-02 01:16:44,WIN-014,internal.corp,CNAME
D003715,2026-05-16 19:01:12,WIN-010,amazonaws.com,AAAA
D003716,2026-06-07 22:09:41,WIN-028,cloudflare.com,AAAA
D003717,2026-03-21 05:31:29,WIN-016,microsoft.com,CNAME
D003718,2026-04-28 02:44:11,WIN-018,github.com,CNAME
D003719,2026-06-25 20:44:34,WIN-026,google.com,AAAA
D003720,2026-06-15 16:33:44,WIN-033,internal.corp,CNAME
D003721,2026-03-21 02:38:49,WIN-015,google.com,CNAME
D003722,2026-06-25 01:21:50,WIN-038,microsoft.com,A
D003723,2026-05-17 14:44:10,WIN-001,amazonaws.com,CNAME
D003724,2026-01-16 09:00:58,WIN-027,github.com,AAAA
D003725,2026-06-28 02:09:10,WIN-036,github.com,AAAA
D003726,2026-03-16 01:34:01,WIN-021,internal.corp,AAAA
D003727,2026-01-09 03:09:33,WIN-013,amazonaws.com,A
D003728,2026-06-02 12:02:51,WIN-027,github.com,CNAME
D003729,2026-02-07 18:16:42,WIN-001,microsoft.com,CNAME
D003730,2026-04-20 20:37:35,WIN-037,google.com,A
D003731,2026-03-05 22:25:01,WIN-009,cloudflare.com,AAAA
D003732,2026-03-10 14:21:14,WIN-017,amazonaws.com,A
D003733,2026-01-10 22:15:02,WIN-018,office.com,A
D003734,2026-06-08 15:58:40,WIN-007,google.com,A
D003735,2026-05-10 19:38:30,WIN-030,github.com,AAAA
D003736,2026-01-29 01:18:00,WIN-029,microsoft.com,AAAA
D003737,2026-05-13 18:17:54,WIN-006,cloudflare.com,A
D003738,2026-01-17 23:18:00,WIN-034,github.com,AAAA
D003739,2026-01-04 14:22:43,WIN-015,office.com,A
D003740,2026-01-07 08:09:44,WIN-036,cloudflare.com,A
D003741,2026-05-08 16:46:53,WIN-016,internal.corp,AAAA
D003742,2026-01-10 03:30:52,WIN-019,microsoft.com,A
D003743,2026-06-06 23:32:22,WIN-015,amazonaws.com,AAAA
D003744,2026-01-22 05:10:12,WIN-016,office.com,AAAA
D003745,2026-03-05 04:11:10,WIN-030,amazonaws.com,AAAA
D003746,2026-03-31 12:16:49,WIN-016,office.com,AAAA
D003747,2026-02-21 21:07:28,WIN-028,office.com,A
D003748,2026-06-28 05:02:34,WIN-012,microsoft.com,A
D003749,2026-06-04 08:31:33,WIN-036,internal.corp,CNAME
D003750,2026-04-08 21:49:49,WIN-013,microsoft.com,A
D003751,2026-04-29 12:05:06,WIN-040,github.com,A
D003752,2026-06-29 21:56:02,WIN-038,internal.corp,A
D003753,2026-06-07 17:45:11,WIN-013,github.com,CNAME
D003754,2026-02-15 22:15:02,WIN-040,amazonaws.com,A
D003755,2026-05-15 19:48:56,WIN-039,office.com,CNAME
D003756,2026-04-04 15:56:40,WIN-024,microsoft.com,CNAME
D003757,2026-02-14 21:34:06,WIN-037,office.com,CNAME
D003758,2026-04-26 20:24:31,WIN-035,internal.corp,A
D003759,2026-06-04 15:31:48,WIN-031,cloudflare.com,AAAA
D003760,2026-02-27 19:57:13,WIN-022,amazonaws.com,AAAA
D003761,2026-04-19 20:18:38,WIN-005,amazonaws.com,AAAA
D003762,2026-03-25 00:59:15,WIN-008,amazonaws.com,CNAME
D003763,2026-05-23 07:06:51,WIN-016,github.com,CNAME
D003764,2026-06-12 15:18:42,WIN-004,internal.corp,AAAA
D003765,2026-01-28 14:40:43,WIN-023,amazonaws.com,A
D003766,2026-04-06 03:34:58,WIN-008,cloudflare.com,CNAME
D003767,2026-04-27 10:20:06,WIN-040,internal.corp,CNAME
D003768,2026-04-03 13:13:24,WIN-011,internal.corp,CNAME
D003769,2026-01-12 08:27:43,WIN-029,amazonaws.com,CNAME
D003770,2026-06-04 06:16:02,WIN-020,google.com,CNAME
D003771,2026-02-25 14:08:01,WIN-017,microsoft.com,A
D003772,2026-03-10 05:13:34,WIN-021,office.com,A
D003773,2026-04-25 13:36:18,WIN-006,cloudflare.com,A
D003774,2026-05-21 23:46:52,WIN-004,amazonaws.com,A
D003775,2026-02-14 05:05:13,WIN-015,google.com,CNAME
D003776,2026-06-15 00:55:37,WIN-007,microsoft.com,CNAME
D003777,2026-03-07 06:55:07,WIN-026,google.com,CNAME
D003778,2026-03-06 05:26:33,WIN-035,microsoft.com,A
D003779,2026-02-03 13:36:39,WIN-023,internal.corp,CNAME
D003780,2026-05-09 15:54:18,WIN-039,office.com,CNAME
D003781,2026-04-11 08:36:07,WIN-039,amazonaws.com,A
D003782,2026-02-15 19:21:36,WIN-016,google.com,A
D003783,2026-05-03 12:15:21,WIN-037,github.com,CNAME
D003784,2026-01-23 01:50:20,WIN-031,microsoft.com,CNAME
D003785,2026-04-21 22:07:22,WIN-018,internal.corp,AAAA
D003786,2026-05-04 18:16:59,WIN-025,github.com,AAAA
D003787,2026-02-24 01:56:08,WIN-036,cloudflare.com,AAAA
D003788,2026-01-27 20:57:56,WIN-033,office.com,CNAME
D003789,2026-04-17 06:27:31,WIN-030,cloudflare.com,CNAME
D003790,2026-04-29 10:37:34,WIN-011,internal.corp,CNAME
D003791,2026-01-04 12:32:55,WIN-025,internal.corp,A
D003792,2026-06-30 13:21:54,WIN-016,amazonaws.com,CNAME
D003793,2026-02-21 07:53:57,WIN-010,github.com,CNAME
D003794,2026-04-21 12:30:06,WIN-013,office.com,A
D003795,2026-01-16 03:31:31,WIN-036,internal.corp,CNAME
D003796,2026-01-29 14:56:54,WIN-014,internal.corp,CNAME
D003797,2026-04-02 04:48:55,WIN-028,cloudflare.com,CNAME
D003798,2026-02-05 06:50:17,WIN-023,google.com,A
D003799,2026-01-20 00:27:21,WIN-002,internal.corp,A
D003800,2026-03-09 05:58:12,WIN-028,cloudflare.com,CNAME
D003801,2026-03-25 18:17:58,WIN-006,amazonaws.com,AAAA
D003802,2026-03-23 13:15:56,WIN-021,amazonaws.com,AAAA
D003803,2026-04-04 10:22:25,WIN-010,microsoft.com,A
D003804,2026-06-25 05:38:20,WIN-002,office.com,A
D003805,2026-05-03 23:53:22,WIN-028,google.com,A
D003806,2026-05-02 02:16:20,WIN-035,office.com,A
D003807,2026-05-26 09:05:17,WIN-034,google.com,A
D003808,2026-05-08 01:41:43,WIN-027,amazonaws.com,CNAME
D003809,2026-02-24 08:42:34,WIN-019,office.com,A
D003810,2026-01-05 11:32:22,WIN-015,amazonaws.com,CNAME
D003811,2026-06-15 06:22:40,WIN-024,github.com,A
D003812,2026-02-20 07:32:47,WIN-003,office.com,AAAA
D003813,2026-04-16 00:21:47,WIN-015,google.com,AAAA
D003814,2026-01-31 16:41:36,WIN-025,office.com,A
D003815,2026-04-02 07:59:10,WIN-036,microsoft.com,AAAA
D003816,2026-06-21 06:28:07,WIN-040,microsoft.com,AAAA
D003817,2026-02-06 16:10:00,WIN-010,google.com,AAAA
D003818,2026-03-05 00:48:34,WIN-013,internal.corp,CNAME
D003819,2026-04-13 19:12:33,WIN-012,internal.corp,AAAA
D003820,2026-05-24 01:49:22,WIN-040,google.com,CNAME
D003821,2026-02-10 09:07:32,WIN-010,internal.corp,CNAME
D003822,2026-05-13 10:47:31,WIN-029,github.com,CNAME
D003823,2026-06-03 19:16:07,WIN-015,amazonaws.com,AAAA
D003824,2026-05-10 06:52:41,WIN-011,microsoft.com,A
D003825,2026-04-02 06:32:42,WIN-011,google.com,A
D003826,2026-06-29 11:03:02,WIN-002,internal.corp,AAAA
D003827,2026-02-04 18:13:29,WIN-021,office.com,AAAA
D003828,2026-04-04 12:57:35,WIN-002,internal.corp,A
D003829,2026-06-08 01:52:46,WIN-010,microsoft.com,CNAME
D003830,2026-04-11 21:28:59,WIN-035,github.com,CNAME
D003831,2026-01-11 01:55:44,WIN-020,cloudflare.com,A
D003832,2026-02-28 18:59:31,WIN-029,microsoft.com,A
D003833,2026-05-28 06:24:30,WIN-010,github.com,AAAA
D003834,2026-04-07 06:29:43,WIN-033,cloudflare.com,A
D003835,2026-06-23 04:36:19,WIN-027,google.com,A
D003836,2026-04-15 06:29:19,WIN-012,amazonaws.com,AAAA
D003837,2026-05-24 04:46:28,WIN-003,microsoft.com,A
D003838,2026-06-12 23:10:31,WIN-022,google.com,A
D003839,2026-01-14 11:16:58,WIN-013,cloudflare.com,A
D003840,2026-01-21 18:34:34,WIN-028,microsoft.com,A
D003841,2026-05-13 04:28:14,WIN-040,office.com,AAAA
D003842,2026-01-28 18:54:27,WIN-004,github.com,A
D003843,2026-05-07 19:39:02,WIN-026,cloudflare.com,A
D003844,2026-03-07 18:35:33,WIN-002,amazonaws.com,AAAA
D003845,2026-06-25 15:31:51,WIN-010,office.com,CNAME
D003846,2026-04-23 05:58:42,WIN-021,office.com,CNAME
D003847,2026-04-30 03:00:59,WIN-033,amazonaws.com,A
D003848,2026-03-03 06:58:10,WIN-029,internal.corp,AAAA
D003849,2026-05-06 14:49:08,WIN-011,google.com,A
D003850,2026-04-09 01:31:33,WIN-028,github.com,CNAME
D003851,2026-06-08 22:05:06,WIN-025,internal.corp,CNAME
D003852,2026-04-18 20:58:47,WIN-016,office.com,AAAA
D003853,2026-06-23 07:54:02,WIN-016,google.com,CNAME
D003854,2026-02-13 07:44:14,WIN-002,cloudflare.com,AAAA
D003855,2026-02-03 20:34:27,WIN-027,cloudflare.com,A
D003856,2026-05-18 22:54:49,WIN-036,google.com,A
D003857,2026-04-08 07:21:29,WIN-025,github.com,AAAA
D003858,2026-01-25 00:56:39,WIN-038,github.com,CNAME
D003859,2026-05-26 11:18:40,WIN-009,amazonaws.com,A
D003860,2026-01-02 07:01:45,WIN-031,office.com,A
D003861,2026-05-17 09:20:03,WIN-030,cloudflare.com,CNAME
D003862,2026-03-27 03:44:51,WIN-013,google.com,A
D003863,2026-01-01 18:01:57,WIN-003,microsoft.com,A
D003864,2026-04-18 01:02:45,WIN-035,office.com,CNAME
D003865,2026-03-29 01:17:37,WIN-022,amazonaws.com,AAAA
D003866,2026-01-23 04:33:05,WIN-015,google.com,A
D003867,2026-01-20 21:46:32,WIN-013,internal.corp,A
D003868,2026-04-08 12:17:36,WIN-006,internal.corp,A
D003869,2026-01-19 08:29:39,WIN-014,office.com,A
D003870,2026-02-24 11:59:53,WIN-023,amazonaws.com,AAAA
D003871,2026-06-07 12:29:50,WIN-034,google.com,CNAME
D003872,2026-03-03 23:25:32,WIN-007,amazonaws.com,A
D003873,2026-02-10 05:53:13,WIN-017,github.com,A
D003874,2026-01-11 16:41:16,WIN-031,amazonaws.com,AAAA
D003875,2026-06-09 14:40:02,WIN-035,google.com,AAAA
D003876,2026-05-12 20:43:01,WIN-023,office.com,AAAA
D003877,2026-02-16 07:20:49,WIN-013,cloudflare.com,A
D003878,2026-01-10 07:12:53,WIN-038,github.com,A
D003879,2026-01-28 13:36:31,WIN-040,google.com,CNAME
D003880,2026-06-04 08:20:49,WIN-029,cloudflare.com,AAAA
D003881,2026-05-26 07:15:13,WIN-013,google.com,CNAME
D003882,2026-06-05 02:55:44,WIN-018,microsoft.com,CNAME
D003883,2026-03-11 09:25:11,WIN-039,microsoft.com,AAAA
D003884,2026-04-25 05:02:39,WIN-025,microsoft.com,A
D003885,2026-06-23 14:31:10,WIN-013,office.com,A
D003886,2026-05-01 12:29:25,WIN-010,github.com,AAAA
D003887,2026-06-10 04:32:26,WIN-036,internal.corp,CNAME
D003888,2026-01-15 00:09:54,WIN-003,google.com,AAAA
D003889,2026-04-07 00:59:32,WIN-034,amazonaws.com,CNAME
D003890,2026-06-22 19:09:04,WIN-017,internal.corp,A
D003891,2026-02-07 18:57:28,WIN-034,microsoft.com,CNAME
D003892,2026-02-05 06:18:59,WIN-019,cloudflare.com,AAAA
D003893,2026-04-05 01:21:36,WIN-010,office.com,AAAA
D003894,2026-05-15 21:29:55,WIN-037,amazonaws.com,A
D003895,2026-04-10 15:32:06,WIN-009,office.com,A
D003896,2026-06-20 18:30:23,WIN-017,google.com,A
D003897,2026-04-28 08:39:39,WIN-040,github.com,CNAME
D003898,2026-02-22 03:59:16,WIN-028,microsoft.com,AAAA
D003899,2026-04-22 23:37:02,WIN-039,github.com,A
D003900,2026-01-22 00:17:29,WIN-023,cloudflare.com,A
D003901,2026-05-27 00:49:02,WIN-010,google.com,CNAME
D003902,2026-04-18 04:52:31,WIN-001,amazonaws.com,CNAME
D003903,2026-03-16 07:49:07,WIN-005,google.com,A
D003904,2026-02-03 17:30:50,WIN-011,cloudflare.com,CNAME
D003905,2026-05-14 14:40:56,WIN-006,github.com,AAAA
D003906,2026-01-08 12:24:58,WIN-029,cloudflare.com,CNAME
D003907,2026-06-18 19:09:37,WIN-001,internal.corp,A
D003908,2026-02-26 17:10:07,WIN-004,cloudflare.com,A
D003909,2026-06-14 21:14:42,WIN-007,microsoft.com,CNAME
D003910,2026-02-27 00:32:10,WIN-010,google.com,CNAME
D003911,2026-03-22 13:26:06,WIN-008,google.com,CNAME
D003912,2026-05-12 23:50:34,WIN-019,google.com,CNAME
D003913,2026-04-02 08:37:57,WIN-040,microsoft.com,AAAA
D003914,2026-05-22 15:05:26,WIN-028,cloudflare.com,A
D003915,2026-02-22 17:02:48,WIN-037,internal.corp,CNAME
D003916,2026-02-10 14:05:31,WIN-028,internal.corp,A
D003917,2026-04-05 05:59:54,WIN-020,internal.corp,A
D003918,2026-05-22 04:42:10,WIN-026,cloudflare.com,CNAME
D003919,2026-01-23 02:29:33,WIN-039,github.com,A
D003920,2026-04-07 03:03:48,WIN-039,office.com,CNAME
D003921,2026-06-01 20:56:13,WIN-023,github.com,AAAA
D003922,2026-06-08 16:23:12,WIN-032,internal.corp,A
D003923,2026-05-14 21:24:45,WIN-019,github.com,A
D003924,2026-06-09 13:24:21,WIN-028,office.com,A
D003925,2026-01-18 02:45:22,WIN-001,github.com,AAAA
D003926,2026-04-29 18:55:59,WIN-012,internal.corp,A
D003927,2026-03-03 21:58:59,WIN-022,internal.corp,CNAME
D003928,2026-03-15 09:11:51,WIN-012,github.com,CNAME
D003929,2026-01-30 11:23:45,WIN-026,amazonaws.com,AAAA
D003930,2026-06-13 12:26:55,WIN-020,amazonaws.com,CNAME
D003931,2026-03-15 16:09:28,WIN-028,github.com,CNAME
D003932,2026-01-15 18:31:24,WIN-028,microsoft.com,A
D003933,2026-01-23 17:07:50,WIN-006,github.com,AAAA
D003934,2026-06-27 08:01:25,WIN-035,internal.corp,CNAME
D003935,2026-05-25 03:20:45,WIN-016,internal.corp,AAAA
D003936,2026-05-18 23:17:19,WIN-018,github.com,CNAME
D003937,2026-05-17 10:50:06,WIN-037,internal.corp,A
D003938,2026-04-18 08:44:20,WIN-021,internal.corp,A
D003939,2026-04-16 06:03:53,WIN-023,microsoft.com,AAAA
D003940,2026-01-15 18:39:02,WIN-037,github.com,A
D003941,2026-03-18 07:09:52,WIN-016,google.com,CNAME
D003942,2026-06-23 17:52:38,WIN-019,github.com,A
D003943,2026-06-13 07:08:42,WIN-036,office.com,AAAA
D003944,2026-01-14 20:15:47,WIN-025,microsoft.com,AAAA
D003945,2026-01-12 00:32:38,WIN-006,amazonaws.com,AAAA
D003946,2026-01-19 23:41:21,WIN-024,cloudflare.com,A
D003947,2026-03-07 02:25:32,WIN-012,google.com,AAAA
D003948,2026-06-26 22:10:24,WIN-002,office.com,A
D003949,2026-06-12 00:23:00,WIN-033,amazonaws.com,CNAME
D003950,2026-05-12 15:20:40,WIN-030,microsoft.com,AAAA
D003951,2026-06-27 13:44:38,WIN-031,cloudflare.com,A
D003952,2026-04-25 02:49:41,WIN-005,google.com,CNAME
D003953,2026-05-30 08:26:42,WIN-022,microsoft.com,A
D003954,2026-02-26 01:53:40,WIN-013,amazonaws.com,CNAME
D003955,2026-01-30 19:21:15,WIN-006,office.com,A
D003956,2026-04-06 19:55:42,WIN-024,internal.corp,A
D003957,2026-03-09 09:11:07,WIN-005,office.com,A
D003958,2026-05-11 01:24:40,WIN-014,office.com,A
D003959,2026-03-03 00:22:59,WIN-024,microsoft.com,A
D003960,2026-06-14 20:02:57,WIN-018,office.com,A
D003961,2026-05-31 03:34:32,WIN-020,microsoft.com,A
D003962,2026-03-06 11:47:28,WIN-025,github.com,CNAME
D003963,2026-02-27 16:29:43,WIN-021,microsoft.com,CNAME
D003964,2026-05-29 08:38:48,WIN-026,microsoft.com,A
D003965,2026-03-31 04:35:12,WIN-032,cloudflare.com,A
D003966,2026-05-03 05:47:16,WIN-010,amazonaws.com,AAAA
D003967,2026-04-09 10:15:30,WIN-013,microsoft.com,CNAME
D003968,2026-03-23 13:16:59,WIN-001,github.com,AAAA
D003969,2026-01-21 02:49:38,WIN-040,microsoft.com,CNAME
D003970,2026-03-13 04:39:03,WIN-003,github.com,CNAME
D003971,2026-06-01 01:39:52,WIN-037,internal.corp,A
D003972,2026-01-04 19:12:45,WIN-004,office.com,A
D003973,2026-03-25 01:38:32,WIN-009,github.com,CNAME
D003974,2026-04-28 02:58:08,WIN-018,internal.corp,A
D003975,2026-06-05 06:56:09,WIN-020,google.com,A
D003976,2026-06-15 04:23:45,WIN-037,internal.corp,CNAME
D003977,2026-04-02 17:59:42,WIN-015,google.com,A
D003978,2026-04-12 04:11:30,WIN-023,cloudflare.com,CNAME
D003979,2026-01-03 15:59:44,WIN-035,cloudflare.com,CNAME
D003980,2026-02-19 23:08:59,WIN-025,google.com,AAAA
D003981,2026-02-23 18:33:44,WIN-021,github.com,CNAME
D003982,2026-03-31 14:54:14,WIN-034,office.com,CNAME
D003983,2026-06-30 10:32:48,WIN-010,amazonaws.com,A
D003984,2026-06-14 20:47:41,WIN-024,microsoft.com,CNAME
D003985,2026-04-02 20:08:56,WIN-028,cloudflare.com,A
D003986,2026-01-04 09:25:57,WIN-019,office.com,AAAA
D003987,2026-02-04 10:16:59,WIN-025,cloudflare.com,A
D003988,2026-06-17 16:36:32,WIN-039,microsoft.com,AAAA
D003989,2026-06-25 04:29:29,WIN-011,google.com,A
D003990,2026-02-10 06:49:16,WIN-035,google.com,CNAME
D003991,2026-05-31 10:03:42,WIN-010,github.com,AAAA
D003992,2026-04-28 21:10:41,WIN-002,office.com,CNAME
D003993,2026-06-26 09:13:27,WIN-004,office.com,AAAA
D003994,2026-01-04 10:57:45,WIN-017,github.com,AAAA
D003995,2026-06-23 07:29:24,WIN-037,cloudflare.com,AAAA
D003996,2026-04-23 00:41:34,WIN-033,office.com,A
D003997,2026-01-18 03:48:20,WIN-038,github.com,AAAA
D003998,2026-03-30 16:09:36,WIN-002,microsoft.com,CNAME
D003999,2026-01-31 08:53:38,WIN-038,cloudflare.com,CNAME
D004000,2026-04-21 09:32:50,WIN-038,office.com,CNAME
D004001,2026-04-19 05:08:56,WIN-024,google.com,A
D004002,2026-05-01 12:28:54,WIN-036,google.com,A
D004003,2026-03-22 12:59:46,WIN-011,internal.corp,A
D004004,2026-02-24 21:03:44,WIN-026,internal.corp,A
D004005,2026-02-25 03:30:29,WIN-037,github.com,AAAA
D004006,2026-05-06 09:38:48,WIN-036,office.com,CNAME
D004007,2026-06-06 02:31:38,WIN-023,office.com,AAAA
D004008,2026-01-29 19:01:06,WIN-013,google.com,A
D004009,2026-03-11 07:00:59,WIN-029,google.com,A
D004010,2026-03-29 10:07:33,WIN-009,internal.corp,A
D004011,2026-05-13 02:03:05,WIN-028,cloudflare.com,A
D004012,2026-04-08 09:07:08,WIN-029,office.com,A
D004013,2026-03-22 14:13:58,WIN-030,internal.corp,CNAME
D004014,2026-05-05 15:02:15,WIN-004,microsoft.com,A
D004015,2026-01-26 10:02:17,WIN-005,google.com,CNAME
D004016,2026-05-20 21:59:19,WIN-006,cloudflare.com,A
D004017,2026-06-13 05:37:10,WIN-011,github.com,A
D004018,2026-02-19 05:47:37,WIN-001,google.com,A
D004019,2026-05-08 12:38:36,WIN-033,github.com,CNAME
D004020,2026-03-09 06:43:27,WIN-016,google.com,AAAA
D004021,2026-03-25 09:10:35,WIN-021,google.com,A
D004022,2026-05-31 22:38:17,WIN-025,office.com,A
D004023,2026-03-09 21:32:25,WIN-038,internal.corp,CNAME
D004024,2026-05-09 20:17:30,WIN-021,amazonaws.com,A
D004025,2026-05-06 23:36:17,WIN-034,office.com,CNAME
D004026,2026-03-29 16:08:42,WIN-009,office.com,AAAA
D004027,2026-05-31 03:47:14,WIN-010,office.com,A
D004028,2026-01-23 16:41:47,WIN-026,microsoft.com,AAAA
D004029,2026-04-05 13:35:13,WIN-009,github.com,AAAA
D004030,2026-02-23 09:48:22,WIN-009,amazonaws.com,AAAA
D004031,2026-03-29 05:27:06,WIN-016,github.com,AAAA
D004032,2026-01-20 22:02:10,WIN-007,google.com,A
D004033,2026-05-12 01:45:52,WIN-014,microsoft.com,AAAA
D004034,2026-01-26 00:27:44,WIN-009,microsoft.com,AAAA
D004035,2026-02-15 03:40:42,WIN-009,google.com,AAAA
D004036,2026-03-04 21:49:28,WIN-004,google.com,CNAME
D004037,2026-04-13 13:00:45,WIN-011,office.com,AAAA
D004038,2026-04-13 11:03:39,WIN-007,office.com,A
D004039,2026-04-23 19:06:22,WIN-018,internal.corp,CNAME
D004040,2026-04-26 13:05:56,WIN-016,internal.corp,A
D004041,2026-02-20 22:58:01,WIN-014,microsoft.com,AAAA
D004042,2026-04-08 11:59:48,WIN-003,google.com,AAAA
D004043,2026-01-22 17:18:34,WIN-010,github.com,AAAA
D004044,2026-03-07 10:23:27,WIN-022,microsoft.com,A
D004045,2026-05-09 16:22:07,WIN-026,google.com,A
D004046,2026-04-24 02:49:29,WIN-039,amazonaws.com,A
D004047,2026-04-13 21:56:38,WIN-014,internal.corp,AAAA
D004048,2026-02-20 06:32:05,WIN-022,internal.corp,A
D004049,2026-02-19 18:13:00,WIN-021,cloudflare.com,A
D004050,2026-03-12 18:13:44,WIN-029,microsoft.com,AAAA
D004051,2026-03-27 17:13:31,WIN-002,microsoft.com,CNAME
D004052,2026-05-01 02:34:24,WIN-009,cloudflare.com,A
D004053,2026-06-28 02:22:51,WIN-005,github.com,AAAA
D004054,2026-03-30 06:27:38,WIN-001,microsoft.com,CNAME
D004055,2026-03-24 19:23:32,WIN-019,office.com,A
D004056,2026-01-05 18:15:47,WIN-012,cloudflare.com,AAAA
D004057,2026-02-14 02:23:23,WIN-006,github.com,A
D004058,2026-01-03 15:24:46,WIN-015,internal.corp,A
D004059,2026-01-30 19:42:41,WIN-019,google.com,CNAME
D004060,2026-05-24 10:37:10,WIN-002,google.com,A
D004061,2026-03-07 18:02:47,WIN-017,microsoft.com,AAAA
D004062,2026-05-27 12:45:02,WIN-037,cloudflare.com,AAAA
D004063,2026-02-05 19:18:20,WIN-002,office.com,CNAME
D004064,2026-02-09 19:19:46,WIN-027,github.com,CNAME
D004065,2026-01-30 13:57:12,WIN-015,google.com,A
D004066,2026-03-13 06:46:47,WIN-007,internal.corp,AAAA
D004067,2026-06-21 04:26:16,WIN-028,google.com,AAAA
D004068,2026-05-30 03:57:25,WIN-034,microsoft.com,AAAA
D004069,2026-03-23 23:43:13,WIN-029,github.com,AAAA
D004070,2026-03-29 19:51:13,WIN-018,amazonaws.com,CNAME
D004071,2026-02-06 23:45:35,WIN-030,github.com,A
D004072,2026-05-04 22:53:52,WIN-021,amazonaws.com,AAAA
D004073,2026-04-28 17:29:50,WIN-008,github.com,A
D004074,2026-06-26 12:49:51,WIN-010,amazonaws.com,A
D004075,2026-06-14 23:43:13,WIN-012,amazonaws.com,A
D004076,2026-05-19 04:05:21,WIN-024,cloudflare.com,CNAME
D004077,2026-02-09 19:54:54,WIN-032,github.com,A
D004078,2026-01-30 17:53:02,WIN-031,office.com,AAAA
D004079,2026-04-21 11:38:45,WIN-004,amazonaws.com,CNAME
D004080,2026-04-14 16:53:08,WIN-040,github.com,A
D004081,2026-05-13 05:00:56,WIN-012,google.com,A
D004082,2026-01-20 04:21:27,WIN-011,github.com,CNAME
D004083,2026-01-30 08:35:56,WIN-007,microsoft.com,AAAA
D004084,2026-02-21 18:46:58,WIN-016,microsoft.com,AAAA
D004085,2026-06-14 00:57:53,WIN-005,internal.corp,AAAA
D004086,2026-04-18 23:46:38,WIN-027,office.com,AAAA
D004087,2026-05-29 17:12:27,WIN-001,microsoft.com,AAAA
D004088,2026-01-02 17:37:18,WIN-030,amazonaws.com,CNAME
D004089,2026-02-21 20:05:51,WIN-017,microsoft.com,CNAME
D004090,2026-04-07 08:48:38,WIN-005,github.com,CNAME
D004091,2026-04-05 11:41:55,WIN-029,microsoft.com,AAAA
D004092,2026-05-14 03:44:00,WIN-039,github.com,CNAME
D004093,2026-05-30 15:16:02,WIN-026,amazonaws.com,A
D004094,2026-06-10 23:07:17,WIN-040,microsoft.com,AAAA
D004095,2026-06-30 23:46:53,WIN-018,github.com,CNAME
D004096,2026-06-11 10:56:37,WIN-028,cloudflare.com,AAAA
D004097,2026-04-22 02:19:47,WIN-030,cloudflare.com,A
D004098,2026-06-09 05:43:18,WIN-037,github.com,AAAA
D004099,2026-04-28 12:12:49,WIN-036,office.com,CNAME
D004100,2026-01-14 22:39:24,WIN-030,microsoft.com,AAAA
D004101,2026-03-20 21:47:14,WIN-034,office.com,AAAA
D004102,2026-04-30 03:28:07,WIN-025,amazonaws.com,CNAME
D004103,2026-04-11 23:38:17,WIN-010,google.com,AAAA
D004104,2026-03-05 05:07:42,WIN-039,google.com,AAAA
D004105,2026-05-05 11:19:54,WIN-013,cloudflare.com,A
D004106,2026-01-19 22:03:27,WIN-034,microsoft.com,CNAME
D004107,2026-01-15 16:05:15,WIN-031,internal.corp,A
D004108,2026-06-02 13:27:27,WIN-032,office.com,A
D004109,2026-04-05 14:21:19,WIN-008,github.com,A
D004110,2026-01-19 16:46:15,WIN-025,github.com,AAAA
D004111,2026-04-27 05:46:08,WIN-019,internal.corp,CNAME
D004112,2026-06-17 18:41:03,WIN-010,github.com,A
D004113,2026-05-30 13:06:32,WIN-037,amazonaws.com,A
D004114,2026-06-07 08:58:49,WIN-026,office.com,A
D004115,2026-05-18 21:20:30,WIN-015,cloudflare.com,AAAA
D004116,2026-01-24 22:51:11,WIN-029,internal.corp,AAAA
D004117,2026-05-11 06:57:29,WIN-028,amazonaws.com,CNAME
D004118,2026-01-20 05:24:03,WIN-027,google.com,CNAME
D004119,2026-02-16 02:08:02,WIN-030,amazonaws.com,A
D004120,2026-05-26 01:22:43,WIN-020,cloudflare.com,CNAME
D004121,2026-06-22 16:51:53,WIN-002,internal.corp,CNAME
D004122,2026-06-03 22:29:10,WIN-040,office.com,AAAA
D004123,2026-01-10 12:31:33,WIN-010,google.com,A
D004124,2026-04-17 00:11:00,WIN-019,cloudflare.com,AAAA
D004125,2026-02-14 11:25:42,WIN-020,internal.corp,CNAME
D004126,2026-04-27 09:32:24,WIN-014,google.com,AAAA
D004127,2026-06-28 17:14:12,WIN-036,github.com,AAAA
D004128,2026-01-18 17:09:16,WIN-005,google.com,AAAA
D004129,2026-03-04 17:23:37,WIN-003,github.com,CNAME
D004130,2026-05-19 00:41:17,WIN-005,internal.corp,A
D004131,2026-04-11 09:35:52,WIN-003,cloudflare.com,CNAME
D004132,2026-05-12 07:14:36,WIN-027,cloudflare.com,AAAA
D004133,2026-01-20 18:13:43,WIN-001,amazonaws.com,AAAA
D004134,2026-06-02 12:00:08,WIN-005,microsoft.com,A
D004135,2026-05-18 06:25:25,WIN-013,google.com,CNAME
D004136,2026-02-04 16:47:37,WIN-037,github.com,A
D004137,2026-04-08 23:39:41,WIN-026,github.com,AAAA
D004138,2026-02-03 22:49:46,WIN-002,cloudflare.com,CNAME
D004139,2026-03-10 13:10:46,WIN-001,google.com,A
D004140,2026-06-03 18:32:08,WIN-002,internal.corp,CNAME
D004141,2026-03-08 19:12:08,WIN-012,cloudflare.com,AAAA
D004142,2026-01-16 23:45:27,WIN-019,amazonaws.com,CNAME
D004143,2026-05-11 08:12:20,WIN-010,cloudflare.com,A
D004144,2026-06-01 12:13:42,WIN-020,microsoft.com,AAAA
D004145,2026-04-07 19:48:24,WIN-022,cloudflare.com,CNAME
D004146,2026-01-05 05:10:39,WIN-026,microsoft.com,AAAA
D004147,2026-06-11 21:09:36,WIN-004,github.com,A
D004148,2026-01-19 09:22:16,WIN-034,amazonaws.com,A
D004149,2026-03-14 04:04:53,WIN-038,github.com,CNAME
D004150,2026-06-04 09:48:16,WIN-011,microsoft.com,AAAA
D004151,2026-06-03 13:21:16,WIN-002,cloudflare.com,A
D004152,2026-06-18 22:16:54,WIN-018,internal.corp,CNAME
D004153,2026-05-31 15:29:04,WIN-030,github.com,AAAA
D004154,2026-03-07 11:47:09,WIN-020,cloudflare.com,AAAA
D004155,2026-01-31 01:06:08,WIN-008,google.com,AAAA
D004156,2026-06-22 14:52:33,WIN-037,office.com,CNAME
D004157,2026-05-03 12:02:13,WIN-009,office.com,CNAME
D004158,2026-03-04 19:10:30,WIN-034,microsoft.com,CNAME
D004159,2026-02-11 09:29:26,WIN-010,internal.corp,A
D004160,2026-02-13 03:32:31,WIN-038,office.com,CNAME
D004161,2026-01-10 01:10:19,WIN-024,amazonaws.com,A
D004162,2026-01-23 23:57:50,WIN-028,amazonaws.com,CNAME
D004163,2026-01-08 12:28:24,WIN-010,github.com,A
D004164,2026-06-03 03:53:25,WIN-003,cloudflare.com,A
D004165,2026-04-18 11:05:50,WIN-003,microsoft.com,A
D004166,2026-04-17 19:40:27,WIN-022,office.com,AAAA
D004167,2026-01-12 20:13:39,WIN-002,office.com,AAAA
D004168,2026-06-06 22:23:25,WIN-015,amazonaws.com,AAAA
D004169,2026-03-02 13:21:29,WIN-012,microsoft.com,AAAA
D004170,2026-01-05 22:45:50,WIN-005,office.com,CNAME
D004171,2026-04-06 03:24:11,WIN-031,google.com,AAAA
D004172,2026-03-09 19:47:32,WIN-012,amazonaws.com,CNAME
D004173,2026-01-07 01:13:45,WIN-009,office.com,CNAME
D004174,2026-02-14 19:23:33,WIN-029,google.com,A
D004175,2026-03-24 08:21:59,WIN-022,office.com,AAAA
D004176,2026-01-28 02:32:58,WIN-006,office.com,CNAME
D004177,2026-01-13 01:57:27,WIN-018,office.com,AAAA
D004178,2026-06-16 07:07:41,WIN-023,amazonaws.com,A
D004179,2026-03-29 20:02:20,WIN-014,office.com,A
D004180,2026-06-21 01:04:06,WIN-031,github.com,A
D004181,2026-03-10 10:47:30,WIN-018,amazonaws.com,CNAME
D004182,2026-05-17 15:19:23,WIN-029,internal.corp,A
D004183,2026-01-31 14:37:55,WIN-040,microsoft.com,A
D004184,2026-01-19 02:32:16,WIN-025,cloudflare.com,CNAME
D004185,2026-02-24 13:54:55,WIN-017,microsoft.com,AAAA
D004186,2026-03-29 11:59:21,WIN-030,office.com,A
D004187,2026-06-30 10:51:03,WIN-024,internal.corp,AAAA
D004188,2026-01-16 02:42:57,WIN-010,amazonaws.com,CNAME
D004189,2026-01-03 17:19:45,WIN-027,cloudflare.com,AAAA
D004190,2026-05-17 07:46:41,WIN-030,cloudflare.com,A
D004191,2026-02-20 23:27:31,WIN-026,amazonaws.com,A
D004192,2026-03-24 21:31:09,WIN-009,internal.corp,CNAME
D004193,2026-04-14 21:46:39,WIN-040,office.com,AAAA
D004194,2026-04-19 02:40:19,WIN-010,office.com,AAAA
D004195,2026-04-06 17:06:17,WIN-032,github.com,AAAA
D004196,2026-01-06 20:14:11,WIN-023,amazonaws.com,AAAA
D004197,2026-01-14 08:02:20,WIN-010,cloudflare.com,CNAME
D004198,2026-02-10 14:09:22,WIN-007,amazonaws.com,CNAME
D004199,2026-01-16 20:00:05,WIN-022,google.com,AAAA
D004200,2026-05-20 18:08:57,WIN-031,microsoft.com,AAAA
D004201,2026-06-24 14:21:11,WIN-027,google.com,AAAA
D004202,2026-02-19 09:31:22,WIN-014,amazonaws.com,A
D004203,2026-04-03 08:29:49,WIN-020,microsoft.com,A
D004204,2026-03-05 22:50:16,WIN-031,microsoft.com,A
D004205,2026-01-25 12:40:44,WIN-028,office.com,AAAA
D004206,2026-02-07 11:18:56,WIN-030,internal.corp,CNAME
D004207,2026-06-20 00:28:18,WIN-028,google.com,CNAME
D004208,2026-03-12 09:48:25,WIN-011,google.com,A
D004209,2026-01-20 16:07:04,WIN-016,amazonaws.com,A
D004210,2026-04-02 07:40:17,WIN-015,cloudflare.com,A
D004211,2026-06-13 03:21:58,WIN-025,google.com,CNAME
D004212,2026-05-06 07:14:14,WIN-037,cloudflare.com,CNAME
D004213,2026-03-11 21:04:21,WIN-007,office.com,A
D004214,2026-05-01 01:27:17,WIN-021,amazonaws.com,CNAME
D004215,2026-01-25 14:48:08,WIN-004,internal.corp,A
D004216,2026-04-25 08:40:37,WIN-007,internal.corp,AAAA
D004217,2026-06-28 05:51:19,WIN-005,microsoft.com,A
D004218,2026-06-12 04:14:09,WIN-006,amazonaws.com,AAAA
D004219,2026-06-25 10:32:17,WIN-015,cloudflare.com,AAAA
D004220,2026-05-03 08:11:20,WIN-021,github.com,CNAME
D004221,2026-02-06 01:59:43,WIN-018,microsoft.com,CNAME
D004222,2026-03-25 08:07:49,WIN-005,microsoft.com,AAAA
D004223,2026-03-31 23:51:06,WIN-012,github.com,CNAME
D004224,2026-04-25 21:10:56,WIN-004,microsoft.com,A
D004225,2026-05-22 22:28:07,WIN-018,github.com,CNAME
D004226,2026-05-19 09:18:50,WIN-014,amazonaws.com,A
D004227,2026-03-31 16:36:29,WIN-035,cloudflare.com,CNAME
D004228,2026-06-03 19:20:46,WIN-005,google.com,A
D004229,2026-02-10 16:08:48,WIN-017,internal.corp,CNAME
D004230,2026-01-27 05:19:21,WIN-002,cloudflare.com,AAAA
D004231,2026-04-19 04:50:38,WIN-014,github.com,AAAA
D004232,2026-03-14 04:35:52,WIN-018,internal.corp,CNAME
D004233,2026-05-24 06:41:21,WIN-006,cloudflare.com,AAAA
D004234,2026-01-01 13:57:53,WIN-005,microsoft.com,AAAA
D004235,2026-02-14 14:00:07,WIN-022,github.com,AAAA
D004236,2026-05-29 03:15:39,WIN-024,internal.corp,CNAME
D004237,2026-06-28 05:08:58,WIN-038,cloudflare.com,AAAA
D004238,2026-04-30 22:29:26,WIN-007,google.com,AAAA
D004239,2026-05-20 13:52:57,WIN-017,google.com,AAAA
D004240,2026-02-09 07:41:33,WIN-012,microsoft.com,A
D004241,2026-05-12 15:01:27,WIN-039,cloudflare.com,AAAA
D004242,2026-02-22 22:17:01,WIN-017,google.com,AAAA
D004243,2026-02-22 02:47:49,WIN-017,cloudflare.com,AAAA
D004244,2026-01-16 12:49:46,WIN-028,amazonaws.com,A
D004245,2026-02-10 05:28:06,WIN-019,office.com,AAAA
D004246,2026-04-02 23:21:41,WIN-031,microsoft.com,AAAA
D004247,2026-05-08 05:23:08,WIN-033,internal.corp,CNAME
D004248,2026-06-26 04:55:15,WIN-009,office.com,CNAME
D004249,2026-06-04 03:30:05,WIN-020,amazonaws.com,CNAME
D004250,2026-03-18 19:04:24,WIN-033,google.com,AAAA
D004251,2026-05-24 17:20:59,WIN-009,cloudflare.com,A
D004252,2026-04-17 13:03:51,WIN-006,github.com,A
D004253,2026-03-29 02:49:23,WIN-024,amazonaws.com,CNAME
D004254,2026-04-09 21:50:00,WIN-031,microsoft.com,A
D004255,2026-01-13 11:19:46,WIN-036,google.com,A
D004256,2026-05-31 00:18:34,WIN-009,google.com,A
D004257,2026-05-21 06:15:25,WIN-011,amazonaws.com,AAAA
D004258,2026-02-14 13:54:38,WIN-022,google.com,CNAME
D004259,2026-06-10 18:10:03,WIN-024,cloudflare.com,CNAME
D004260,2026-02-01 22:01:24,WIN-025,internal.corp,AAAA
D004261,2026-03-28 01:12:16,WIN-008,github.com,CNAME
D004262,2026-03-20 21:25:27,WIN-022,cloudflare.com,CNAME
D004263,2026-04-03 01:36:15,WIN-001,google.com,AAAA
D004264,2026-06-18 03:33:08,WIN-025,office.com,AAAA
D004265,2026-06-19 13:21:52,WIN-008,google.com,AAAA
D004266,2026-05-31 07:10:20,WIN-008,microsoft.com,A
D004267,2026-05-23 20:22:10,WIN-007,cloudflare.com,AAAA
D004268,2026-02-23 12:01:14,WIN-002,cloudflare.com,A
D004269,2026-04-27 02:18:12,WIN-005,microsoft.com,CNAME
D004270,2026-03-18 17:25:00,WIN-015,microsoft.com,A
D004271,2026-04-23 08:10:19,WIN-020,google.com,CNAME
D004272,2026-05-04 06:42:59,WIN-003,office.com,A
D004273,2026-03-19 17:24:15,WIN-013,microsoft.com,CNAME
D004274,2026-03-19 03:50:21,WIN-027,github.com,A
D004275,2026-03-14 19:44:32,WIN-025,office.com,AAAA
D004276,2026-02-11 15:59:11,WIN-027,amazonaws.com,A
D004277,2026-04-29 20:22:45,WIN-032,microsoft.com,A
D004278,2026-01-13 22:26:35,WIN-039,internal.corp,A
D004279,2026-03-14 12:08:42,WIN-038,cloudflare.com,CNAME
D004280,2026-06-20 00:16:24,WIN-039,google.com,AAAA
D004281,2026-05-18 15:40:05,WIN-026,microsoft.com,AAAA
D004282,2026-02-05 17:34:54,WIN-010,github.com,A
D004283,2026-06-26 10:54:28,WIN-025,internal.corp,CNAME
D004284,2026-02-12 12:09:33,WIN-028,github.com,CNAME
D004285,2026-06-13 00:36:53,WIN-027,github.com,AAAA
D004286,2026-04-13 23:49:25,WIN-035,google.com,CNAME
D004287,2026-05-02 01:32:21,WIN-028,github.com,AAAA
D004288,2026-05-05 22:48:36,WIN-001,cloudflare.com,CNAME
D004289,2026-06-26 22:29:56,WIN-018,microsoft.com,A
D004290,2026-05-22 10:36:15,WIN-007,cloudflare.com,AAAA
D004291,2026-06-06 18:40:23,WIN-004,microsoft.com,CNAME
D004292,2026-06-15 22:38:27,WIN-013,microsoft.com,CNAME
D004293,2026-03-25 08:44:43,WIN-005,amazonaws.com,A
D004294,2026-05-30 03:06:34,WIN-008,internal.corp,CNAME
D004295,2026-01-21 01:59:22,WIN-004,amazonaws.com,AAAA
D004296,2026-05-13 21:43:09,WIN-005,google.com,CNAME
D004297,2026-06-07 07:25:40,WIN-031,office.com,CNAME
D004298,2026-03-21 22:42:23,WIN-036,office.com,AAAA
D004299,2026-01-30 00:48:44,WIN-029,microsoft.com,AAAA
D004300,2026-01-16 21:27:11,WIN-015,cloudflare.com,A
D004301,2026-04-01 05:20:01,WIN-027,github.com,A
D004302,2026-01-10 01:11:20,WIN-019,github.com,A
D004303,2026-05-31 11:32:13,WIN-014,amazonaws.com,A
D004304,2026-03-08 10:30:00,WIN-037,office.com,A
D004305,2026-06-27 13:31:17,WIN-007,microsoft.com,AAAA
D004306,2026-04-08 17:59:59,WIN-007,github.com,CNAME
D004307,2026-04-11 16:29:09,WIN-024,office.com,CNAME
D004308,2026-06-06 17:14:10,WIN-011,amazonaws.com,AAAA
D004309,2026-04-15 14:40:15,WIN-023,amazonaws.com,AAAA
D004310,2026-01-10 03:46:22,WIN-032,cloudflare.com,A
D004311,2026-04-29 16:39:35,WIN-036,office.com,A
D004312,2026-04-15 12:02:46,WIN-019,amazonaws.com,CNAME
D004313,2026-04-29 00:40:44,WIN-027,microsoft.com,A
D004314,2026-03-09 05:51:52,WIN-036,amazonaws.com,CNAME
D004315,2026-02-12 04:25:26,WIN-032,internal.corp,CNAME
D004316,2026-03-20 14:08:30,WIN-010,cloudflare.com,AAAA
D004317,2026-04-28 11:54:40,WIN-001,microsoft.com,A
D004318,2026-01-12 02:03:07,WIN-002,amazonaws.com,CNAME
D004319,2026-02-28 20:53:04,WIN-017,microsoft.com,AAAA
D004320,2026-06-13 13:48:40,WIN-037,cloudflare.com,A
D004321,2026-03-30 17:16:44,WIN-011,microsoft.com,CNAME
D004322,2026-03-17 16:57:21,WIN-004,office.com,AAAA
D004323,2026-06-08 02:48:27,WIN-036,cloudflare.com,A
D004324,2026-03-29 19:58:40,WIN-021,google.com,AAAA
D004325,2026-06-01 14:19:07,WIN-035,internal.corp,CNAME
D004326,2026-01-08 17:58:17,WIN-003,internal.corp,A
D004327,2026-02-07 05:30:16,WIN-020,office.com,CNAME
D004328,2026-04-22 22:23:25,WIN-010,github.com,A
D004329,2026-05-18 11:07:38,WIN-020,microsoft.com,AAAA
D004330,2026-02-24 17:50:05,WIN-014,internal.corp,A
D004331,2026-03-02 09:55:08,WIN-021,internal.corp,AAAA
D004332,2026-04-01 10:23:28,WIN-017,google.com,AAAA
D004333,2026-06-02 23:12:26,WIN-013,google.com,CNAME
D004334,2026-03-26 22:12:43,WIN-020,cloudflare.com,AAAA
D004335,2026-05-18 20:30:48,WIN-009,internal.corp,A
D004336,2026-04-13 07:23:01,WIN-012,microsoft.com,CNAME
D004337,2026-06-19 13:19:21,WIN-012,google.com,A
D004338,2026-02-10 06:27:23,WIN-012,office.com,CNAME
D004339,2026-03-02 06:29:44,WIN-009,office.com,CNAME
D004340,2026-02-07 23:25:21,WIN-017,google.com,A
D004341,2026-03-06 17:05:27,WIN-018,cloudflare.com,A
D004342,2026-02-21 12:02:00,WIN-023,microsoft.com,A
D004343,2026-04-22 10:59:24,WIN-011,internal.corp,AAAA
D004344,2026-03-03 14:40:34,WIN-021,office.com,A
D004345,2026-05-12 02:36:15,WIN-029,office.com,AAAA
D004346,2026-01-03 21:43:32,WIN-011,office.com,A
D004347,2026-04-08 10:04:23,WIN-035,office.com,CNAME
D004348,2026-05-05 01:59:47,WIN-010,microsoft.com,A
D004349,2026-02-01 15:29:33,WIN-008,internal.corp,CNAME
D004350,2026-03-15 23:02:36,WIN-023,github.com,CNAME
D004351,2026-03-05 21:00:03,WIN-016,cloudflare.com,AAAA
D004352,2026-02-06 00:01:58,WIN-016,google.com,CNAME
D004353,2026-01-28 11:38:22,WIN-031,google.com,AAAA
D004354,2026-01-08 05:39:58,WIN-036,microsoft.com,CNAME
D004355,2026-02-18 18:11:09,WIN-026,github.com,A
D004356,2026-01-10 21:22:29,WIN-009,github.com,AAAA
D004357,2026-03-13 15:08:17,WIN-031,microsoft.com,AAAA
D004358,2026-01-24 05:20:54,WIN-011,amazonaws.com,CNAME
D004359,2026-05-18 22:12:06,WIN-015,cloudflare.com,AAAA
D004360,2026-01-22 02:21:52,WIN-011,microsoft.com,A
D004361,2026-06-17 21:28:01,WIN-031,cloudflare.com,A
D004362,2026-05-17 10:44:14,WIN-039,internal.corp,A
D004363,2026-03-22 07:43:03,WIN-009,microsoft.com,A
D004364,2026-01-17 23:08:30,WIN-001,github.com,CNAME
D004365,2026-05-07 00:08:48,WIN-028,github.com,CNAME
D004366,2026-05-28 07:06:33,WIN-029,internal.corp,A
D004367,2026-03-04 13:10:53,WIN-038,amazonaws.com,CNAME
D004368,2026-02-06 23:45:40,WIN-032,internal.corp,AAAA
D004369,2026-02-13 23:13:39,WIN-023,github.com,AAAA
D004370,2026-01-21 19:00:17,WIN-040,cloudflare.com,CNAME
D004371,2026-05-28 21:02:58,WIN-005,google.com,A
D004372,2026-01-19 18:51:55,WIN-007,amazonaws.com,A
D004373,2026-03-13 05:51:25,WIN-020,microsoft.com,A
D004374,2026-05-10 07:31:06,WIN-040,internal.corp,CNAME
D004375,2026-01-06 10:13:20,WIN-020,cloudflare.com,AAAA
D004376,2026-06-10 18:04:37,WIN-015,cloudflare.com,AAAA
D004377,2026-01-11 15:06:06,WIN-022,microsoft.com,CNAME
D004378,2026-05-28 12:03:04,WIN-023,internal.corp,A
D004379,2026-03-10 21:55:20,WIN-035,google.com,CNAME
D004380,2026-04-21 15:43:19,WIN-024,amazonaws.com,AAAA
D004381,2026-05-13 09:12:30,WIN-031,amazonaws.com,CNAME
D004382,2026-06-08 03:33:32,WIN-001,google.com,A
D004383,2026-04-29 09:46:17,WIN-007,amazonaws.com,AAAA
D004384,2026-02-06 21:54:48,WIN-019,microsoft.com,AAAA
D004385,2026-01-02 15:20:55,WIN-035,google.com,A
D004386,2026-06-08 20:37:00,WIN-009,google.com,A
D004387,2026-02-13 10:23:38,WIN-002,github.com,AAAA
D004388,2026-03-13 23:01:41,WIN-030,internal.corp,CNAME
D004389,2026-01-31 16:23:15,WIN-011,microsoft.com,AAAA
D004390,2026-02-23 22:45:37,WIN-004,github.com,A
D004391,2026-02-05 15:50:32,WIN-021,github.com,CNAME
D004392,2026-01-05 06:58:42,WIN-006,office.com,A
D004393,2026-01-28 16:20:56,WIN-009,amazonaws.com,A
D004394,2026-04-17 00:34:47,WIN-029,google.com,CNAME
D004395,2026-03-11 15:03:33,WIN-017,amazonaws.com,AAAA
D004396,2026-03-18 19:15:32,WIN-014,cloudflare.com,A
D004397,2026-06-04 10:02:04,WIN-039,google.com,CNAME
D004398,2026-03-30 04:54:18,WIN-037,microsoft.com,AAAA
D004399,2026-05-04 03:48:58,WIN-039,amazonaws.com,CNAME
D004400,2026-01-23 21:36:02,WIN-010,cloudflare.com,AAAA
D004401,2026-05-24 22:43:24,WIN-004,microsoft.com,AAAA
D004402,2026-04-10 03:28:47,WIN-011,internal.corp,A
D004403,2026-06-11 20:20:34,WIN-013,cloudflare.com,A
D004404,2026-01-09 09:54:01,WIN-030,github.com,CNAME
D004405,2026-04-14 20:01:29,WIN-014,internal.corp,AAAA
D004406,2026-05-03 00:00:06,WIN-034,github.com,CNAME
D004407,2026-06-22 10:05:58,WIN-037,office.com,A
D004408,2026-06-25 20:58:35,WIN-040,office.com,CNAME
D004409,2026-03-24 08:10:46,WIN-008,internal.corp,CNAME
D004410,2026-01-30 11:00:29,WIN-021,internal.corp,A
D004411,2026-03-09 01:20:29,WIN-023,github.com,A
D004412,2026-05-24 17:24:07,WIN-013,internal.corp,CNAME
D004413,2026-04-12 09:59:04,WIN-022,amazonaws.com,CNAME
D004414,2026-04-25 20:17:39,WIN-038,amazonaws.com,AAAA
D004415,2026-01-14 01:09:56,WIN-036,office.com,A
D004416,2026-02-07 04:21:43,WIN-029,cloudflare.com,CNAME
D004417,2026-06-26 15:19:46,WIN-022,internal.corp,CNAME
D004418,2026-05-27 17:30:05,WIN-001,cloudflare.com,A
D004419,2026-01-09 17:56:17,WIN-022,office.com,A
D004420,2026-06-24 23:51:51,WIN-034,internal.corp,AAAA
D004421,2026-01-07 20:51:19,WIN-025,amazonaws.com,AAAA
D004422,2026-01-31 12:58:49,WIN-011,office.com,CNAME
D004423,2026-03-01 17:20:26,WIN-016,office.com,A
D004424,2026-06-26 05:07:47,WIN-021,internal.corp,AAAA
D004425,2026-02-13 03:48:22,WIN-027,amazonaws.com,AAAA
D004426,2026-02-10 12:09:04,WIN-019,amazonaws.com,CNAME
D004427,2026-02-27 17:18:11,WIN-021,cloudflare.com,AAAA
D004428,2026-06-30 13:38:09,WIN-009,internal.corp,AAAA
D004429,2026-01-03 10:20:16,WIN-001,amazonaws.com,A
D004430,2026-04-14 04:58:41,WIN-025,microsoft.com,AAAA
D004431,2026-04-19 00:24:35,WIN-004,amazonaws.com,CNAME
D004432,2026-04-20 03:41:37,WIN-040,microsoft.com,AAAA
D004433,2026-06-09 23:30:30,WIN-035,internal.corp,AAAA
D004434,2026-04-24 20:42:47,WIN-016,github.com,A
D004435,2026-02-13 21:13:56,WIN-007,cloudflare.com,AAAA
D004436,2026-04-25 23:24:59,WIN-020,office.com,A
D004437,2026-04-25 00:09:18,WIN-002,google.com,A
D004438,2026-04-17 06:08:49,WIN-012,internal.corp,CNAME
D004439,2026-04-08 20:04:26,WIN-017,microsoft.com,CNAME
D004440,2026-05-18 01:03:03,WIN-001,internal.corp,CNAME
D004441,2026-02-06 13:24:16,WIN-005,cloudflare.com,AAAA
D004442,2026-02-11 05:55:54,WIN-029,amazonaws.com,A
D004443,2026-05-13 17:03:26,WIN-031,amazonaws.com,CNAME
D004444,2026-01-22 16:47:58,WIN-008,github.com,A
D004445,2026-05-20 12:25:15,WIN-008,internal.corp,A
D004446,2026-06-11 14:37:20,WIN-033,internal.corp,AAAA
D004447,2026-03-21 17:04:57,WIN-037,internal.corp,AAAA
D004448,2026-04-30 03:15:47,WIN-030,cloudflare.com,AAAA
D004449,2026-01-01 05:53:04,WIN-012,google.com,CNAME
D004450,2026-06-03 13:02:00,WIN-032,internal.corp,CNAME
D004451,2026-04-26 17:52:44,WIN-006,google.com,AAAA
D004452,2026-06-13 04:04:52,WIN-008,internal.corp,A
D004453,2026-05-17 19:36:13,WIN-010,google.com,AAAA
D004454,2026-05-17 21:03:09,WIN-003,github.com,A
D004455,2026-03-09 07:32:48,WIN-034,office.com,CNAME
D004456,2026-03-13 15:16:14,WIN-012,office.com,CNAME
D004457,2026-06-23 15:34:15,WIN-034,microsoft.com,AAAA
D004458,2026-03-16 20:10:26,WIN-004,amazonaws.com,CNAME
D004459,2026-02-26 11:54:49,WIN-038,google.com,AAAA
D004460,2026-06-27 12:05:23,WIN-013,office.com,A
D004461,2026-05-02 13:50:40,WIN-019,office.com,CNAME
D004462,2026-06-17 12:27:00,WIN-001,cloudflare.com,AAAA
D004463,2026-01-10 23:48:33,WIN-010,github.com,AAAA
D004464,2026-04-29 17:38:47,WIN-024,office.com,AAAA
D004465,2026-05-17 13:31:32,WIN-008,internal.corp,CNAME
D004466,2026-05-26 19:00:28,WIN-020,cloudflare.com,A
D004467,2026-02-05 02:02:47,WIN-005,internal.corp,CNAME
D004468,2026-03-03 21:16:46,WIN-035,cloudflare.com,AAAA
D004469,2026-06-05 04:23:51,WIN-030,microsoft.com,CNAME
D004470,2026-03-08 20:58:15,WIN-040,microsoft.com,A
D004471,2026-04-26 10:23:07,WIN-003,amazonaws.com,CNAME
D004472,2026-04-30 09:23:11,WIN-026,cloudflare.com,A
D004473,2026-03-29 06:00:16,WIN-001,microsoft.com,A
D004474,2026-01-26 05:37:26,WIN-018,office.com,A
D004475,2026-04-13 13:26:18,WIN-004,amazonaws.com,A
D004476,2026-04-13 00:50:00,WIN-033,github.com,CNAME
D004477,2026-04-10 09:33:04,WIN-032,internal.corp,AAAA
D004478,2026-03-01 00:23:21,WIN-022,github.com,AAAA
D004479,2026-06-26 01:53:50,WIN-008,microsoft.com,AAAA
D004480,2026-03-29 20:14:40,WIN-017,microsoft.com,CNAME
D004481,2026-02-25 23:51:33,WIN-001,google.com,A
D004482,2026-04-26 19:46:38,WIN-028,google.com,CNAME
D004483,2026-05-10 08:58:14,WIN-007,github.com,CNAME
D004484,2026-04-02 09:33:36,WIN-018,github.com,CNAME
D004485,2026-04-21 01:42:03,WIN-030,google.com,A
D004486,2026-03-26 20:18:12,WIN-009,microsoft.com,AAAA
D004487,2026-06-06 23:17:21,WIN-005,cloudflare.com,CNAME
D004488,2026-04-20 20:31:26,WIN-018,office.com,AAAA
D004489,2026-06-30 01:24:00,WIN-016,amazonaws.com,AAAA
D004490,2026-02-22 00:10:41,WIN-039,github.com,CNAME
D004491,2026-03-12 03:09:37,WIN-016,internal.corp,AAAA
D004492,2026-05-09 02:42:23,WIN-014,internal.corp,AAAA
D004493,2026-01-04 19:37:36,WIN-020,google.com,A
D004494,2026-03-29 21:54:58,WIN-020,github.com,AAAA
D004495,2026-05-30 03:28:25,WIN-027,amazonaws.com,CNAME
D004496,2026-04-02 19:05:19,WIN-029,cloudflare.com,AAAA
D004497,2026-01-02 09:21:23,WIN-038,internal.corp,CNAME
D004498,2026-06-05 13:01:23,WIN-014,cloudflare.com,A
D004499,2026-02-04 04:46:47,WIN-018,github.com,AAAA
D004500,2026-06-06 02:18:34,WIN-001,office.com,AAAA
D004501,2026-05-11 23:11:48,WIN-003,office.com,A
D004502,2026-04-25 03:14:52,WIN-023,office.com,AAAA
D004503,2026-02-27 17:40:32,WIN-012,github.com,AAAA
D004504,2026-04-27 02:01:36,WIN-040,office.com,AAAA
D004505,2026-01-23 18:14:28,WIN-036,internal.corp,CNAME
D004506,2026-03-11 01:57:42,WIN-020,office.com,CNAME
D004507,2026-02-07 06:28:53,WIN-016,microsoft.com,A
D004508,2026-04-25 09:59:37,WIN-035,office.com,AAAA
D004509,2026-04-25 20:27:51,WIN-017,amazonaws.com,AAAA
D004510,2026-03-18 00:59:31,WIN-028,microsoft.com,CNAME
D004511,2026-06-24 14:26:24,WIN-026,google.com,AAAA
D004512,2026-05-27 23:19:09,WIN-013,microsoft.com,CNAME
D004513,2026-03-10 05:53:08,WIN-027,microsoft.com,AAAA
D004514,2026-02-22 05:04:23,WIN-017,github.com,AAAA
D004515,2026-01-13 04:27:10,WIN-040,github.com,CNAME
D004516,2026-04-10 18:35:56,WIN-032,github.com,CNAME
D004517,2026-04-10 09:10:37,WIN-006,internal.corp,A
D004518,2026-03-05 08:05:46,WIN-040,microsoft.com,AAAA
D004519,2026-04-20 19:25:00,WIN-029,cloudflare.com,A
D004520,2026-05-13 08:46:45,WIN-016,google.com,A
D004521,2026-01-24 12:37:20,WIN-024,cloudflare.com,AAAA
D004522,2026-06-26 17:25:16,WIN-033,cloudflare.com,CNAME
D004523,2026-03-23 19:39:41,WIN-004,github.com,CNAME
D004524,2026-04-07 18:57:40,WIN-023,amazonaws.com,CNAME
D004525,2026-06-22 12:15:48,WIN-007,microsoft.com,CNAME
D004526,2026-06-01 13:59:51,WIN-014,cloudflare.com,A
D004527,2026-05-23 03:35:50,WIN-021,internal.corp,CNAME
D004528,2026-01-07 00:52:21,WIN-016,google.com,A
D004529,2026-02-15 14:48:58,WIN-004,github.com,CNAME
D004530,2026-06-27 03:58:38,WIN-038,github.com,A
D004531,2026-05-07 09:14:11,WIN-003,amazonaws.com,AAAA
D004532,2026-06-14 05:04:25,WIN-009,cloudflare.com,CNAME
D004533,2026-04-27 04:28:51,WIN-037,internal.corp,AAAA
D004534,2026-06-01 01:47:17,WIN-001,google.com,CNAME
D004535,2026-05-01 03:19:12,WIN-005,github.com,AAAA
D004536,2026-05-27 16:53:44,WIN-023,cloudflare.com,CNAME
D004537,2026-01-16 04:53:33,WIN-014,amazonaws.com,A
D004538,2026-03-07 20:20:25,WIN-011,internal.corp,AAAA
D004539,2026-02-25 14:19:25,WIN-008,internal.corp,AAAA
D004540,2026-06-12 19:22:07,WIN-014,internal.corp,AAAA
D004541,2026-04-10 18:19:08,WIN-018,cloudflare.com,CNAME
D004542,2026-06-19 13:39:16,WIN-028,internal.corp,AAAA
D004543,2026-01-04 15:25:55,WIN-030,google.com,CNAME
D004544,2026-04-20 02:49:01,WIN-005,google.com,CNAME
D004545,2026-01-20 05:49:17,WIN-004,cloudflare.com,CNAME
D004546,2026-03-24 15:30:47,WIN-027,google.com,CNAME
D004547,2026-06-13 21:07:55,WIN-025,amazonaws.com,A
D004548,2026-03-27 22:36:48,WIN-039,microsoft.com,CNAME
D004549,2026-03-08 08:14:17,WIN-003,github.com,CNAME
D004550,2026-03-02 08:37:04,WIN-020,amazonaws.com,AAAA
D004551,2026-01-20 10:28:18,WIN-012,office.com,A
D004552,2026-01-14 19:00:51,WIN-018,amazonaws.com,CNAME
D004553,2026-02-09 03:07:57,WIN-030,internal.corp,CNAME
D004554,2026-01-02 03:24:55,WIN-037,amazonaws.com,A
D004555,2026-05-27 12:40:56,WIN-006,google.com,CNAME
D004556,2026-02-19 07:18:19,WIN-010,google.com,CNAME
D004557,2026-02-12 15:11:09,WIN-035,google.com,AAAA
D004558,2026-04-08 22:59:38,WIN-001,internal.corp,CNAME
D004559,2026-01-15 12:04:46,WIN-030,github.com,A
D004560,2026-06-15 22:08:30,WIN-029,microsoft.com,AAAA
D004561,2026-06-08 10:13:22,WIN-036,microsoft.com,AAAA
D004562,2026-01-14 15:09:50,WIN-022,amazonaws.com,AAAA
D004563,2026-06-10 11:33:20,WIN-027,cloudflare.com,A
D004564,2026-04-27 22:38:14,WIN-038,internal.corp,AAAA
D004565,2026-01-09 10:34:30,WIN-020,github.com,AAAA
D004566,2026-05-22 12:33:36,WIN-038,microsoft.com,AAAA
D004567,2026-06-13 02:45:36,WIN-027,amazonaws.com,AAAA
D004568,2026-05-20 23:16:34,WIN-035,internal.corp,A
D004569,2026-05-28 04:24:19,WIN-035,office.com,A
D004570,2026-01-31 12:24:06,WIN-010,amazonaws.com,CNAME
D004571,2026-06-24 10:52:31,WIN-028,microsoft.com,A
D004572,2026-01-23 22:13:34,WIN-029,google.com,AAAA
D004573,2026-03-14 01:49:10,WIN-024,internal.corp,AAAA
D004574,2026-04-24 10:24:58,WIN-029,microsoft.com,CNAME
D004575,2026-03-11 08:35:07,WIN-022,internal.corp,AAAA
D004576,2026-05-23 02:26:31,WIN-004,cloudflare.com,AAAA
D004577,2026-06-23 02:54:20,WIN-019,cloudflare.com,AAAA
D004578,2026-02-17 09:22:38,WIN-006,office.com,A
D004579,2026-06-21 08:15:01,WIN-029,google.com,A
D004580,2026-03-03 15:10:56,WIN-019,github.com,A
D004581,2026-03-12 22:25:12,WIN-021,github.com,A
D004582,2026-04-12 07:11:01,WIN-034,amazonaws.com,CNAME
D004583,2026-01-01 13:27:39,WIN-034,amazonaws.com,AAAA
D004584,2026-01-05 08:36:55,WIN-007,google.com,CNAME
D004585,2026-02-23 13:48:19,WIN-030,office.com,AAAA
D004586,2026-01-24 13:25:57,WIN-031,amazonaws.com,CNAME
D004587,2026-05-02 04:46:58,WIN-011,cloudflare.com,AAAA
D004588,2026-05-19 10:12:25,WIN-020,microsoft.com,A
D004589,2026-05-14 03:35:42,WIN-014,github.com,CNAME
D004590,2026-01-15 18:36:27,WIN-014,amazonaws.com,A
D004591,2026-05-04 10:26:57,WIN-036,cloudflare.com,CNAME
D004592,2026-02-01 08:47:00,WIN-023,microsoft.com,A
D004593,2026-05-13 06:19:25,WIN-030,microsoft.com,A
D004594,2026-01-11 21:18:13,WIN-004,github.com,A
D004595,2026-06-21 14:44:47,WIN-033,internal.corp,A
D004596,2026-06-03 03:43:38,WIN-010,internal.corp,A
D004597,2026-02-14 14:04:43,WIN-001,cloudflare.com,A
D004598,2026-06-01 07:10:38,WIN-034,cloudflare.com,AAAA
D004599,2026-02-06 09:29:48,WIN-009,microsoft.com,AAAA
D004600,2026-01-03 23:38:46,WIN-012,office.com,AAAA
D004601,2026-03-17 09:01:06,WIN-001,github.com,A
D004602,2026-03-02 14:01:44,WIN-019,github.com,A
D004603,2026-01-25 10:00:56,WIN-005,github.com,A
D004604,2026-06-03 11:14:30,WIN-038,internal.corp,CNAME
D004605,2026-01-25 07:14:51,WIN-010,microsoft.com,CNAME
D004606,2026-01-11 15:57:13,WIN-017,google.com,AAAA
D004607,2026-03-19 16:12:07,WIN-009,microsoft.com,A
D004608,2026-03-09 03:07:52,WIN-039,amazonaws.com,A
D004609,2026-05-11 19:25:50,WIN-015,microsoft.com,A
D004610,2026-04-20 17:14:40,WIN-040,office.com,A
D004611,2026-05-16 16:09:20,WIN-028,office.com,A
D004612,2026-02-01 16:12:42,WIN-021,amazonaws.com,AAAA
D004613,2026-03-27 22:32:44,WIN-028,cloudflare.com,AAAA
D004614,2026-01-27 05:24:10,WIN-023,google.com,CNAME
D004615,2026-03-21 12:56:28,WIN-009,microsoft.com,A
D004616,2026-01-03 14:44:59,WIN-006,google.com,A
D004617,2026-04-12 16:49:44,WIN-028,github.com,CNAME
D004618,2026-05-24 19:04:08,WIN-016,google.com,AAAA
D004619,2026-01-27 20:38:13,WIN-040,office.com,A
D004620,2026-01-07 00:24:21,WIN-035,github.com,A
D004621,2026-03-14 10:10:13,WIN-025,github.com,AAAA
D004622,2026-01-05 15:51:53,WIN-017,github.com,AAAA
D004623,2026-02-21 23:13:29,WIN-015,office.com,CNAME
D004624,2026-05-02 11:23:45,WIN-027,cloudflare.com,CNAME
D004625,2026-01-01 13:06:37,WIN-027,office.com,AAAA
D004626,2026-05-04 12:49:22,WIN-040,office.com,A
D004627,2026-04-25 13:16:40,WIN-019,internal.corp,CNAME
D004628,2026-03-17 18:42:10,WIN-016,amazonaws.com,CNAME
D004629,2026-04-29 00:38:01,WIN-021,google.com,A
D004630,2026-04-25 20:34:04,WIN-027,internal.corp,AAAA
D004631,2026-01-18 01:20:08,WIN-031,github.com,A
D004632,2026-05-11 20:42:37,WIN-020,github.com,A
D004633,2026-06-12 12:38:28,WIN-030,amazonaws.com,A
D004634,2026-06-06 03:17:21,WIN-001,internal.corp,CNAME
D004635,2026-01-02 04:05:12,WIN-007,amazonaws.com,CNAME
D004636,2026-05-29 01:42:07,WIN-034,office.com,CNAME
D004637,2026-01-11 22:53:40,WIN-010,google.com,A
D004638,2026-04-10 20:53:07,WIN-039,cloudflare.com,AAAA
D004639,2026-05-18 22:21:41,WIN-028,microsoft.com,AAAA
D004640,2026-05-02 21:56:48,WIN-016,internal.corp,AAAA
D004641,2026-06-08 01:22:06,WIN-014,amazonaws.com,AAAA
D004642,2026-01-29 01:59:30,WIN-013,amazonaws.com,A
D004643,2026-06-13 20:06:00,WIN-015,internal.corp,AAAA
D004644,2026-05-24 07:55:30,WIN-012,office.com,CNAME
D004645,2026-04-15 06:57:16,WIN-014,office.com,A
D004646,2026-01-06 18:26:38,WIN-034,github.com,AAAA
D004647,2026-01-19 06:24:21,WIN-029,microsoft.com,AAAA
D004648,2026-03-21 01:47:40,WIN-028,microsoft.com,A
D004649,2026-05-16 01:19:53,WIN-031,github.com,A
D004650,2026-01-06 05:08:24,WIN-025,internal.corp,AAAA
D004651,2026-02-18 17:09:20,WIN-006,microsoft.com,CNAME
D004652,2026-04-04 08:58:26,WIN-033,google.com,A
D004653,2026-04-05 09:22:57,WIN-007,amazonaws.com,CNAME
D004654,2026-06-02 18:50:53,WIN-003,github.com,A
D004655,2026-05-22 10:02:28,WIN-010,cloudflare.com,A
D004656,2026-02-15 10:30:43,WIN-004,github.com,CNAME
D004657,2026-03-12 03:19:18,WIN-019,google.com,AAAA
D004658,2026-04-17 00:16:57,WIN-013,amazonaws.com,CNAME
D004659,2026-03-02 10:18:19,WIN-029,github.com,A
D004660,2026-04-28 20:21:21,WIN-023,internal.corp,AAAA
D004661,2026-05-30 20:52:48,WIN-033,amazonaws.com,CNAME
D004662,2026-03-11 04:23:48,WIN-019,internal.corp,A
D004663,2026-06-13 01:00:40,WIN-027,google.com,AAAA
D004664,2026-02-28 01:28:33,WIN-006,cloudflare.com,A
D004665,2026-04-13 23:17:39,WIN-010,github.com,AAAA
D004666,2026-03-26 19:37:03,WIN-009,github.com,AAAA
D004667,2026-05-29 21:59:16,WIN-007,google.com,AAAA
D004668,2026-01-22 09:26:15,WIN-032,cloudflare.com,CNAME
D004669,2026-03-30 09:03:02,WIN-029,internal.corp,AAAA
D004670,2026-02-05 22:57:19,WIN-016,cloudflare.com,AAAA
D004671,2026-03-08 21:34:11,WIN-035,amazonaws.com,AAAA
D004672,2026-06-09 19:14:53,WIN-021,microsoft.com,CNAME
D004673,2026-05-23 19:45:58,WIN-009,office.com,CNAME
D004674,2026-06-10 18:11:28,WIN-029,office.com,A
D004675,2026-03-10 03:11:12,WIN-020,microsoft.com,AAAA
D004676,2026-02-11 12:54:22,WIN-012,github.com,CNAME
D004677,2026-01-07 11:49:18,WIN-003,google.com,A
D004678,2026-04-03 15:28:34,WIN-014,office.com,A
D004679,2026-04-30 11:16:26,WIN-014,office.com,CNAME
D004680,2026-06-14 23:37:02,WIN-013,microsoft.com,AAAA
D004681,2026-01-27 05:05:02,WIN-021,microsoft.com,AAAA
D004682,2026-03-05 02:51:36,WIN-012,internal.corp,AAAA
D004683,2026-04-21 14:22:54,WIN-010,cloudflare.com,AAAA
D004684,2026-05-30 09:11:51,WIN-040,microsoft.com,AAAA
D004685,2026-05-18 05:29:33,WIN-001,google.com,AAAA
D004686,2026-05-25 11:52:49,WIN-027,google.com,AAAA
D004687,2026-04-08 00:27:48,WIN-040,cloudflare.com,A
D004688,2026-04-19 04:19:12,WIN-017,office.com,A
D004689,2026-01-02 02:01:29,WIN-010,github.com,CNAME
D004690,2026-04-14 16:57:26,WIN-027,microsoft.com,CNAME
D004691,2026-01-21 16:29:07,WIN-009,amazonaws.com,CNAME
D004692,2026-04-30 13:17:32,WIN-023,cloudflare.com,A
D004693,2026-01-06 09:42:44,WIN-018,github.com,AAAA
D004694,2026-04-04 00:15:37,WIN-002,google.com,AAAA
D004695,2026-05-03 02:50:40,WIN-014,microsoft.com,A
D004696,2026-06-26 12:54:43,WIN-028,github.com,AAAA
D004697,2026-01-15 14:44:49,WIN-013,cloudflare.com,AAAA
D004698,2026-06-30 01:14:55,WIN-013,internal.corp,CNAME
D004699,2026-05-20 07:25:01,WIN-013,cloudflare.com,A
D004700,2026-03-07 17:52:23,WIN-033,amazonaws.com,CNAME
D004701,2026-03-19 16:29:17,WIN-030,github.com,AAAA
D004702,2026-04-08 17:46:29,WIN-011,cloudflare.com,AAAA
D004703,2026-01-14 11:33:24,WIN-010,cloudflare.com,A
D004704,2026-05-21 17:55:16,WIN-003,internal.corp,CNAME
D004705,2026-06-28 02:25:58,WIN-023,office.com,CNAME
D004706,2026-01-15 07:10:46,WIN-019,amazonaws.com,A
D004707,2026-05-27 03:00:52,WIN-039,microsoft.com,CNAME
D004708,2026-04-30 13:20:57,WIN-029,internal.corp,A
D004709,2026-01-24 00:40:25,WIN-040,internal.corp,AAAA
D004710,2026-04-14 16:26:25,WIN-037,office.com,AAAA
D004711,2026-05-11 07:45:35,WIN-014,amazonaws.com,AAAA
D004712,2026-05-19 13:00:04,WIN-040,microsoft.com,A
D004713,2026-01-28 10:15:26,WIN-037,google.com,AAAA
D004714,2026-02-18 06:05:51,WIN-040,microsoft.com,AAAA
D004715,2026-01-29 19:35:44,WIN-027,amazonaws.com,AAAA
D004716,2026-04-15 05:00:40,WIN-040,microsoft.com,CNAME
D004717,2026-03-06 18:42:48,WIN-005,google.com,A
D004718,2026-04-30 12:48:50,WIN-001,amazonaws.com,A
D004719,2026-04-25 16:11:03,WIN-039,cloudflare.com,CNAME
D004720,2026-06-03 14:54:47,WIN-033,internal.corp,AAAA
D004721,2026-01-16 07:30:15,WIN-012,microsoft.com,CNAME
D004722,2026-06-04 21:25:04,WIN-040,cloudflare.com,AAAA
D004723,2026-05-26 21:12:55,WIN-032,office.com,CNAME
D004724,2026-04-13 03:51:42,WIN-019,office.com,AAAA
D004725,2026-05-24 01:49:12,WIN-026,amazonaws.com,A
D004726,2026-05-13 09:46:53,WIN-024,internal.corp,CNAME
D004727,2026-01-28 14:02:05,WIN-029,cloudflare.com,AAAA
D004728,2026-05-06 06:33:19,WIN-031,cloudflare.com,A
D004729,2026-01-24 11:55:21,WIN-029,office.com,CNAME
D004730,2026-04-09 04:57:34,WIN-023,cloudflare.com,CNAME
D004731,2026-04-01 10:41:56,WIN-027,office.com,AAAA
D004732,2026-06-26 08:29:07,WIN-040,cloudflare.com,CNAME
D004733,2026-06-17 08:02:53,WIN-034,office.com,AAAA
D004734,2026-01-03 20:01:26,WIN-001,office.com,A
D004735,2026-05-19 12:27:37,WIN-016,cloudflare.com,A
D004736,2026-04-15 07:18:45,WIN-018,google.com,CNAME
D004737,2026-01-19 01:30:51,WIN-040,google.com,A
D004738,2026-04-16 20:41:54,WIN-016,office.com,AAAA
D004739,2026-02-15 23:06:23,WIN-025,google.com,A
D004740,2026-04-28 11:15:05,WIN-040,internal.corp,CNAME
D004741,2026-05-18 21:24:16,WIN-033,internal.corp,CNAME
D004742,2026-01-02 04:20:17,WIN-039,internal.corp,CNAME
D004743,2026-02-22 07:36:54,WIN-014,office.com,CNAME
D004744,2026-05-20 13:30:46,WIN-001,google.com,CNAME
D004745,2026-04-26 06:36:24,WIN-003,amazonaws.com,A
D004746,2026-03-03 20:04:32,WIN-003,cloudflare.com,CNAME
D004747,2026-06-29 08:22:32,WIN-008,internal.corp,CNAME
D004748,2026-05-08 07:00:03,WIN-034,office.com,AAAA
D004749,2026-05-21 20:11:03,WIN-004,amazonaws.com,CNAME
D004750,2026-05-20 06:22:22,WIN-029,github.com,CNAME
D004751,2026-06-11 23:43:30,WIN-015,amazonaws.com,A
D004752,2026-06-19 13:30:54,WIN-007,internal.corp,CNAME
D004753,2026-04-11 02:56:23,WIN-040,cloudflare.com,CNAME
D004754,2026-01-07 20:36:59,WIN-006,github.com,AAAA
D004755,2026-05-22 19:47:36,WIN-006,office.com,CNAME
D004756,2026-03-26 02:33:44,WIN-013,github.com,AAAA
D004757,2026-06-28 17:24:59,WIN-023,amazonaws.com,CNAME
D004758,2026-03-04 04:27:18,WIN-032,internal.corp,A
D004759,2026-03-21 15:04:09,WIN-015,microsoft.com,CNAME
D004760,2026-05-01 03:26:00,WIN-010,github.com,A
D004761,2026-05-19 10:17:47,WIN-013,amazonaws.com,AAAA
D004762,2026-01-20 16:04:37,WIN-022,cloudflare.com,A
D004763,2026-04-04 02:05:26,WIN-015,github.com,AAAA
D004764,2026-04-18 08:27:44,WIN-015,amazonaws.com,A
D004765,2026-06-11 00:56:14,WIN-004,google.com,CNAME
D004766,2026-05-28 23:42:35,WIN-014,amazonaws.com,A
D004767,2026-03-23 17:49:41,WIN-030,amazonaws.com,AAAA
D004768,2026-02-10 06:13:08,WIN-040,google.com,CNAME
D004769,2026-04-13 04:58:57,WIN-018,amazonaws.com,A
D004770,2026-06-21 20:43:26,WIN-031,internal.corp,A
D004771,2026-01-27 23:56:00,WIN-022,github.com,CNAME
D004772,2026-01-20 02:50:45,WIN-009,cloudflare.com,A
D004773,2026-01-03 06:11:00,WIN-022,internal.corp,AAAA
D004774,2026-05-25 06:38:18,WIN-015,internal.corp,A
D004775,2026-03-31 14:56:24,WIN-030,google.com,CNAME
D004776,2026-01-12 15:24:20,WIN-027,microsoft.com,A
D004777,2026-06-06 22:57:03,WIN-037,cloudflare.com,CNAME
D004778,2026-03-05 23:17:05,WIN-025,google.com,CNAME
D004779,2026-01-11 08:53:08,WIN-033,internal.corp,A
D004780,2026-04-21 12:10:43,WIN-028,amazonaws.com,CNAME
D004781,2026-01-23 02:56:08,WIN-037,cloudflare.com,AAAA
D004782,2026-05-20 06:47:28,WIN-013,cloudflare.com,CNAME
D004783,2026-03-11 02:33:26,WIN-008,office.com,CNAME
D004784,2026-01-15 21:27:54,WIN-012,cloudflare.com,A
D004785,2026-03-08 07:17:16,WIN-022,github.com,A
D004786,2026-02-01 22:46:50,WIN-010,cloudflare.com,A
D004787,2026-03-21 03:23:01,WIN-033,office.com,CNAME
D004788,2026-02-07 09:50:06,WIN-027,google.com,AAAA
D004789,2026-06-26 00:07:27,WIN-009,google.com,AAAA
D004790,2026-05-16 03:51:32,WIN-025,office.com,CNAME
D004791,2026-05-02 18:20:32,WIN-012,google.com,A
D004792,2026-05-02 17:16:54,WIN-039,google.com,A
D004793,2026-03-20 12:17:21,WIN-007,microsoft.com,AAAA
D004794,2026-01-30 15:23:26,WIN-038,github.com,AAAA
D004795,2026-02-07 00:17:42,WIN-038,google.com,CNAME
D004796,2026-05-19 00:20:49,WIN-031,amazonaws.com,AAAA
D004797,2026-04-18 02:14:04,WIN-036,microsoft.com,A
D004798,2026-02-18 15:48:45,WIN-019,amazonaws.com,AAAA
D004799,2026-02-21 17:38:00,WIN-031,internal.corp,AAAA
D004800,2026-06-21 04:48:50,WIN-008,google.com,AAAA
D004801,2026-05-22 14:13:46,WIN-005,google.com,CNAME
D004802,2026-06-03 05:56:02,WIN-037,google.com,AAAA
D004803,2026-05-30 08:15:32,WIN-009,cloudflare.com,AAAA
D004804,2026-04-23 16:42:50,WIN-022,google.com,AAAA
D004805,2026-05-26 07:08:51,WIN-032,google.com,CNAME
D004806,2026-01-23 09:52:13,WIN-036,internal.corp,CNAME
D004807,2026-01-12 17:44:32,WIN-011,cloudflare.com,CNAME
D004808,2026-02-03 08:53:58,WIN-036,microsoft.com,AAAA
D004809,2026-03-26 03:27:28,WIN-026,github.com,A
D004810,2026-01-01 03:15:58,WIN-018,github.com,CNAME
D004811,2026-02-10 05:45:14,WIN-019,cloudflare.com,A
D004812,2026-01-11 06:19:37,WIN-031,amazonaws.com,AAAA
D004813,2026-04-08 18:46:02,WIN-006,google.com,AAAA
D004814,2026-04-22 08:31:49,WIN-022,amazonaws.com,AAAA
D004815,2026-03-27 00:48:09,WIN-034,office.com,A
D004816,2026-01-13 04:04:44,WIN-021,google.com,AAAA
D004817,2026-06-28 09:39:42,WIN-020,google.com,AAAA
D004818,2026-03-17 19:46:26,WIN-022,github.com,CNAME
D004819,2026-05-12 03:21:45,WIN-036,github.com,AAAA
D004820,2026-04-02 20:20:30,WIN-036,office.com,A
D004821,2026-02-06 03:31:58,WIN-011,office.com,AAAA
D004822,2026-03-12 23:56:14,WIN-034,cloudflare.com,AAAA
D004823,2026-05-18 05:30:14,WIN-013,microsoft.com,AAAA
D004824,2026-05-11 22:06:16,WIN-034,internal.corp,A
D004825,2026-02-17 10:00:34,WIN-017,internal.corp,CNAME
D004826,2026-03-25 23:19:10,WIN-017,amazonaws.com,A
D004827,2026-01-23 08:14:55,WIN-020,microsoft.com,A
D004828,2026-06-21 10:10:23,WIN-040,internal.corp,CNAME
D004829,2026-03-29 15:02:34,WIN-014,github.com,AAAA
D004830,2026-02-15 18:21:04,WIN-008,microsoft.com,A
D004831,2026-03-23 03:53:14,WIN-021,office.com,A
D004832,2026-01-17 00:55:02,WIN-010,cloudflare.com,A
D004833,2026-02-15 00:02:26,WIN-021,internal.corp,A
D004834,2026-05-13 23:30:03,WIN-040,office.com,AAAA
D004835,2026-05-23 03:18:26,WIN-005,office.com,AAAA
D004836,2026-04-13 08:50:04,WIN-031,microsoft.com,CNAME
D004837,2026-02-12 09:40:23,WIN-013,amazonaws.com,CNAME
D004838,2026-05-29 10:07:57,WIN-019,office.com,AAAA
D004839,2026-06-29 20:17:29,WIN-038,google.com,A
D004840,2026-02-14 08:36:54,WIN-005,amazonaws.com,AAAA
D004841,2026-04-06 15:30:24,WIN-008,github.com,A
D004842,2026-06-15 06:43:39,WIN-031,cloudflare.com,A
D004843,2026-05-19 21:24:51,WIN-025,internal.corp,CNAME
D004844,2026-01-27 17:32:41,WIN-039,cloudflare.com,AAAA
D004845,2026-02-15 00:06:32,WIN-016,google.com,A
D004846,2026-01-24 18:48:12,WIN-034,office.com,AAAA
D004847,2026-03-16 15:38:56,WIN-032,amazonaws.com,A
D004848,2026-01-26 21:46:29,WIN-033,google.com,A
D004849,2026-03-15 16:15:23,WIN-038,office.com,AAAA
D004850,2026-06-26 12:19:19,WIN-005,microsoft.com,A
D004851,2026-04-22 19:55:09,WIN-023,cloudflare.com,A
D004852,2026-03-14 19:44:02,WIN-028,microsoft.com,AAAA
D004853,2026-01-06 15:27:27,WIN-024,internal.corp,CNAME
D004854,2026-03-08 15:42:25,WIN-012,cloudflare.com,CNAME
D004855,2026-01-26 05:51:40,WIN-007,google.com,AAAA
D004856,2026-01-25 00:37:20,WIN-018,office.com,AAAA
D004857,2026-06-05 12:03:05,WIN-036,github.com,AAAA
D004858,2026-01-23 20:35:57,WIN-012,amazonaws.com,A
D004859,2026-05-17 14:09:58,WIN-040,google.com,A
D004860,2026-01-28 09:35:45,WIN-015,microsoft.com,AAAA
D004861,2026-04-25 17:03:41,WIN-013,cloudflare.com,CNAME
D004862,2026-06-16 10:21:52,WIN-030,amazonaws.com,A
D004863,2026-04-13 17:26:46,WIN-015,amazonaws.com,A
D004864,2026-02-02 00:10:26,WIN-003,cloudflare.com,AAAA
D004865,2026-03-10 22:52:21,WIN-027,internal.corp,CNAME
D004866,2026-03-13 03:23:57,WIN-023,office.com,AAAA
D004867,2026-05-12 11:07:47,WIN-029,github.com,A
D004868,2026-02-27 16:10:26,WIN-015,office.com,A
D004869,2026-01-11 11:14:34,WIN-031,office.com,CNAME
D004870,2026-01-09 06:14:01,WIN-015,microsoft.com,CNAME
D004871,2026-01-14 02:17:16,WIN-014,internal.corp,CNAME
D004872,2026-02-13 08:32:21,WIN-001,github.com,CNAME
D004873,2026-03-16 15:03:44,WIN-010,internal.corp,A
D004874,2026-04-29 15:57:35,WIN-027,google.com,A
D004875,2026-04-30 19:49:50,WIN-025,google.com,AAAA
D004876,2026-03-19 22:21:53,WIN-015,microsoft.com,CNAME
D004877,2026-05-30 15:22:42,WIN-038,internal.corp,AAAA
D004878,2026-05-29 10:37:54,WIN-024,internal.corp,A
D004879,2026-01-10 21:07:25,WIN-015,github.com,CNAME
D004880,2026-04-20 13:17:19,WIN-018,cloudflare.com,AAAA
D004881,2026-01-24 14:19:55,WIN-030,internal.corp,AAAA
D004882,2026-04-08 12:32:05,WIN-040,cloudflare.com,CNAME
D004883,2026-01-22 10:15:51,WIN-012,amazonaws.com,CNAME
D004884,2026-02-26 17:57:32,WIN-012,cloudflare.com,CNAME
D004885,2026-04-21 05:09:54,WIN-009,github.com,A
D004886,2026-03-20 03:36:59,WIN-035,cloudflare.com,A
D004887,2026-02-15 06:36:57,WIN-001,amazonaws.com,AAAA
D004888,2026-05-29 16:34:13,WIN-009,cloudflare.com,AAAA
D004889,2026-05-23 20:59:23,WIN-004,internal.corp,CNAME
D004890,2026-02-14 02:52:11,WIN-017,office.com,AAAA
D004891,2026-02-09 03:52:06,WIN-019,amazonaws.com,AAAA
D004892,2026-01-23 23:36:10,WIN-039,office.com,CNAME
D004893,2026-04-08 16:53:44,WIN-030,amazonaws.com,AAAA
D004894,2026-02-19 06:18:59,WIN-017,internal.corp,A
D004895,2026-02-04 23:07:11,WIN-005,github.com,CNAME
D004896,2026-04-24 10:58:17,WIN-031,microsoft.com,CNAME
D004897,2026-05-28 13:09:37,WIN-029,amazonaws.com,CNAME
D004898,2026-05-19 16:30:20,WIN-022,office.com,A
D004899,2026-03-10 20:41:41,WIN-022,internal.corp,AAAA
D004900,2026-02-19 16:49:00,WIN-025,microsoft.com,A
D004901,2026-01-24 22:47:21,WIN-033,internal.corp,A
D004902,2026-02-07 17:36:49,WIN-015,microsoft.com,CNAME
D004903,2026-06-08 15:43:15,WIN-019,internal.corp,A
D004904,2026-02-01 20:57:06,WIN-005,github.com,A
D004905,2026-01-13 00:04:05,WIN-025,office.com,A
D004906,2026-03-25 16:15:24,WIN-025,microsoft.com,AAAA
D004907,2026-03-09 10:14:21,WIN-027,amazonaws.com,A
D004908,2026-05-19 18:37:31,WIN-019,internal.corp,AAAA
D004909,2026-06-29 19:10:27,WIN-012,amazonaws.com,CNAME
D004910,2026-02-16 18:27:08,WIN-024,office.com,A
D004911,2026-05-15 11:55:19,WIN-028,github.com,CNAME
D004912,2026-06-27 18:46:29,WIN-013,github.com,A
D004913,2026-06-22 22:57:35,WIN-022,internal.corp,CNAME
D004914,2026-06-09 18:59:05,WIN-003,microsoft.com,CNAME
D004915,2026-06-02 19:09:41,WIN-038,office.com,A
D004916,2026-02-06 21:08:24,WIN-028,office.com,CNAME
D004917,2026-02-26 04:30:12,WIN-005,internal.corp,A
D004918,2026-03-27 08:23:53,WIN-012,amazonaws.com,AAAA
D004919,2026-04-12 05:23:09,WIN-029,microsoft.com,AAAA
D004920,2026-06-22 05:44:35,WIN-007,microsoft.com,CNAME
D004921,2026-03-25 14:31:11,WIN-034,github.com,A
D004922,2026-03-15 15:45:54,WIN-022,microsoft.com,CNAME
D004923,2026-05-29 23:04:23,WIN-028,github.com,CNAME
D004924,2026-01-01 18:33:44,WIN-028,office.com,A
D004925,2026-04-10 21:50:31,WIN-040,internal.corp,A
D004926,2026-04-11 00:38:58,WIN-014,google.com,A
D004927,2026-01-13 01:52:26,WIN-030,github.com,A
D004928,2026-06-07 06:52:54,WIN-025,microsoft.com,A
D004929,2026-01-05 04:47:02,WIN-024,google.com,CNAME
D004930,2026-02-26 16:46:38,WIN-011,microsoft.com,AAAA
D004931,2026-04-18 23:10:06,WIN-014,cloudflare.com,AAAA
D004932,2026-04-28 08:08:07,WIN-011,office.com,A
D004933,2026-03-30 01:04:31,WIN-002,microsoft.com,A
D004934,2026-01-08 04:45:18,WIN-031,cloudflare.com,AAAA
D004935,2026-03-24 02:14:13,WIN-003,amazonaws.com,AAAA
D004936,2026-01-05 07:10:38,WIN-007,google.com,CNAME
D004937,2026-05-10 06:31:43,WIN-027,github.com,AAAA
D004938,2026-01-18 00:32:49,WIN-019,office.com,A
D004939,2026-03-11 15:56:10,WIN-003,microsoft.com,A
D004940,2026-03-16 10:02:03,WIN-015,cloudflare.com,A
D004941,2026-01-26 17:28:59,WIN-013,internal.corp,CNAME
D004942,2026-01-18 01:23:12,WIN-009,cloudflare.com,A
D004943,2026-05-02 11:30:56,WIN-036,internal.corp,A
D004944,2026-04-17 09:06:24,WIN-005,github.com,A
D004945,2026-04-08 22:55:13,WIN-003,github.com,A
D004946,2026-06-02 21:57:35,WIN-006,amazonaws.com,AAAA
D004947,2026-01-04 00:25:32,WIN-035,internal.corp,CNAME
D004948,2026-02-23 00:50:50,WIN-032,github.com,AAAA
D004949,2026-01-31 07:15:45,WIN-010,office.com,A
D004950,2026-03-23 12:06:55,WIN-028,internal.corp,A
D004951,2026-02-16 23:49:28,WIN-031,internal.corp,A
D004952,2026-03-02 08:15:10,WIN-030,internal.corp,CNAME
D004953,2026-06-24 17:10:40,WIN-023,office.com,A
D004954,2026-03-09 10:45:53,WIN-037,internal.corp,AAAA
D004955,2026-02-10 19:24:40,WIN-028,internal.corp,A
D004956,2026-04-23 19:23:42,WIN-013,google.com,CNAME
D004957,2026-02-05 18:45:04,WIN-015,github.com,CNAME
D004958,2026-04-14 11:31:56,WIN-026,github.com,A
D004959,2026-06-25 10:35:01,WIN-028,amazonaws.com,AAAA
D004960,2026-05-27 07:46:59,WIN-039,amazonaws.com,CNAME
D004961,2026-05-22 21:51:45,WIN-007,internal.corp,A
D004962,2026-04-10 01:50:55,WIN-031,microsoft.com,CNAME
D004963,2026-05-19 09:41:39,WIN-034,internal.corp,CNAME
D004964,2026-05-25 04:58:41,WIN-002,github.com,AAAA
D004965,2026-01-22 05:20:00,WIN-010,cloudflare.com,A
D004966,2026-01-28 14:20:54,WIN-008,github.com,A
D004967,2026-02-14 20:04:56,WIN-034,office.com,A
D004968,2026-01-11 19:58:50,WIN-019,cloudflare.com,A
D004969,2026-04-07 12:27:37,WIN-036,microsoft.com,A
D004970,2026-05-26 17:30:08,WIN-002,office.com,A
D004971,2026-03-19 11:02:04,WIN-005,amazonaws.com,A
D004972,2026-03-27 12:21:55,WIN-001,internal.corp,CNAME
D004973,2026-04-29 16:43:58,WIN-023,internal.corp,A
D004974,2026-01-07 09:13:31,WIN-003,office.com,AAAA
D004975,2026-01-19 15:07:48,WIN-023,internal.corp,CNAME
D004976,2026-05-19 16:45:00,WIN-021,github.com,A
D004977,2026-04-14 17:46:02,WIN-010,google.com,A
D004978,2026-06-28 09:04:46,WIN-030,office.com,A
D004979,2026-04-02 18:04:56,WIN-038,internal.corp,AAAA
D004980,2026-06-16 06:44:40,WIN-035,microsoft.com,A
D004981,2026-01-06 22:20:44,WIN-006,microsoft.com,CNAME
D004982,2026-04-27 20:44:02,WIN-021,office.com,CNAME
D004983,2026-03-13 08:51:38,WIN-040,google.com,CNAME
D004984,2026-03-06 05:22:37,WIN-010,microsoft.com,A
D004985,2026-03-22 17:58:08,WIN-023,office.com,CNAME
D004986,2026-06-04 11:19:46,WIN-002,internal.corp,CNAME
D004987,2026-03-22 05:48:59,WIN-017,cloudflare.com,A
D004988,2026-02-04 09:50:24,WIN-012,internal.corp,CNAME
D004989,2026-04-02 02:11:41,WIN-037,microsoft.com,AAAA
D004990,2026-01-25 21:36:12,WIN-008,github.com,CNAME
D004991,2026-06-15 08:33:03,WIN-024,cloudflare.com,A
D004992,2026-06-15 22:54:20,WIN-020,github.com,AAAA
D004993,2026-01-31 05:35:37,WIN-033,office.com,CNAME
D004994,2026-03-12 07:04:02,WIN-004,amazonaws.com,CNAME
D004995,2026-05-07 07:39:07,WIN-025,amazonaws.com,CNAME
D004996,2026-02-10 23:27:59,WIN-018,google.com,AAAA
D004997,2026-03-19 16:14:13,WIN-040,microsoft.com,A
D004998,2026-03-04 06:56:06,WIN-016,github.com,CNAME
D004999,2026-06-10 08:12:32,WIN-015,office.com,CNAME
D005000,2026-06-17 07:04:36,WIN-026,internal.corp,A
D005001,2026-02-01 10:28:41,WIN-036,google.com,A
D005002,2026-04-21 20:30:02,WIN-025,internal.corp,AAAA
D005003,2026-03-30 03:03:13,WIN-007,internal.corp,A
D005004,2026-03-21 04:00:00,WIN-007,internal.corp,CNAME
D005005,2026-03-30 04:29:36,WIN-003,amazonaws.com,CNAME
D005006,2026-04-16 06:45:59,WIN-037,internal.corp,CNAME
D005007,2026-06-03 07:50:32,WIN-014,cloudflare.com,CNAME
D005008,2026-02-06 18:47:45,WIN-040,amazonaws.com,CNAME
D005009,2026-03-15 17:34:20,WIN-005,google.com,CNAME
D005010,2026-05-05 02:18:06,WIN-015,amazonaws.com,AAAA
D005011,2026-01-03 06:34:38,WIN-001,google.com,A
D005012,2026-02-28 22:25:08,WIN-016,microsoft.com,CNAME
D005013,2026-05-15 07:34:40,WIN-020,google.com,AAAA
D005014,2026-01-09 11:48:06,WIN-023,amazonaws.com,CNAME
D005015,2026-05-03 00:03:19,WIN-038,github.com,A
D005016,2026-02-15 14:24:16,WIN-040,internal.corp,CNAME
D005017,2026-01-11 12:34:42,WIN-001,github.com,A
D005018,2026-01-20 01:56:04,WIN-014,github.com,CNAME
D005019,2026-03-18 12:28:04,WIN-032,google.com,A
D005020,2026-03-09 15:55:53,WIN-038,cloudflare.com,AAAA
D005021,2026-04-04 01:12:19,WIN-009,github.com,CNAME
D005022,2026-04-13 12:30:00,WIN-038,google.com,AAAA
D005023,2026-03-08 18:51:07,WIN-034,internal.corp,A
D005024,2026-04-10 18:39:55,WIN-015,github.com,AAAA
D005025,2026-03-19 20:26:32,WIN-015,google.com,A
D005026,2026-04-02 08:07:12,WIN-016,github.com,A
D005027,2026-03-16 15:35:24,WIN-004,internal.corp,A
D005028,2026-04-13 07:07:46,WIN-024,cloudflare.com,CNAME
D005029,2026-02-20 13:54:37,WIN-026,cloudflare.com,AAAA
D005030,2026-04-30 16:34:45,WIN-003,microsoft.com,AAAA
D005031,2026-04-22 08:30:21,WIN-032,office.com,CNAME
D005032,2026-03-02 20:50:22,WIN-032,office.com,CNAME
D005033,2026-05-27 07:09:15,WIN-010,google.com,CNAME
D005034,2026-03-13 18:21:27,WIN-015,office.com,AAAA
D005035,2026-05-21 08:44:14,WIN-032,google.com,CNAME
D005036,2026-01-20 06:35:33,WIN-014,microsoft.com,A
D005037,2026-02-08 02:10:05,WIN-013,microsoft.com,AAAA
D005038,2026-06-08 01:28:56,WIN-037,amazonaws.com,A
D005039,2026-06-07 19:43:41,WIN-025,google.com,CNAME
D005040,2026-05-19 20:40:46,WIN-015,internal.corp,CNAME
D005041,2026-02-18 00:40:40,WIN-029,microsoft.com,CNAME
D005042,2026-01-09 08:19:43,WIN-033,google.com,CNAME
D005043,2026-05-08 01:06:04,WIN-040,microsoft.com,A
D005044,2026-02-06 11:47:04,WIN-023,amazonaws.com,AAAA
D005045,2026-06-22 15:27:43,WIN-039,cloudflare.com,CNAME
D005046,2026-01-02 02:37:47,WIN-037,microsoft.com,CNAME
D005047,2026-06-06 18:56:34,WIN-016,internal.corp,CNAME
D005048,2026-06-28 00:01:11,WIN-030,cloudflare.com,A
D005049,2026-01-28 03:12:51,WIN-024,cloudflare.com,A
D005050,2026-05-20 08:32:07,WIN-024,github.com,A
D005051,2026-01-14 18:35:59,WIN-028,microsoft.com,A
D005052,2026-06-13 21:14:07,WIN-006,office.com,AAAA
D005053,2026-03-19 14:19:54,WIN-033,cloudflare.com,A
D005054,2026-06-21 13:04:53,WIN-017,google.com,A
D005055,2026-05-30 04:23:18,WIN-015,github.com,AAAA
D005056,2026-04-08 08:55:46,WIN-002,github.com,CNAME
D005057,2026-01-11 14:39:10,WIN-036,internal.corp,A
D005058,2026-02-09 08:07:40,WIN-026,github.com,AAAA
D005059,2026-04-28 15:01:27,WIN-001,internal.corp,AAAA
D005060,2026-02-26 05:28:09,WIN-019,microsoft.com,AAAA
D005061,2026-04-18 16:14:44,WIN-019,google.com,AAAA
D005062,2026-02-17 04:49:29,WIN-026,google.com,CNAME
D005063,2026-03-27 00:55:41,WIN-026,microsoft.com,A
D005064,2026-01-04 20:43:57,WIN-024,google.com,AAAA
D005065,2026-02-13 11:47:15,WIN-029,office.com,AAAA
D005066,2026-05-16 18:37:42,WIN-036,internal.corp,AAAA
D005067,2026-01-12 12:32:06,WIN-037,google.com,A
D005068,2026-01-18 18:52:08,WIN-036,google.com,CNAME
D005069,2026-01-14 14:51:55,WIN-006,microsoft.com,AAAA
D005070,2026-04-23 19:34:53,WIN-010,amazonaws.com,A
D005071,2026-04-20 01:45:28,WIN-006,github.com,A
D005072,2026-05-27 15:03:04,WIN-014,office.com,CNAME
D005073,2026-01-04 00:10:56,WIN-021,github.com,AAAA
D005074,2026-06-29 00:35:21,WIN-024,github.com,AAAA
D005075,2026-02-19 00:14:25,WIN-014,amazonaws.com,A
D005076,2026-04-30 16:49:18,WIN-033,github.com,A
D005077,2026-04-24 12:41:49,WIN-015,github.com,A
D005078,2026-05-29 22:00:57,WIN-026,microsoft.com,AAAA
D005079,2026-01-21 23:44:04,WIN-006,amazonaws.com,A
D005080,2026-02-22 07:47:48,WIN-037,amazonaws.com,AAAA
D005081,2026-06-17 01:14:23,WIN-033,google.com,A
D005082,2026-06-29 03:51:57,WIN-004,office.com,CNAME
D005083,2026-04-13 09:01:57,WIN-021,google.com,AAAA
D005084,2026-04-08 23:48:11,WIN-032,office.com,A
D005085,2026-05-06 04:11:05,WIN-009,amazonaws.com,AAAA
D005086,2026-04-22 22:39:31,WIN-007,google.com,CNAME
D005087,2026-05-26 01:51:50,WIN-033,office.com,CNAME
D005088,2026-02-12 15:54:41,WIN-009,github.com,CNAME
D005089,2026-01-22 22:11:28,WIN-031,google.com,AAAA
D005090,2026-04-12 01:24:28,WIN-020,internal.corp,A
D005091,2026-02-11 08:32:56,WIN-014,cloudflare.com,AAAA
D005092,2026-02-04 17:16:54,WIN-007,github.com,AAAA
D005093,2026-02-10 07:53:25,WIN-028,github.com,CNAME
D005094,2026-02-11 11:27:32,WIN-014,github.com,CNAME
D005095,2026-04-30 09:19:28,WIN-026,internal.corp,CNAME
D005096,2026-02-18 21:27:50,WIN-009,amazonaws.com,A
D005097,2026-04-09 18:53:41,WIN-013,office.com,AAAA
D005098,2026-03-19 22:34:18,WIN-021,cloudflare.com,AAAA
D005099,2026-02-19 04:26:08,WIN-009,office.com,CNAME
D005100,2026-06-03 17:23:03,WIN-006,github.com,AAAA
D005101,2026-05-22 11:48:01,WIN-027,amazonaws.com,CNAME
D005102,2026-06-25 13:13:18,WIN-010,office.com,A
D005103,2026-01-20 10:03:27,WIN-009,github.com,AAAA
D005104,2026-05-01 00:27:54,WIN-027,microsoft.com,AAAA
D005105,2026-01-25 18:17:03,WIN-019,internal.corp,A
D005106,2026-06-10 04:27:49,WIN-020,github.com,AAAA
D005107,2026-06-19 09:16:23,WIN-011,cloudflare.com,AAAA
D005108,2026-04-27 00:08:02,WIN-039,github.com,AAAA
D005109,2026-04-26 05:10:45,WIN-004,internal.corp,A
D005110,2026-06-02 00:10:45,WIN-024,office.com,A
D005111,2026-01-08 20:24:09,WIN-037,google.com,A
D005112,2026-02-21 15:04:04,WIN-028,github.com,CNAME
D005113,2026-06-22 11:30:45,WIN-018,microsoft.com,A
D005114,2026-03-02 08:58:15,WIN-013,internal.corp,AAAA
D005115,2026-04-15 14:35:21,WIN-019,github.com,A
D005116,2026-06-29 04:47:36,WIN-037,amazonaws.com,CNAME
D005117,2026-04-29 12:58:22,WIN-012,internal.corp,AAAA
D005118,2026-05-10 15:01:13,WIN-012,google.com,CNAME
D005119,2026-05-26 06:34:58,WIN-021,github.com,CNAME
D005120,2026-05-21 06:14:48,WIN-030,office.com,A
D005121,2026-05-28 13:16:56,WIN-008,office.com,AAAA
D005122,2026-01-07 00:54:25,WIN-012,cloudflare.com,AAAA
D005123,2026-06-13 05:59:59,WIN-020,internal.corp,CNAME
D005124,2026-06-15 01:49:20,WIN-004,github.com,A
D005125,2026-05-07 08:50:44,WIN-027,cloudflare.com,AAAA
D005126,2026-06-30 07:27:51,WIN-015,internal.corp,AAAA
D005127,2026-01-03 08:19:20,WIN-009,amazonaws.com,CNAME
D005128,2026-05-06 18:10:34,WIN-026,github.com,AAAA
D005129,2026-02-18 23:55:02,WIN-011,amazonaws.com,CNAME
D005130,2026-01-30 14:17:12,WIN-035,microsoft.com,CNAME
D005131,2026-03-26 05:19:14,WIN-016,cloudflare.com,CNAME
D005132,2026-06-24 20:46:09,WIN-009,google.com,A
D005133,2026-02-28 00:21:45,WIN-007,cloudflare.com,AAAA
D005134,2026-04-29 09:36:14,WIN-012,internal.corp,A
D005135,2026-04-04 10:09:30,WIN-020,github.com,AAAA
D005136,2026-01-08 22:30:19,WIN-022,cloudflare.com,A
D005137,2026-06-03 11:17:03,WIN-008,microsoft.com,AAAA
D005138,2026-06-02 02:51:49,WIN-033,amazonaws.com,CNAME
D005139,2026-03-24 17:49:44,WIN-021,github.com,A
D005140,2026-03-19 16:07:22,WIN-014,google.com,A
D005141,2026-06-06 07:29:34,WIN-040,amazonaws.com,CNAME
D005142,2026-04-28 04:39:10,WIN-033,office.com,A
D005143,2026-03-12 02:43:24,WIN-040,google.com,AAAA
D005144,2026-02-16 10:46:42,WIN-031,google.com,CNAME
D005145,2026-05-01 02:05:15,WIN-025,github.com,AAAA
D005146,2026-04-11 08:31:06,WIN-007,internal.corp,CNAME
D005147,2026-03-16 05:45:04,WIN-028,google.com,AAAA
D005148,2026-06-08 19:59:31,WIN-024,internal.corp,A
D005149,2026-06-29 02:33:50,WIN-025,office.com,AAAA
D005150,2026-02-05 00:06:24,WIN-018,google.com,CNAME
D005151,2026-04-08 10:39:22,WIN-003,internal.corp,CNAME
D005152,2026-03-19 03:17:48,WIN-033,google.com,CNAME
D005153,2026-05-13 07:07:52,WIN-018,github.com,A
D005154,2026-06-18 23:45:51,WIN-004,google.com,A
D005155,2026-03-07 03:16:00,WIN-040,internal.corp,AAAA
D005156,2026-03-15 11:13:56,WIN-009,github.com,CNAME
D005157,2026-02-17 08:56:12,WIN-033,microsoft.com,AAAA
D005158,2026-05-10 04:28:40,WIN-021,microsoft.com,CNAME
D005159,2026-03-30 15:44:48,WIN-011,amazonaws.com,CNAME
D005160,2026-02-10 12:32:31,WIN-002,amazonaws.com,A
D005161,2026-05-11 04:29:37,WIN-026,cloudflare.com,A
D005162,2026-06-04 11:49:06,WIN-007,cloudflare.com,A
D005163,2026-03-18 21:01:49,WIN-039,github.com,AAAA
D005164,2026-04-08 08:15:48,WIN-008,microsoft.com,A
D005165,2026-05-06 12:58:58,WIN-016,office.com,CNAME
D005166,2026-06-12 18:45:52,WIN-024,google.com,A
D005167,2026-02-16 12:02:52,WIN-021,google.com,AAAA
D005168,2026-05-03 19:52:57,WIN-036,google.com,CNAME
D005169,2026-02-09 04:14:32,WIN-013,internal.corp,CNAME
D005170,2026-01-12 19:12:13,WIN-024,office.com,CNAME
D005171,2026-03-01 20:30:49,WIN-006,amazonaws.com,AAAA
D005172,2026-01-05 19:46:09,WIN-011,microsoft.com,AAAA
D005173,2026-06-05 17:11:37,WIN-025,amazonaws.com,A
D005174,2026-02-18 01:48:02,WIN-028,google.com,CNAME
D005175,2026-02-14 15:53:32,WIN-037,amazonaws.com,A
D005176,2026-04-22 23:30:11,WIN-033,internal.corp,A
D005177,2026-03-13 22:08:20,WIN-020,google.com,CNAME
D005178,2026-02-23 06:35:59,WIN-033,cloudflare.com,CNAME
D005179,2026-04-19 22:48:35,WIN-036,google.com,A
D005180,2026-06-17 08:40:58,WIN-040,microsoft.com,CNAME
D005181,2026-06-25 20:54:28,WIN-001,github.com,AAAA
D005182,2026-04-13 16:57:41,WIN-018,google.com,A
D005183,2026-04-18 12:59:17,WIN-034,amazonaws.com,AAAA
D005184,2026-04-02 08:24:21,WIN-030,github.com,CNAME
D005185,2026-04-11 10:05:46,WIN-037,microsoft.com,AAAA
D005186,2026-03-31 09:28:50,WIN-018,microsoft.com,CNAME
D005187,2026-03-16 06:13:38,WIN-001,office.com,CNAME
D005188,2026-02-16 21:39:35,WIN-036,office.com,CNAME
D005189,2026-05-20 22:57:45,WIN-026,github.com,CNAME
D005190,2026-03-14 18:05:29,WIN-035,internal.corp,AAAA
D005191,2026-03-01 05:14:32,WIN-001,microsoft.com,CNAME
D005192,2026-01-20 16:39:34,WIN-018,amazonaws.com,AAAA
D005193,2026-06-16 13:11:19,WIN-009,microsoft.com,AAAA
D005194,2026-01-27 07:26:06,WIN-007,internal.corp,A
D005195,2026-04-21 23:54:08,WIN-004,amazonaws.com,A
D005196,2026-06-15 04:06:40,WIN-023,cloudflare.com,AAAA
D005197,2026-01-13 02:06:27,WIN-007,amazonaws.com,A
D005198,2026-03-10 21:14:45,WIN-018,google.com,AAAA
D005199,2026-03-29 04:19:38,WIN-003,cloudflare.com,CNAME
D005200,2026-03-07 12:48:33,WIN-040,amazonaws.com,A
D005201,2026-02-28 22:46:01,WIN-010,office.com,A
D005202,2026-06-02 19:07:16,WIN-004,internal.corp,AAAA
D005203,2026-03-20 16:56:35,WIN-019,office.com,A
D005204,2026-06-24 11:55:38,WIN-024,amazonaws.com,AAAA
D005205,2026-03-28 06:54:47,WIN-012,amazonaws.com,CNAME
D005206,2026-02-19 06:44:47,WIN-007,github.com,AAAA
D005207,2026-01-12 00:26:59,WIN-040,cloudflare.com,CNAME
D005208,2026-04-01 12:58:54,WIN-026,amazonaws.com,AAAA
D005209,2026-04-01 12:19:10,WIN-037,internal.corp,AAAA
D005210,2026-01-25 06:31:42,WIN-013,microsoft.com,A
D005211,2026-05-14 15:09:31,WIN-037,google.com,A
D005212,2026-04-11 16:30:17,WIN-019,microsoft.com,AAAA
D005213,2026-02-17 05:22:58,WIN-024,office.com,A
D005214,2026-04-21 08:47:46,WIN-007,office.com,CNAME
D005215,2026-03-08 17:11:57,WIN-020,github.com,CNAME
D005216,2026-02-11 05:27:23,WIN-022,microsoft.com,A
D005217,2026-01-05 14:46:45,WIN-008,google.com,AAAA
D005218,2026-02-27 20:31:16,WIN-011,github.com,CNAME
D005219,2026-05-10 03:30:21,WIN-040,cloudflare.com,CNAME
D005220,2026-02-02 19:50:57,WIN-005,office.com,CNAME
D005221,2026-02-02 23:30:16,WIN-003,google.com,AAAA
D005222,2026-01-28 20:22:36,WIN-012,google.com,AAAA
D005223,2026-06-02 22:34:38,WIN-033,internal.corp,AAAA
D005224,2026-04-30 22:04:50,WIN-001,amazonaws.com,A
D005225,2026-01-19 01:53:35,WIN-007,cloudflare.com,CNAME
D005226,2026-02-16 06:42:13,WIN-030,microsoft.com,A
D005227,2026-04-02 03:58:59,WIN-017,office.com,AAAA
D005228,2026-02-13 02:55:55,WIN-008,github.com,AAAA
D005229,2026-04-13 03:55:03,WIN-026,office.com,CNAME
D005230,2026-06-12 03:39:58,WIN-039,github.com,AAAA
D005231,2026-01-16 22:32:21,WIN-015,office.com,CNAME
D005232,2026-03-28 14:13:35,WIN-029,internal.corp,CNAME
D005233,2026-05-19 09:25:12,WIN-036,internal.corp,CNAME
D005234,2026-05-09 13:14:25,WIN-013,internal.corp,AAAA
D005235,2026-06-18 22:27:17,WIN-013,cloudflare.com,A
D005236,2026-01-17 15:56:40,WIN-018,microsoft.com,A
D005237,2026-03-27 07:51:56,WIN-018,internal.corp,A
D005238,2026-01-02 19:57:15,WIN-013,google.com,A
D005239,2026-03-08 00:45:04,WIN-006,microsoft.com,AAAA
D005240,2026-06-24 10:26:06,WIN-027,google.com,CNAME
D005241,2026-01-18 00:27:31,WIN-006,office.com,A
D005242,2026-02-13 11:09:45,WIN-033,cloudflare.com,CNAME
D005243,2026-01-30 01:43:44,WIN-039,google.com,AAAA
D005244,2026-03-08 22:23:19,WIN-015,cloudflare.com,AAAA
D005245,2026-01-05 19:51:06,WIN-011,amazonaws.com,CNAME
D005246,2026-03-28 03:00:03,WIN-034,cloudflare.com,AAAA
D005247,2026-06-03 03:09:03,WIN-027,amazonaws.com,CNAME
D005248,2026-01-09 03:41:35,WIN-037,google.com,AAAA
D005249,2026-05-24 11:29:09,WIN-030,cloudflare.com,CNAME
D005250,2026-01-20 03:38:34,WIN-034,office.com,CNAME
D005251,2026-03-28 13:13:28,WIN-003,google.com,A
D005252,2026-04-24 17:48:04,WIN-008,office.com,AAAA
D005253,2026-02-18 07:22:06,WIN-002,github.com,A
D005254,2026-06-23 13:15:31,WIN-040,office.com,A
D005255,2026-03-05 17:41:56,WIN-040,amazonaws.com,A
D005256,2026-02-24 22:37:10,WIN-001,microsoft.com,CNAME
D005257,2026-06-02 23:22:26,WIN-011,office.com,CNAME
D005258,2026-06-26 14:01:26,WIN-023,github.com,A
D005259,2026-05-21 23:39:04,WIN-015,internal.corp,CNAME
D005260,2026-05-09 10:56:14,WIN-030,google.com,CNAME
D005261,2026-02-09 09:14:29,WIN-026,google.com,AAAA
D005262,2026-05-14 15:34:44,WIN-009,google.com,A
D005263,2026-03-21 04:47:12,WIN-028,github.com,AAAA
D005264,2026-02-08 08:33:28,WIN-026,google.com,A
D005265,2026-06-17 05:55:13,WIN-007,microsoft.com,AAAA
D005266,2026-04-27 11:37:17,WIN-005,amazonaws.com,CNAME
D005267,2026-04-29 20:10:23,WIN-002,cloudflare.com,CNAME
D005268,2026-06-27 01:51:29,WIN-035,amazonaws.com,AAAA
D005269,2026-03-19 20:29:59,WIN-013,office.com,CNAME
D005270,2026-02-19 11:52:04,WIN-007,google.com,CNAME
D005271,2026-03-08 10:13:49,WIN-028,amazonaws.com,CNAME
D005272,2026-01-21 04:50:08,WIN-013,google.com,A
D005273,2026-02-23 09:52:40,WIN-015,microsoft.com,A
D005274,2026-05-11 05:09:05,WIN-002,internal.corp,CNAME
D005275,2026-06-06 02:54:09,WIN-013,github.com,AAAA
D005276,2026-01-03 02:11:13,WIN-004,internal.corp,CNAME
D005277,2026-05-25 08:56:25,WIN-025,google.com,A
D005278,2026-01-09 19:03:13,WIN-019,amazonaws.com,A
D005279,2026-05-04 11:38:54,WIN-007,github.com,A
D005280,2026-02-23 09:54:48,WIN-020,google.com,A
D005281,2026-06-29 21:39:50,WIN-004,cloudflare.com,CNAME
D005282,2026-04-13 17:07:25,WIN-025,github.com,AAAA
D005283,2026-06-11 05:12:52,WIN-040,github.com,AAAA
D005284,2026-03-31 15:57:42,WIN-001,cloudflare.com,CNAME
D005285,2026-01-27 18:15:36,WIN-037,amazonaws.com,AAAA
D005286,2026-02-27 14:50:46,WIN-014,github.com,A
D005287,2026-06-06 07:43:12,WIN-032,microsoft.com,A
D005288,2026-05-17 09:31:17,WIN-019,github.com,AAAA
D005289,2026-02-02 03:42:58,WIN-012,google.com,A
D005290,2026-02-02 01:53:32,WIN-028,office.com,CNAME
D005291,2026-06-13 22:06:34,WIN-033,github.com,AAAA
D005292,2026-03-23 22:48:37,WIN-017,office.com,CNAME
D005293,2026-06-16 11:30:00,WIN-028,amazonaws.com,CNAME
D005294,2026-02-07 04:01:23,WIN-001,office.com,CNAME
D005295,2026-03-18 01:18:28,WIN-021,internal.corp,AAAA
D005296,2026-03-19 12:37:08,WIN-022,cloudflare.com,AAAA
D005297,2026-06-19 08:56:27,WIN-020,cloudflare.com,AAAA
D005298,2026-06-24 05:56:03,WIN-023,cloudflare.com,AAAA
D005299,2026-02-18 06:00:21,WIN-036,github.com,CNAME
D005300,2026-04-29 18:34:41,WIN-040,internal.corp,CNAME
D005301,2026-02-26 17:09:10,WIN-033,google.com,AAAA
D005302,2026-04-28 22:20:17,WIN-035,amazonaws.com,CNAME
D005303,2026-02-20 16:47:16,WIN-030,google.com,AAAA
D005304,2026-05-24 13:25:29,WIN-028,office.com,AAAA
D005305,2026-06-21 12:59:05,WIN-002,microsoft.com,CNAME
D005306,2026-03-19 14:16:22,WIN-001,google.com,AAAA
D005307,2026-04-22 00:09:54,WIN-027,internal.corp,A
D005308,2026-05-17 00:03:47,WIN-025,office.com,A
D005309,2026-01-05 01:26:46,WIN-020,github.com,CNAME
D005310,2026-05-27 16:54:44,WIN-007,cloudflare.com,AAAA
D005311,2026-05-02 06:43:56,WIN-016,amazonaws.com,AAAA
D005312,2026-02-09 05:37:31,WIN-031,microsoft.com,CNAME
D005313,2026-04-20 01:43:02,WIN-030,github.com,A
D005314,2026-05-15 01:38:24,WIN-016,amazonaws.com,CNAME
D005315,2026-01-29 03:18:57,WIN-022,cloudflare.com,CNAME
D005316,2026-06-05 16:19:25,WIN-024,amazonaws.com,A
D005317,2026-03-11 19:20:10,WIN-007,microsoft.com,AAAA
D005318,2026-04-06 06:16:43,WIN-013,amazonaws.com,AAAA
D005319,2026-04-30 11:27:52,WIN-023,google.com,AAAA
D005320,2026-06-22 03:48:48,WIN-037,github.com,A
D005321,2026-06-01 05:09:12,WIN-029,cloudflare.com,CNAME
D005322,2026-01-05 01:29:14,WIN-016,microsoft.com,AAAA
D005323,2026-05-12 04:27:39,WIN-026,google.com,CNAME
D005324,2026-05-05 00:39:27,WIN-024,amazonaws.com,A
D005325,2026-04-25 21:03:51,WIN-014,google.com,AAAA
D005326,2026-06-03 07:31:52,WIN-006,cloudflare.com,A
D005327,2026-04-26 02:22:09,WIN-017,github.com,A
D005328,2026-05-22 19:32:35,WIN-010,cloudflare.com,CNAME
D005329,2026-01-01 13:51:19,WIN-040,amazonaws.com,AAAA
D005330,2026-02-08 04:16:04,WIN-018,amazonaws.com,AAAA
D005331,2026-02-13 09:07:37,WIN-020,amazonaws.com,A
D005332,2026-03-19 17:09:41,WIN-022,internal.corp,A
D005333,2026-06-02 18:53:45,WIN-029,amazonaws.com,AAAA
D005334,2026-02-12 11:31:29,WIN-027,cloudflare.com,AAAA
D005335,2026-06-26 20:46:36,WIN-020,amazonaws.com,AAAA
D005336,2026-06-22 19:30:43,WIN-004,microsoft.com,CNAME
D005337,2026-02-14 16:53:56,WIN-020,amazonaws.com,AAAA
D005338,2026-02-18 19:22:49,WIN-030,office.com,A
D005339,2026-03-03 05:38:23,WIN-035,amazonaws.com,A
D005340,2026-03-28 18:59:50,WIN-036,google.com,A
D005341,2026-03-22 22:52:44,WIN-027,internal.corp,A
D005342,2026-04-30 15:25:16,WIN-019,internal.corp,CNAME
D005343,2026-05-21 02:02:51,WIN-028,office.com,A
D005344,2026-03-10 01:14:27,WIN-011,google.com,CNAME
D005345,2026-03-07 05:06:50,WIN-003,github.com,CNAME
D005346,2026-03-10 00:00:13,WIN-013,cloudflare.com,A
D005347,2026-04-24 11:26:44,WIN-015,google.com,AAAA
D005348,2026-02-18 10:07:50,WIN-008,github.com,AAAA
D005349,2026-02-13 22:59:32,WIN-027,github.com,CNAME
D005350,2026-03-25 14:15:02,WIN-003,cloudflare.com,CNAME
D005351,2026-05-04 20:07:50,WIN-001,internal.corp,A
D005352,2026-04-04 10:52:40,WIN-034,internal.corp,A
D005353,2026-02-06 08:14:34,WIN-029,microsoft.com,A
D005354,2026-03-10 07:46:33,WIN-025,office.com,A
D005355,2026-06-17 01:07:25,WIN-021,office.com,CNAME
D005356,2026-01-18 10:30:43,WIN-035,github.com,A
D005357,2026-01-23 18:56:56,WIN-005,amazonaws.com,A
D005358,2026-05-09 02:18:33,WIN-009,office.com,CNAME
D005359,2026-02-26 18:26:06,WIN-023,github.com,A
D005360,2026-05-02 23:42:15,WIN-038,microsoft.com,AAAA
D005361,2026-06-30 15:47:36,WIN-018,internal.corp,A
D005362,2026-02-09 23:49:37,WIN-008,microsoft.com,CNAME
D005363,2026-05-18 12:28:23,WIN-025,github.com,AAAA
D005364,2026-04-29 22:16:11,WIN-029,cloudflare.com,A
D005365,2026-01-24 05:42:57,WIN-030,github.com,CNAME
D005366,2026-01-19 21:06:48,WIN-008,amazonaws.com,AAAA
D005367,2026-05-18 19:19:48,WIN-022,microsoft.com,CNAME
D005368,2026-01-26 22:46:19,WIN-035,amazonaws.com,A
D005369,2026-03-20 23:02:57,WIN-006,google.com,A
D005370,2026-03-11 14:05:27,WIN-037,amazonaws.com,A
D005371,2026-04-24 04:16:33,WIN-007,internal.corp,CNAME
D005372,2026-02-25 14:55:06,WIN-034,office.com,A
D005373,2026-01-18 18:16:34,WIN-010,microsoft.com,CNAME
D005374,2026-04-12 00:12:58,WIN-024,amazonaws.com,A
D005375,2026-04-25 00:03:15,WIN-007,google.com,A
D005376,2026-02-11 12:25:35,WIN-006,internal.corp,CNAME
D005377,2026-02-13 10:12:07,WIN-038,amazonaws.com,CNAME
D005378,2026-02-05 00:12:37,WIN-012,cloudflare.com,AAAA
D005379,2026-04-04 08:08:57,WIN-035,github.com,CNAME
D005380,2026-02-23 08:48:27,WIN-018,office.com,CNAME
D005381,2026-03-28 02:36:28,WIN-040,cloudflare.com,A
D005382,2026-03-31 17:32:41,WIN-010,cloudflare.com,AAAA
D005383,2026-03-08 00:25:24,WIN-031,cloudflare.com,AAAA
D005384,2026-06-12 04:31:33,WIN-039,google.com,AAAA
D005385,2026-05-21 01:07:21,WIN-011,office.com,AAAA
D005386,2026-01-21 07:23:33,WIN-016,internal.corp,A
D005387,2026-05-23 15:27:53,WIN-032,google.com,A
D005388,2026-03-13 06:58:28,WIN-040,amazonaws.com,A
D005389,2026-02-24 22:25:16,WIN-018,cloudflare.com,CNAME
D005390,2026-03-02 11:33:46,WIN-035,internal.corp,AAAA
D005391,2026-02-17 05:31:26,WIN-004,cloudflare.com,CNAME
D005392,2026-02-12 13:41:28,WIN-031,microsoft.com,CNAME
D005393,2026-05-16 03:18:02,WIN-025,github.com,AAAA
D005394,2026-02-05 00:25:20,WIN-038,github.com,AAAA
D005395,2026-04-07 22:47:54,WIN-030,internal.corp,A
D005396,2026-05-02 00:07:35,WIN-003,office.com,CNAME
D005397,2026-04-21 13:35:11,WIN-029,cloudflare.com,AAAA
D005398,2026-05-10 01:44:42,WIN-033,github.com,AAAA
D005399,2026-04-13 10:03:44,WIN-005,internal.corp,A
D005400,2026-04-28 00:42:35,WIN-029,cloudflare.com,AAAA
D005401,2026-01-13 09:10:30,WIN-025,cloudflare.com,AAAA
D005402,2026-06-16 07:40:33,WIN-040,cloudflare.com,CNAME
D005403,2026-06-24 06:10:31,WIN-009,amazonaws.com,AAAA
D005404,2026-03-10 01:19:02,WIN-032,microsoft.com,AAAA
D005405,2026-03-15 11:12:50,WIN-024,office.com,CNAME
D005406,2026-02-18 13:07:41,WIN-039,github.com,AAAA
D005407,2026-04-30 04:04:47,WIN-006,microsoft.com,AAAA
D005408,2026-03-06 02:54:02,WIN-011,cloudflare.com,CNAME
D005409,2026-04-23 12:41:17,WIN-030,amazonaws.com,CNAME
D005410,2026-01-24 07:47:09,WIN-002,amazonaws.com,A
D005411,2026-06-05 13:58:49,WIN-009,cloudflare.com,A
D005412,2026-02-12 16:27:47,WIN-014,amazonaws.com,AAAA
D005413,2026-05-22 15:08:11,WIN-004,office.com,CNAME
D005414,2026-04-23 18:52:21,WIN-018,microsoft.com,AAAA
D005415,2026-03-06 03:19:00,WIN-033,internal.corp,AAAA
D005416,2026-05-01 14:05:25,WIN-031,cloudflare.com,CNAME
D005417,2026-02-16 17:44:23,WIN-010,google.com,AAAA
D005418,2026-01-16 14:37:38,WIN-034,google.com,CNAME
D005419,2026-03-03 11:26:04,WIN-036,github.com,A
D005420,2026-02-15 23:16:21,WIN-008,github.com,A
D005421,2026-04-22 03:12:45,WIN-001,github.com,AAAA
D005422,2026-02-22 10:22:36,WIN-037,microsoft.com,CNAME
D005423,2026-02-09 03:49:46,WIN-005,microsoft.com,CNAME
D005424,2026-03-11 09:35:11,WIN-040,google.com,AAAA
D005425,2026-02-14 14:06:52,WIN-007,microsoft.com,AAAA
D005426,2026-03-16 12:30:28,WIN-036,microsoft.com,AAAA
D005427,2026-04-21 04:12:55,WIN-023,internal.corp,A
D005428,2026-02-08 06:27:13,WIN-015,microsoft.com,AAAA
D005429,2026-03-31 21:59:42,WIN-011,cloudflare.com,AAAA
D005430,2026-05-13 05:48:54,WIN-036,cloudflare.com,CNAME
D005431,2026-05-29 04:41:50,WIN-004,amazonaws.com,AAAA
D005432,2026-02-28 18:13:57,WIN-031,github.com,A
D005433,2026-06-06 21:55:27,WIN-037,amazonaws.com,A
D005434,2026-03-05 06:21:55,WIN-010,amazonaws.com,AAAA
D005435,2026-04-03 15:35:13,WIN-030,office.com,AAAA
D005436,2026-03-07 19:03:44,WIN-012,github.com,A
D005437,2026-01-20 03:17:06,WIN-039,google.com,CNAME
D005438,2026-03-15 16:50:04,WIN-034,amazonaws.com,AAAA
D005439,2026-04-20 00:03:25,WIN-014,cloudflare.com,A
D005440,2026-02-27 01:48:29,WIN-028,office.com,CNAME
D005441,2026-03-26 01:09:10,WIN-010,internal.corp,A
D005442,2026-04-05 02:33:28,WIN-005,microsoft.com,A
D005443,2026-03-13 07:55:58,WIN-031,office.com,AAAA
D005444,2026-06-02 05:33:24,WIN-027,cloudflare.com,A
D005445,2026-06-11 06:21:10,WIN-038,github.com,AAAA
D005446,2026-04-13 07:53:05,WIN-018,internal.corp,CNAME
D005447,2026-05-26 08:54:21,WIN-028,github.com,A
D005448,2026-01-22 16:25:13,WIN-025,cloudflare.com,A
D005449,2026-06-15 06:10:01,WIN-039,github.com,AAAA
D005450,2026-06-30 06:07:39,WIN-031,amazonaws.com,A
D005451,2026-03-22 13:00:34,WIN-011,github.com,A
D005452,2026-03-30 23:49:44,WIN-031,office.com,CNAME
D005453,2026-03-17 13:31:38,WIN-030,github.com,A
D005454,2026-06-25 16:08:26,WIN-034,amazonaws.com,A
D005455,2026-02-12 21:16:53,WIN-025,google.com,CNAME
D005456,2026-04-24 16:07:59,WIN-010,google.com,CNAME
D005457,2026-05-22 15:04:44,WIN-003,microsoft.com,AAAA
D005458,2026-02-15 06:14:02,WIN-003,cloudflare.com,A
D005459,2026-06-17 13:44:18,WIN-013,office.com,CNAME
D005460,2026-06-13 01:17:25,WIN-031,amazonaws.com,AAAA
D005461,2026-02-19 01:28:20,WIN-005,amazonaws.com,A
D005462,2026-05-03 03:25:04,WIN-024,office.com,AAAA
D005463,2026-03-06 13:55:24,WIN-024,microsoft.com,AAAA
D005464,2026-03-25 13:21:35,WIN-029,internal.corp,CNAME
D005465,2026-04-08 11:40:58,WIN-022,office.com,AAAA
D005466,2026-05-03 19:03:00,WIN-003,github.com,CNAME
D005467,2026-06-12 20:07:37,WIN-026,cloudflare.com,A
D005468,2026-05-23 10:47:28,WIN-037,cloudflare.com,A
D005469,2026-05-23 20:37:33,WIN-029,github.com,A
D005470,2026-05-04 01:35:47,WIN-003,amazonaws.com,A
D005471,2026-01-09 21:45:11,WIN-012,microsoft.com,AAAA
D005472,2026-01-22 00:00:19,WIN-023,amazonaws.com,CNAME
D005473,2026-03-26 06:50:33,WIN-022,amazonaws.com,A
D005474,2026-03-12 13:12:46,WIN-015,cloudflare.com,A
D005475,2026-01-16 23:31:39,WIN-002,amazonaws.com,CNAME
D005476,2026-01-02 15:03:05,WIN-028,github.com,AAAA
D005477,2026-02-11 17:33:39,WIN-013,microsoft.com,A
D005478,2026-01-24 13:44:30,WIN-017,office.com,A
D005479,2026-05-27 18:24:43,WIN-023,microsoft.com,CNAME
D005480,2026-05-09 11:00:46,WIN-020,google.com,A
D005481,2026-02-23 03:06:16,WIN-032,cloudflare.com,A
D005482,2026-05-05 01:00:47,WIN-033,cloudflare.com,AAAA
D005483,2026-04-01 11:15:40,WIN-020,microsoft.com,AAAA
D005484,2026-05-26 19:46:30,WIN-024,google.com,A
D005485,2026-05-20 12:04:36,WIN-010,cloudflare.com,CNAME
D005486,2026-02-25 23:14:46,WIN-007,microsoft.com,CNAME
D005487,2026-03-11 15:40:35,WIN-001,office.com,A
D005488,2026-06-02 05:02:52,WIN-001,amazonaws.com,A
D005489,2026-04-01 03:24:25,WIN-016,amazonaws.com,A
D005490,2026-01-01 21:19:24,WIN-027,cloudflare.com,A
D005491,2026-05-09 22:17:07,WIN-037,cloudflare.com,CNAME
D005492,2026-04-02 04:27:12,WIN-024,cloudflare.com,CNAME
D005493,2026-03-28 08:02:22,WIN-034,cloudflare.com,CNAME
D005494,2026-06-18 07:02:23,WIN-029,office.com,AAAA
D005495,2026-03-22 19:45:27,WIN-012,microsoft.com,AAAA
D005496,2026-06-01 01:49:05,WIN-020,internal.corp,A
D005497,2026-02-26 15:51:57,WIN-011,office.com,AAAA
D005498,2026-05-07 06:39:05,WIN-020,github.com,CNAME
D005499,2026-03-12 21:18:32,WIN-006,amazonaws.com,A
D005500,2026-05-13 17:55:40,WIN-037,amazonaws.com,AAAA
D005501,2026-05-13 21:36:23,WIN-020,cloudflare.com,A
D005502,2026-03-09 21:03:28,WIN-031,office.com,CNAME
D005503,2026-02-13 23:27:05,WIN-006,github.com,A
D005504,2026-04-19 17:27:00,WIN-028,microsoft.com,AAAA
D005505,2026-03-01 18:50:40,WIN-021,cloudflare.com,AAAA
D005506,2026-01-14 09:12:42,WIN-032,microsoft.com,A
D005507,2026-01-22 08:51:15,WIN-003,office.com,A
D005508,2026-04-12 18:01:20,WIN-007,microsoft.com,CNAME
D005509,2026-04-17 03:18:13,WIN-019,github.com,A
D005510,2026-04-24 12:14:27,WIN-009,google.com,CNAME
D005511,2026-04-14 09:50:50,WIN-038,internal.corp,CNAME
D005512,2026-02-07 08:25:05,WIN-024,cloudflare.com,A
D005513,2026-05-11 16:03:54,WIN-008,github.com,AAAA
D005514,2026-05-18 18:28:47,WIN-012,cloudflare.com,AAAA
D005515,2026-02-03 21:43:32,WIN-037,internal.corp,A
D005516,2026-01-06 04:32:47,WIN-004,internal.corp,A
D005517,2026-06-04 21:48:03,WIN-019,office.com,A
D005518,2026-04-15 21:11:27,WIN-040,github.com,AAAA
D005519,2026-06-15 23:18:45,WIN-034,cloudflare.com,CNAME
D005520,2026-05-25 07:06:31,WIN-004,github.com,AAAA
D005521,2026-02-04 20:40:04,WIN-014,github.com,A
D005522,2026-02-25 06:17:24,WIN-011,amazonaws.com,CNAME
D005523,2026-04-03 01:42:28,WIN-002,github.com,AAAA
D005524,2026-02-18 12:51:22,WIN-017,office.com,AAAA
D005525,2026-02-24 21:21:40,WIN-029,github.com,CNAME
D005526,2026-04-20 13:09:54,WIN-009,google.com,CNAME
D005527,2026-01-17 19:58:34,WIN-014,github.com,A
D005528,2026-01-28 04:00:06,WIN-009,google.com,A
D005529,2026-01-19 10:25:36,WIN-010,microsoft.com,CNAME
D005530,2026-01-27 01:55:24,WIN-029,microsoft.com,AAAA
D005531,2026-06-22 16:59:17,WIN-026,github.com,A
D005532,2026-01-30 23:46:05,WIN-038,microsoft.com,A
D005533,2026-01-30 00:52:16,WIN-009,github.com,CNAME
D005534,2026-01-13 12:14:06,WIN-013,cloudflare.com,AAAA
D005535,2026-01-13 21:50:23,WIN-004,internal.corp,A
D005536,2026-06-20 13:44:32,WIN-007,github.com,AAAA
D005537,2026-05-29 19:16:37,WIN-007,google.com,A
D005538,2026-04-19 09:58:01,WIN-034,microsoft.com,AAAA
D005539,2026-02-02 06:13:09,WIN-006,cloudflare.com,A
D005540,2026-03-21 06:37:22,WIN-014,amazonaws.com,CNAME
D005541,2026-04-15 05:18:46,WIN-036,cloudflare.com,AAAA
D005542,2026-01-31 05:47:26,WIN-012,microsoft.com,AAAA
D005543,2026-02-23 21:49:52,WIN-033,internal.corp,AAAA
D005544,2026-01-13 08:07:01,WIN-013,internal.corp,A
D005545,2026-03-14 15:30:08,WIN-008,office.com,CNAME
D005546,2026-01-14 20:45:20,WIN-019,google.com,A
D005547,2026-06-29 03:12:27,WIN-003,github.com,A
D005548,2026-01-04 18:53:33,WIN-006,amazonaws.com,A
D005549,2026-01-20 13:02:53,WIN-004,office.com,AAAA
D005550,2026-05-19 00:22:30,WIN-034,amazonaws.com,AAAA
D005551,2026-01-01 02:10:02,WIN-017,office.com,AAAA
D005552,2026-06-24 05:03:39,WIN-034,github.com,AAAA
D005553,2026-01-01 17:03:41,WIN-001,github.com,CNAME
D005554,2026-02-06 10:23:48,WIN-002,amazonaws.com,AAAA
D005555,2026-04-17 15:02:29,WIN-026,microsoft.com,A
D005556,2026-02-15 07:32:28,WIN-003,cloudflare.com,CNAME
D005557,2026-03-19 23:08:09,WIN-002,cloudflare.com,AAAA
D005558,2026-03-02 19:12:54,WIN-033,office.com,AAAA
D005559,2026-04-25 17:24:20,WIN-038,internal.corp,CNAME
D005560,2026-05-19 17:42:58,WIN-007,amazonaws.com,CNAME
D005561,2026-02-16 20:46:34,WIN-004,office.com,A
D005562,2026-02-20 19:37:05,WIN-006,microsoft.com,CNAME
D005563,2026-06-27 10:48:19,WIN-023,google.com,A
D005564,2026-06-01 10:56:14,WIN-026,github.com,AAAA
D005565,2026-03-11 11:45:10,WIN-033,office.com,A
D005566,2026-05-23 16:46:51,WIN-003,office.com,CNAME
D005567,2026-01-27 15:07:02,WIN-025,cloudflare.com,CNAME
D005568,2026-05-11 09:57:17,WIN-037,internal.corp,A
D005569,2026-05-06 10:37:03,WIN-021,internal.corp,CNAME
D005570,2026-01-25 23:27:23,WIN-001,microsoft.com,CNAME
D005571,2026-01-24 09:21:11,WIN-015,microsoft.com,A
D005572,2026-04-02 12:22:10,WIN-033,cloudflare.com,CNAME
D005573,2026-01-29 15:19:53,WIN-017,internal.corp,A
D005574,2026-05-08 07:28:20,WIN-010,office.com,AAAA
D005575,2026-03-24 06:41:06,WIN-006,google.com,CNAME
D005576,2026-02-06 00:25:09,WIN-012,cloudflare.com,A
D005577,2026-04-10 21:16:46,WIN-012,cloudflare.com,CNAME
D005578,2026-04-30 20:24:18,WIN-028,office.com,AAAA
D005579,2026-06-22 00:55:32,WIN-005,amazonaws.com,A
D005580,2026-06-14 12:11:15,WIN-033,microsoft.com,AAAA
D005581,2026-04-25 18:26:40,WIN-010,microsoft.com,AAAA
D005582,2026-04-06 10:56:37,WIN-010,office.com,CNAME
D005583,2026-01-21 06:13:00,WIN-024,internal.corp,CNAME
D005584,2026-01-03 00:07:30,WIN-013,github.com,CNAME
D005585,2026-03-22 01:45:27,WIN-039,cloudflare.com,A
D005586,2026-02-18 22:24:10,WIN-020,amazonaws.com,AAAA
D005587,2026-05-14 15:31:34,WIN-036,office.com,AAAA
D005588,2026-06-25 08:45:02,WIN-036,github.com,A
D005589,2026-01-03 19:59:38,WIN-024,internal.corp,AAAA
D005590,2026-01-30 06:05:04,WIN-029,amazonaws.com,CNAME
D005591,2026-06-07 08:18:22,WIN-012,cloudflare.com,CNAME
D005592,2026-04-08 02:01:31,WIN-015,github.com,A
D005593,2026-03-31 23:18:59,WIN-012,internal.corp,AAAA
D005594,2026-02-23 09:42:24,WIN-031,internal.corp,CNAME
D005595,2026-06-30 19:37:55,WIN-012,microsoft.com,AAAA
D005596,2026-04-28 06:08:41,WIN-002,microsoft.com,A
D005597,2026-02-18 15:46:11,WIN-013,internal.corp,CNAME
D005598,2026-03-15 07:44:40,WIN-003,internal.corp,AAAA
D005599,2026-01-30 17:10:00,WIN-013,github.com,CNAME
D005600,2026-01-15 01:33:03,WIN-021,office.com,CNAME
D005601,2026-04-03 07:53:07,WIN-014,google.com,A
D005602,2026-02-23 13:10:06,WIN-033,office.com,CNAME
D005603,2026-03-27 21:33:36,WIN-020,google.com,CNAME
D005604,2026-03-19 08:28:25,WIN-021,amazonaws.com,CNAME
D005605,2026-01-17 07:55:56,WIN-010,amazonaws.com,CNAME
D005606,2026-06-02 22:05:45,WIN-013,internal.corp,CNAME
D005607,2026-01-16 20:36:55,WIN-018,office.com,CNAME
D005608,2026-05-02 06:20:55,WIN-014,office.com,CNAME
D005609,2026-02-26 07:58:18,WIN-007,github.com,CNAME
D005610,2026-05-16 02:25:02,WIN-027,microsoft.com,CNAME
D005611,2026-01-19 00:56:10,WIN-026,google.com,CNAME
D005612,2026-05-05 14:18:19,WIN-026,google.com,AAAA
D005613,2026-06-27 12:12:21,WIN-007,google.com,CNAME
D005614,2026-01-26 16:06:32,WIN-029,microsoft.com,A
D005615,2026-06-25 14:57:18,WIN-036,amazonaws.com,A
D005616,2026-02-19 17:25:18,WIN-021,office.com,CNAME
D005617,2026-04-15 09:21:44,WIN-015,github.com,CNAME
D005618,2026-06-28 01:34:08,WIN-035,cloudflare.com,AAAA
D005619,2026-01-29 09:55:14,WIN-029,cloudflare.com,A
D005620,2026-04-17 00:11:47,WIN-013,google.com,AAAA
D005621,2026-04-10 22:28:36,WIN-022,office.com,AAAA
D005622,2026-02-16 20:14:33,WIN-036,microsoft.com,A
D005623,2026-06-01 01:09:09,WIN-013,office.com,AAAA
D005624,2026-01-29 21:24:30,WIN-033,amazonaws.com,CNAME
D005625,2026-03-12 21:52:54,WIN-020,amazonaws.com,CNAME
D005626,2026-05-16 19:39:49,WIN-033,office.com,A
D005627,2026-06-06 16:07:16,WIN-002,google.com,CNAME
D005628,2026-01-30 13:24:25,WIN-040,office.com,AAAA
D005629,2026-03-23 06:39:47,WIN-019,microsoft.com,CNAME
D005630,2026-03-31 11:03:18,WIN-017,cloudflare.com,CNAME
D005631,2026-02-24 02:59:03,WIN-022,amazonaws.com,AAAA
D005632,2026-03-04 02:13:08,WIN-020,amazonaws.com,CNAME
D005633,2026-03-06 06:51:07,WIN-028,amazonaws.com,AAAA
D005634,2026-04-26 23:36:06,WIN-020,github.com,AAAA
D005635,2026-05-14 15:48:54,WIN-014,amazonaws.com,A
D005636,2026-01-22 00:26:41,WIN-013,amazonaws.com,A
D005637,2026-01-07 11:40:56,WIN-031,office.com,CNAME
D005638,2026-06-22 02:50:01,WIN-010,microsoft.com,A
D005639,2026-06-03 08:24:53,WIN-039,github.com,A
D005640,2026-03-17 10:49:56,WIN-005,amazonaws.com,CNAME
D005641,2026-06-01 04:31:10,WIN-025,github.com,CNAME
D005642,2026-01-04 11:17:15,WIN-029,github.com,AAAA
D005643,2026-02-24 17:47:05,WIN-012,google.com,CNAME
D005644,2026-02-21 15:32:13,WIN-033,office.com,AAAA
D005645,2026-02-21 16:46:05,WIN-028,microsoft.com,AAAA
D005646,2026-06-11 11:12:03,WIN-018,github.com,A
D005647,2026-05-21 21:32:30,WIN-036,internal.corp,AAAA
D005648,2026-06-05 10:22:46,WIN-014,google.com,A
D005649,2026-03-31 05:09:39,WIN-005,github.com,A
D005650,2026-02-17 13:19:40,WIN-036,github.com,A
D005651,2026-03-20 10:35:24,WIN-019,cloudflare.com,AAAA
D005652,2026-02-04 15:49:02,WIN-022,github.com,CNAME
D005653,2026-05-04 01:31:07,WIN-003,google.com,AAAA
D005654,2026-06-09 21:16:09,WIN-021,google.com,AAAA
D005655,2026-03-25 07:16:37,WIN-021,github.com,AAAA
D005656,2026-03-07 01:28:55,WIN-018,google.com,A
D005657,2026-02-27 22:26:48,WIN-020,google.com,A
D005658,2026-05-06 06:31:52,WIN-023,internal.corp,AAAA
D005659,2026-04-30 05:40:52,WIN-014,github.com,CNAME
D005660,2026-06-03 16:59:02,WIN-005,amazonaws.com,AAAA
D005661,2026-02-13 14:22:52,WIN-023,internal.corp,AAAA
D005662,2026-04-22 11:03:39,WIN-019,cloudflare.com,CNAME
D005663,2026-03-14 02:25:03,WIN-006,amazonaws.com,A
D005664,2026-05-19 20:44:36,WIN-031,github.com,CNAME
D005665,2026-02-19 16:06:38,WIN-001,google.com,AAAA
D005666,2026-02-08 04:20:09,WIN-020,internal.corp,AAAA
D005667,2026-03-29 15:29:10,WIN-003,google.com,CNAME
D005668,2026-06-01 01:31:01,WIN-025,office.com,CNAME
D005669,2026-04-26 04:13:37,WIN-027,github.com,CNAME
D005670,2026-02-27 22:45:43,WIN-029,amazonaws.com,AAAA
D005671,2026-04-22 00:58:17,WIN-003,amazonaws.com,CNAME
D005672,2026-04-10 17:31:21,WIN-009,google.com,AAAA
D005673,2026-05-16 05:01:12,WIN-010,internal.corp,CNAME
D005674,2026-06-05 09:19:35,WIN-032,github.com,A
D005675,2026-06-23 22:36:10,WIN-017,microsoft.com,A
D005676,2026-05-18 09:10:12,WIN-003,internal.corp,AAAA
D005677,2026-03-17 19:41:12,WIN-025,google.com,CNAME
D005678,2026-03-31 08:24:35,WIN-026,amazonaws.com,A
D005679,2026-01-20 23:02:50,WIN-008,github.com,CNAME
D005680,2026-03-19 06:53:14,WIN-027,microsoft.com,A
D005681,2026-06-06 19:54:04,WIN-011,amazonaws.com,CNAME
D005682,2026-06-03 04:27:12,WIN-020,cloudflare.com,CNAME
D005683,2026-05-16 21:20:03,WIN-016,amazonaws.com,CNAME
D005684,2026-02-19 10:53:10,WIN-030,cloudflare.com,AAAA
D005685,2026-04-04 01:23:11,WIN-024,cloudflare.com,CNAME
D005686,2026-01-09 02:36:22,WIN-039,amazonaws.com,CNAME
D005687,2026-01-22 16:21:20,WIN-017,google.com,CNAME
D005688,2026-05-16 02:34:46,WIN-037,amazonaws.com,AAAA
D005689,2026-03-13 17:42:01,WIN-021,amazonaws.com,A
D005690,2026-04-03 20:21:23,WIN-022,google.com,AAAA
D005691,2026-03-10 14:12:57,WIN-032,amazonaws.com,AAAA
D005692,2026-06-21 11:57:54,WIN-026,internal.corp,A
D005693,2026-02-02 00:30:16,WIN-028,google.com,AAAA
D005694,2026-02-21 05:26:01,WIN-011,cloudflare.com,AAAA
D005695,2026-06-30 04:05:05,WIN-009,microsoft.com,AAAA
D005696,2026-06-17 15:34:17,WIN-018,github.com,CNAME
D005697,2026-02-07 15:14:22,WIN-007,microsoft.com,AAAA
D005698,2026-02-23 12:04:39,WIN-012,office.com,AAAA
D005699,2026-05-28 23:30:47,WIN-005,github.com,AAAA
D005700,2026-03-16 15:36:19,WIN-038,github.com,CNAME
D005701,2026-05-21 00:00:45,WIN-005,amazonaws.com,A
D005702,2026-02-25 23:54:42,WIN-022,microsoft.com,A
D005703,2026-04-22 10:59:27,WIN-016,github.com,A
D005704,2026-03-11 18:07:56,WIN-004,office.com,A
D005705,2026-01-17 01:25:20,WIN-037,microsoft.com,CNAME
D005706,2026-04-30 05:22:21,WIN-039,microsoft.com,CNAME
D005707,2026-03-07 17:14:47,WIN-010,amazonaws.com,CNAME
D005708,2026-05-18 17:12:56,WIN-014,github.com,CNAME
D005709,2026-06-15 15:50:27,WIN-032,amazonaws.com,AAAA
D005710,2026-02-18 18:34:08,WIN-021,google.com,CNAME
D005711,2026-04-10 12:43:27,WIN-032,google.com,A
D005712,2026-01-26 09:35:45,WIN-025,internal.corp,AAAA
D005713,2026-02-22 16:54:10,WIN-032,google.com,A
D005714,2026-06-21 13:31:57,WIN-012,cloudflare.com,CNAME
D005715,2026-04-30 09:30:16,WIN-011,microsoft.com,A
D005716,2026-06-25 17:14:42,WIN-002,microsoft.com,CNAME
D005717,2026-06-09 16:59:52,WIN-001,office.com,CNAME
D005718,2026-04-03 05:04:33,WIN-015,google.com,CNAME
D005719,2026-04-14 04:30:46,WIN-024,cloudflare.com,AAAA
D005720,2026-06-17 20:23:28,WIN-015,office.com,AAAA
D005721,2026-03-25 05:31:45,WIN-032,cloudflare.com,AAAA
D005722,2026-03-23 15:52:54,WIN-014,internal.corp,A
D005723,2026-01-29 21:45:43,WIN-022,microsoft.com,AAAA
D005724,2026-04-04 18:44:59,WIN-016,amazonaws.com,A
D005725,2026-05-11 18:30:49,WIN-003,amazonaws.com,CNAME
D005726,2026-01-20 13:28:21,WIN-019,github.com,AAAA
D005727,2026-02-14 03:30:15,WIN-026,office.com,AAAA
D005728,2026-06-12 17:31:14,WIN-005,internal.corp,A
D005729,2026-01-24 21:30:45,WIN-008,google.com,AAAA
D005730,2026-03-16 20:43:02,WIN-031,amazonaws.com,A
D005731,2026-06-22 07:54:41,WIN-025,microsoft.com,A
D005732,2026-02-03 09:21:54,WIN-038,internal.corp,A
D005733,2026-06-07 23:32:01,WIN-014,internal.corp,AAAA
D005734,2026-05-14 08:26:02,WIN-014,github.com,AAAA
D005735,2026-06-21 16:55:56,WIN-004,office.com,AAAA
D005736,2026-06-15 19:47:29,WIN-017,microsoft.com,CNAME
D005737,2026-06-12 16:15:59,WIN-026,microsoft.com,AAAA
D005738,2026-01-08 16:57:57,WIN-016,google.com,CNAME
D005739,2026-04-15 07:39:12,WIN-031,office.com,A
D005740,2026-01-12 06:23:38,WIN-022,microsoft.com,AAAA
D005741,2026-05-08 19:55:02,WIN-012,internal.corp,CNAME
D005742,2026-02-24 14:03:51,WIN-011,internal.corp,A
D005743,2026-05-28 06:32:16,WIN-014,amazonaws.com,CNAME
D005744,2026-05-19 21:23:01,WIN-013,internal.corp,CNAME
D005745,2026-03-07 19:15:39,WIN-016,github.com,A
D005746,2026-04-21 13:30:46,WIN-005,internal.corp,AAAA
D005747,2026-01-01 04:24:08,WIN-034,cloudflare.com,AAAA
D005748,2026-06-30 14:33:24,WIN-018,github.com,A
D005749,2026-04-28 20:12:20,WIN-023,internal.corp,AAAA
D005750,2026-06-28 13:30:01,WIN-018,internal.corp,CNAME
D005751,2026-04-26 21:45:58,WIN-023,google.com,A
D005752,2026-06-30 17:29:09,WIN-011,cloudflare.com,CNAME
D005753,2026-03-08 11:21:19,WIN-023,office.com,CNAME
D005754,2026-02-21 12:13:53,WIN-004,office.com,A
D005755,2026-06-16 15:07:14,WIN-017,internal.corp,CNAME
D005756,2026-06-08 06:27:58,WIN-038,microsoft.com,A
D005757,2026-06-21 03:43:19,WIN-002,amazonaws.com,CNAME
D005758,2026-03-28 16:03:29,WIN-038,office.com,AAAA
D005759,2026-04-15 08:20:15,WIN-020,cloudflare.com,AAAA
D005760,2026-06-08 16:29:44,WIN-005,github.com,A
D005761,2026-01-25 09:21:42,WIN-009,office.com,A
D005762,2026-06-26 14:00:04,WIN-007,amazonaws.com,CNAME
D005763,2026-01-22 20:05:52,WIN-004,google.com,CNAME
D005764,2026-04-28 10:00:15,WIN-036,internal.corp,A
D005765,2026-01-11 17:08:11,WIN-022,cloudflare.com,CNAME
D005766,2026-01-09 02:42:26,WIN-003,github.com,AAAA
D005767,2026-05-06 20:42:31,WIN-010,cloudflare.com,AAAA
D005768,2026-03-12 12:24:37,WIN-019,office.com,AAAA
D005769,2026-04-09 05:49:18,WIN-024,office.com,A
D005770,2026-04-28 16:08:18,WIN-031,github.com,AAAA
D005771,2026-01-16 01:53:09,WIN-035,microsoft.com,CNAME
D005772,2026-04-12 22:19:34,WIN-007,internal.corp,AAAA
D005773,2026-04-07 08:27:28,WIN-039,office.com,CNAME
D005774,2026-04-04 09:54:49,WIN-032,microsoft.com,A
D005775,2026-04-06 12:10:58,WIN-006,microsoft.com,CNAME
D005776,2026-06-17 20:33:15,WIN-005,google.com,AAAA
D005777,2026-03-21 11:00:38,WIN-025,amazonaws.com,CNAME
D005778,2026-03-22 03:59:50,WIN-033,internal.corp,CNAME
D005779,2026-03-15 06:40:51,WIN-025,github.com,AAAA
D005780,2026-03-14 04:15:05,WIN-028,internal.corp,A
D005781,2026-03-26 14:57:25,WIN-037,amazonaws.com,CNAME
D005782,2026-04-05 15:08:59,WIN-030,microsoft.com,A
D005783,2026-01-29 10:41:10,WIN-019,internal.corp,CNAME
D005784,2026-01-14 18:15:02,WIN-032,google.com,AAAA
D005785,2026-04-16 15:24:23,WIN-033,microsoft.com,AAAA
D005786,2026-01-21 10:51:04,WIN-003,google.com,AAAA
D005787,2026-04-19 21:35:33,WIN-014,internal.corp,CNAME
D005788,2026-02-01 07:24:12,WIN-002,cloudflare.com,CNAME
D005789,2026-03-31 01:40:31,WIN-011,internal.corp,A
D005790,2026-04-18 18:03:19,WIN-027,office.com,A
D005791,2026-03-01 16:47:35,WIN-017,amazonaws.com,CNAME
D005792,2026-01-21 16:38:40,WIN-015,google.com,AAAA
D005793,2026-01-26 15:29:22,WIN-015,cloudflare.com,AAAA
D005794,2026-06-04 17:32:13,WIN-015,github.com,CNAME
D005795,2026-03-23 08:18:25,WIN-014,internal.corp,CNAME
D005796,2026-03-05 03:04:12,WIN-033,cloudflare.com,CNAME
D005797,2026-04-04 23:45:09,WIN-010,cloudflare.com,A
D005798,2026-05-29 02:52:36,WIN-019,cloudflare.com,CNAME
D005799,2026-01-07 05:41:13,WIN-031,google.com,A
D005800,2026-05-17 12:01:47,WIN-017,microsoft.com,CNAME
D005801,2026-04-02 20:42:53,WIN-026,github.com,AAAA
D005802,2026-04-04 13:15:59,WIN-038,internal.corp,AAAA
D005803,2026-01-03 18:13:32,WIN-039,microsoft.com,A
D005804,2026-01-08 01:44:17,WIN-021,internal.corp,A
D005805,2026-04-07 10:46:43,WIN-030,cloudflare.com,A
D005806,2026-03-15 18:53:58,WIN-011,internal.corp,AAAA
D005807,2026-05-09 23:38:29,WIN-024,internal.corp,A
D005808,2026-01-26 05:38:18,WIN-021,microsoft.com,A
D005809,2026-03-16 03:58:11,WIN-003,office.com,AAAA
D005810,2026-03-25 12:59:50,WIN-035,amazonaws.com,A
D005811,2026-01-08 13:35:08,WIN-029,cloudflare.com,A
D005812,2026-03-10 04:58:25,WIN-008,google.com,A
D005813,2026-02-03 03:24:35,WIN-040,microsoft.com,AAAA
D005814,2026-06-21 10:36:16,WIN-002,cloudflare.com,AAAA
D005815,2026-06-26 18:05:06,WIN-013,google.com,AAAA
D005816,2026-04-09 08:18:56,WIN-012,cloudflare.com,CNAME
D005817,2026-01-12 22:06:12,WIN-007,cloudflare.com,CNAME
D005818,2026-05-27 12:15:15,WIN-031,microsoft.com,AAAA
D005819,2026-04-24 10:23:12,WIN-004,github.com,A
D005820,2026-02-07 16:01:58,WIN-012,microsoft.com,AAAA
D005821,2026-03-18 00:36:40,WIN-040,internal.corp,A
D005822,2026-05-12 19:59:50,WIN-005,github.com,A
D005823,2026-06-22 04:26:14,WIN-004,office.com,CNAME
D005824,2026-03-16 02:03:31,WIN-034,github.com,A
D005825,2026-03-02 23:52:53,WIN-021,github.com,A
D005826,2026-03-05 07:01:34,WIN-038,internal.corp,AAAA
D005827,2026-03-09 23:07:47,WIN-025,google.com,AAAA
D005828,2026-04-14 04:23:39,WIN-040,github.com,A
D005829,2026-01-28 20:04:07,WIN-026,internal.corp,AAAA
D005830,2026-06-10 07:42:43,WIN-039,microsoft.com,A
D005831,2026-04-18 01:03:10,WIN-035,office.com,AAAA
D005832,2026-02-04 20:51:17,WIN-009,github.com,CNAME
D005833,2026-01-29 08:40:44,WIN-025,amazonaws.com,A
D005834,2026-05-18 19:05:35,WIN-019,office.com,AAAA
D005835,2026-06-23 18:01:31,WIN-028,cloudflare.com,A
D005836,2026-05-01 01:13:13,WIN-017,microsoft.com,A
D005837,2026-05-08 21:06:26,WIN-037,internal.corp,CNAME
D005838,2026-04-13 09:57:51,WIN-015,google.com,A
D005839,2026-01-02 06:36:33,WIN-010,internal.corp,A
D005840,2026-03-18 22:56:27,WIN-008,github.com,CNAME
D005841,2026-05-15 08:53:07,WIN-011,office.com,A
D005842,2026-03-10 12:06:11,WIN-015,github.com,AAAA
D005843,2026-01-22 11:08:30,WIN-003,amazonaws.com,AAAA
D005844,2026-03-12 01:47:58,WIN-024,cloudflare.com,AAAA
D005845,2026-02-16 11:04:10,WIN-026,microsoft.com,CNAME
D005846,2026-06-12 05:24:55,WIN-017,cloudflare.com,A
D005847,2026-03-07 13:25:55,WIN-029,amazonaws.com,A
D005848,2026-02-19 07:31:51,WIN-039,office.com,CNAME
D005849,2026-03-25 14:42:38,WIN-014,microsoft.com,AAAA
D005850,2026-05-27 08:02:21,WIN-017,google.com,AAAA
D005851,2026-05-27 10:58:19,WIN-006,github.com,AAAA
D005852,2026-04-18 16:09:27,WIN-031,amazonaws.com,AAAA
D005853,2026-04-01 00:20:36,WIN-039,cloudflare.com,AAAA
D005854,2026-02-13 15:20:48,WIN-033,office.com,AAAA
D005855,2026-04-06 10:03:40,WIN-009,github.com,A
D005856,2026-06-20 05:06:14,WIN-029,github.com,A
D005857,2026-01-01 06:27:24,WIN-025,amazonaws.com,AAAA
D005858,2026-01-09 06:57:40,WIN-022,microsoft.com,A
D005859,2026-01-10 00:36:31,WIN-018,cloudflare.com,CNAME
D005860,2026-05-05 22:06:05,WIN-016,cloudflare.com,CNAME
D005861,2026-04-07 08:20:10,WIN-017,internal.corp,AAAA
D005862,2026-06-28 18:47:21,WIN-022,amazonaws.com,CNAME
D005863,2026-06-29 05:33:41,WIN-025,microsoft.com,A
D005864,2026-05-30 20:46:36,WIN-005,internal.corp,AAAA
D005865,2026-06-14 10:54:43,WIN-007,google.com,A
D005866,2026-02-18 22:36:01,WIN-028,internal.corp,CNAME
D005867,2026-01-13 23:05:30,WIN-036,google.com,A
D005868,2026-03-10 03:14:05,WIN-030,google.com,AAAA
D005869,2026-06-25 13:54:12,WIN-029,microsoft.com,CNAME
D005870,2026-04-05 10:22:13,WIN-011,microsoft.com,A
D005871,2026-02-22 16:30:36,WIN-017,cloudflare.com,AAAA
D005872,2026-02-11 19:25:20,WIN-018,github.com,AAAA
D005873,2026-05-17 18:44:51,WIN-035,office.com,CNAME
D005874,2026-03-22 00:53:40,WIN-002,office.com,A
D005875,2026-06-14 12:51:55,WIN-002,amazonaws.com,CNAME
D005876,2026-05-12 02:04:41,WIN-026,amazonaws.com,CNAME
D005877,2026-03-02 12:13:34,WIN-016,microsoft.com,AAAA
D005878,2026-02-22 04:20:23,WIN-034,amazonaws.com,A
D005879,2026-04-04 02:11:00,WIN-035,cloudflare.com,CNAME
D005880,2026-05-18 11:10:46,WIN-005,github.com,AAAA
D005881,2026-02-16 17:39:40,WIN-025,google.com,CNAME
D005882,2026-06-16 13:32:39,WIN-026,office.com,AAAA
D005883,2026-05-28 04:16:50,WIN-019,microsoft.com,AAAA
D005884,2026-06-30 02:12:40,WIN-007,google.com,A
D005885,2026-05-24 20:02:27,WIN-038,microsoft.com,AAAA
D005886,2026-03-02 14:30:20,WIN-018,microsoft.com,A
D005887,2026-06-28 13:55:27,WIN-036,internal.corp,A
D005888,2026-06-09 12:00:47,WIN-029,microsoft.com,AAAA
D005889,2026-01-19 15:24:30,WIN-030,github.com,A
D005890,2026-06-05 19:09:43,WIN-004,github.com,A
D005891,2026-02-22 00:18:17,WIN-016,internal.corp,AAAA
D005892,2026-06-10 05:40:07,WIN-003,github.com,A
D005893,2026-02-09 12:16:26,WIN-025,microsoft.com,A
D005894,2026-06-12 19:30:08,WIN-011,internal.corp,A
D005895,2026-03-06 03:40:58,WIN-024,office.com,A
D005896,2026-06-16 08:33:46,WIN-012,amazonaws.com,AAAA
D005897,2026-06-09 08:42:34,WIN-027,office.com,AAAA
D005898,2026-01-24 04:32:37,WIN-036,amazonaws.com,A
D005899,2026-02-19 03:42:10,WIN-019,github.com,A
D005900,2026-03-26 02:48:23,WIN-014,internal.corp,A
D005901,2026-02-25 01:39:05,WIN-008,amazonaws.com,A
D005902,2026-04-11 10:10:51,WIN-028,office.com,AAAA
D005903,2026-04-25 14:44:43,WIN-030,cloudflare.com,CNAME
D005904,2026-04-24 08:55:50,WIN-004,github.com,AAAA
D005905,2026-05-25 02:33:06,WIN-020,office.com,A
D005906,2026-03-21 08:25:37,WIN-016,internal.corp,AAAA
D005907,2026-05-19 21:13:45,WIN-029,cloudflare.com,AAAA
D005908,2026-06-07 06:28:33,WIN-014,amazonaws.com,AAAA
D005909,2026-01-21 22:56:11,WIN-012,amazonaws.com,AAAA
D005910,2026-01-28 19:26:06,WIN-003,amazonaws.com,CNAME
D005911,2026-05-22 11:18:20,WIN-013,github.com,A
D005912,2026-03-26 06:10:39,WIN-039,google.com,A
D005913,2026-06-06 15:11:27,WIN-018,internal.corp,CNAME
D005914,2026-01-02 08:48:41,WIN-036,github.com,A
D005915,2026-04-08 08:12:47,WIN-031,github.com,AAAA
D005916,2026-01-14 01:52:49,WIN-008,microsoft.com,A
D005917,2026-05-31 01:59:54,WIN-040,github.com,AAAA
D005918,2026-02-28 09:46:37,WIN-004,amazonaws.com,AAAA
D005919,2026-06-17 10:33:52,WIN-024,microsoft.com,AAAA
D005920,2026-04-22 20:48:56,WIN-005,github.com,CNAME
D005921,2026-04-02 18:54:58,WIN-036,microsoft.com,A
D005922,2026-02-24 14:47:36,WIN-040,microsoft.com,A
D005923,2026-01-05 10:39:18,WIN-038,cloudflare.com,AAAA
D005924,2026-02-26 19:03:30,WIN-040,google.com,AAAA
D005925,2026-06-14 15:15:49,WIN-022,amazonaws.com,A
D005926,2026-03-27 07:22:06,WIN-011,cloudflare.com,AAAA
D005927,2026-01-07 18:36:56,WIN-027,office.com,AAAA
D005928,2026-02-19 02:24:57,WIN-005,office.com,A
D005929,2026-05-29 18:15:23,WIN-005,microsoft.com,CNAME
D005930,2026-04-13 23:27:35,WIN-034,cloudflare.com,CNAME
D005931,2026-01-29 23:09:55,WIN-025,google.com,A
D005932,2026-04-09 19:18:43,WIN-025,amazonaws.com,CNAME
D005933,2026-06-25 11:46:14,WIN-040,internal.corp,CNAME
D005934,2026-05-13 08:51:15,WIN-013,google.com,AAAA
D005935,2026-01-10 05:24:12,WIN-014,office.com,AAAA
D005936,2026-02-08 09:08:56,WIN-038,internal.corp,CNAME
D005937,2026-04-21 20:32:13,WIN-025,microsoft.com,A
D005938,2026-06-22 12:58:44,WIN-023,internal.corp,AAAA
D005939,2026-04-13 21:11:31,WIN-013,internal.corp,CNAME
D005940,2026-05-08 18:46:36,WIN-003,google.com,A
D005941,2026-04-13 02:36:53,WIN-020,internal.corp,A
D005942,2026-06-26 08:21:50,WIN-015,office.com,A
D005943,2026-01-31 10:40:04,WIN-028,google.com,CNAME
D005944,2026-03-06 06:41:32,WIN-040,github.com,A
D005945,2026-05-25 09:47:25,WIN-027,amazonaws.com,CNAME
D005946,2026-04-10 01:39:33,WIN-004,amazonaws.com,A
D005947,2026-03-29 05:14:51,WIN-012,microsoft.com,A
D005948,2026-02-22 00:25:41,WIN-039,google.com,A
D005949,2026-06-25 03:59:07,WIN-028,cloudflare.com,A
D005950,2026-04-29 19:04:39,WIN-002,microsoft.com,A
D005951,2026-06-14 18:51:49,WIN-040,amazonaws.com,AAAA
D005952,2026-04-14 21:58:05,WIN-030,cloudflare.com,A
D005953,2026-02-11 08:17:29,WIN-035,internal.corp,CNAME
D005954,2026-05-12 17:49:57,WIN-006,github.com,CNAME
D005955,2026-03-23 07:11:19,WIN-017,google.com,A
D005956,2026-01-02 20:08:29,WIN-031,cloudflare.com,A
D005957,2026-02-02 11:52:45,WIN-006,github.com,CNAME
D005958,2026-02-15 05:40:59,WIN-030,google.com,CNAME
D005959,2026-03-05 17:47:03,WIN-013,internal.corp,A
D005960,2026-03-07 06:17:07,WIN-012,amazonaws.com,CNAME
D005961,2026-06-28 12:41:37,WIN-020,cloudflare.com,AAAA
D005962,2026-01-03 08:27:57,WIN-026,amazonaws.com,AAAA
D005963,2026-05-16 12:26:04,WIN-005,github.com,AAAA
D005964,2026-03-18 19:44:22,WIN-008,google.com,AAAA
D005965,2026-01-19 22:09:13,WIN-001,cloudflare.com,A
D005966,2026-02-24 06:50:11,WIN-031,internal.corp,A
D005967,2026-04-10 14:14:58,WIN-001,cloudflare.com,CNAME
D005968,2026-04-25 10:40:33,WIN-039,microsoft.com,A
D005969,2026-01-12 04:59:29,WIN-030,google.com,AAAA
D005970,2026-05-23 16:31:20,WIN-005,cloudflare.com,A
D005971,2026-06-11 11:55:34,WIN-035,internal.corp,AAAA
D005972,2026-04-27 07:28:56,WIN-016,office.com,A
D005973,2026-03-30 19:33:45,WIN-028,google.com,CNAME
D005974,2026-02-06 16:41:51,WIN-016,google.com,AAAA
D005975,2026-05-24 16:51:15,WIN-036,google.com,CNAME
D005976,2026-06-04 01:35:11,WIN-018,google.com,CNAME
D005977,2026-01-14 13:41:25,WIN-034,microsoft.com,AAAA
D005978,2026-01-11 09:12:56,WIN-017,github.com,CNAME
D005979,2026-05-12 04:55:02,WIN-033,internal.corp,CNAME
D005980,2026-05-29 03:50:06,WIN-010,internal.corp,AAAA
D005981,2026-05-21 21:03:42,WIN-039,github.com,CNAME
D005982,2026-03-18 06:23:08,WIN-017,internal.corp,A
D005983,2026-03-09 20:12:28,WIN-012,github.com,AAAA
D005984,2026-05-23 16:31:20,WIN-040,amazonaws.com,CNAME
D005985,2026-04-10 01:50:00,WIN-018,microsoft.com,A
D005986,2026-03-27 00:43:07,WIN-020,microsoft.com,AAAA
D005987,2026-05-04 16:24:28,WIN-015,google.com,CNAME
D005988,2026-04-01 12:34:57,WIN-030,microsoft.com,A
D005989,2026-01-13 06:13:29,WIN-004,github.com,A
D005990,2026-06-06 20:15:48,WIN-016,google.com,A
D005991,2026-03-03 11:53:40,WIN-030,google.com,AAAA
D005992,2026-02-11 23:53:46,WIN-037,google.com,AAAA
D005993,2026-06-08 21:08:58,WIN-039,github.com,A
D005994,2026-04-05 20:08:30,WIN-002,office.com,AAAA
D005995,2026-04-28 05:07:20,WIN-025,amazonaws.com,AAAA
D005996,2026-01-16 05:38:08,WIN-022,microsoft.com,AAAA
D005997,2026-04-27 10:46:31,WIN-022,amazonaws.com,AAAA
D005998,2026-01-24 21:32:24,WIN-002,github.com,AAAA
D005999,2026-06-16 12:06:31,WIN-014,github.com,A
D006000,2026-01-11 00:42:56,WIN-025,github.com,AAAA
D006001,2026-02-27 16:46:59,WIN-015,office.com,AAAA
D006002,2026-04-02 08:41:58,WIN-031,office.com,A
D006003,2026-01-01 14:53:20,WIN-025,microsoft.com,AAAA
D006004,2026-06-09 13:54:41,WIN-002,amazonaws.com,A
D006005,2026-05-31 05:30:39,WIN-036,google.com,CNAME
D006006,2026-05-14 23:18:32,WIN-039,github.com,AAAA
D006007,2026-01-21 13:42:38,WIN-024,microsoft.com,CNAME
D006008,2026-02-16 13:47:54,WIN-022,microsoft.com,CNAME
D006009,2026-04-18 01:45:30,WIN-040,office.com,A
D006010,2026-02-06 06:56:09,WIN-030,amazonaws.com,CNAME
D006011,2026-03-11 23:58:47,WIN-027,github.com,AAAA
D006012,2026-06-22 08:12:12,WIN-029,github.com,A
D006013,2026-05-24 18:51:39,WIN-023,cloudflare.com,CNAME
D006014,2026-02-25 17:12:37,WIN-035,microsoft.com,A
D006015,2026-05-17 05:26:32,WIN-035,microsoft.com,CNAME
D006016,2026-02-22 12:48:49,WIN-008,office.com,CNAME
D006017,2026-06-30 07:20:10,WIN-015,github.com,AAAA
D006018,2026-04-02 10:02:10,WIN-017,github.com,AAAA
D006019,2026-05-12 02:06:39,WIN-010,amazonaws.com,A
D006020,2026-05-21 02:29:06,WIN-028,cloudflare.com,A
D006021,2026-02-06 01:07:21,WIN-032,microsoft.com,AAAA
D006022,2026-05-21 07:00:04,WIN-029,amazonaws.com,AAAA
D006023,2026-05-30 03:51:09,WIN-011,cloudflare.com,AAAA
D006024,2026-04-24 02:33:12,WIN-025,github.com,A
D006025,2026-02-11 01:15:18,WIN-018,office.com,AAAA
D006026,2026-03-05 11:42:28,WIN-006,internal.corp,CNAME
D006027,2026-03-09 20:37:21,WIN-007,internal.corp,CNAME
D006028,2026-06-25 00:12:40,WIN-028,cloudflare.com,CNAME
D006029,2026-05-03 22:12:53,WIN-001,office.com,A
D006030,2026-04-09 00:13:40,WIN-001,amazonaws.com,A
D006031,2026-06-10 10:19:09,WIN-036,github.com,A
D006032,2026-01-30 09:44:26,WIN-038,github.com,CNAME
D006033,2026-02-03 02:51:35,WIN-002,cloudflare.com,CNAME
D006034,2026-06-27 05:05:23,WIN-039,internal.corp,CNAME
D006035,2026-06-10 22:20:13,WIN-026,cloudflare.com,CNAME
D006036,2026-05-25 10:27:00,WIN-029,github.com,A
D006037,2026-03-27 14:06:42,WIN-002,internal.corp,CNAME
D006038,2026-04-07 19:42:15,WIN-004,microsoft.com,AAAA
D006039,2026-02-27 01:01:07,WIN-025,github.com,A
D006040,2026-03-01 11:52:49,WIN-005,cloudflare.com,A
D006041,2026-02-26 23:12:43,WIN-019,github.com,AAAA
D006042,2026-06-06 06:03:06,WIN-036,internal.corp,A
D006043,2026-04-16 09:50:14,WIN-011,internal.corp,CNAME
D006044,2026-05-22 09:39:12,WIN-003,internal.corp,CNAME
D006045,2026-05-20 16:12:52,WIN-017,office.com,CNAME
D006046,2026-02-12 17:59:51,WIN-018,microsoft.com,A
D006047,2026-05-02 09:04:47,WIN-014,internal.corp,AAAA
D006048,2026-02-17 12:17:22,WIN-040,google.com,A
D006049,2026-01-23 15:19:57,WIN-003,microsoft.com,CNAME
D006050,2026-01-04 17:53:35,WIN-019,internal.corp,AAAA
D006051,2026-01-31 03:23:39,WIN-030,google.com,AAAA
D006052,2026-01-31 12:05:46,WIN-010,amazonaws.com,AAAA
D006053,2026-06-13 07:38:00,WIN-009,internal.corp,AAAA
D006054,2026-05-27 21:53:12,WIN-038,google.com,AAAA
D006055,2026-06-01 21:25:24,WIN-037,microsoft.com,CNAME
D006056,2026-04-14 17:56:43,WIN-040,github.com,AAAA
D006057,2026-06-14 11:37:10,WIN-036,cloudflare.com,AAAA
D006058,2026-01-26 17:14:18,WIN-037,internal.corp,CNAME
D006059,2026-05-03 21:45:25,WIN-005,github.com,CNAME
D006060,2026-02-22 14:41:55,WIN-023,google.com,CNAME
D006061,2026-03-06 03:51:31,WIN-012,google.com,AAAA
D006062,2026-03-30 13:46:23,WIN-002,cloudflare.com,AAAA
D006063,2026-04-17 03:38:40,WIN-006,internal.corp,CNAME
D006064,2026-04-30 11:34:30,WIN-003,github.com,A
D006065,2026-03-28 07:56:11,WIN-026,amazonaws.com,AAAA
D006066,2026-04-10 02:20:14,WIN-029,office.com,CNAME
D006067,2026-04-15 12:19:45,WIN-033,amazonaws.com,A
D006068,2026-04-26 19:29:54,WIN-037,github.com,AAAA
D006069,2026-04-20 11:02:33,WIN-033,github.com,CNAME
D006070,2026-05-25 20:35:43,WIN-005,github.com,AAAA
D006071,2026-02-20 13:29:00,WIN-012,github.com,A
D006072,2026-04-03 16:43:47,WIN-038,github.com,A
D006073,2026-06-16 01:00:17,WIN-005,office.com,AAAA
D006074,2026-01-22 07:47:13,WIN-038,office.com,CNAME
D006075,2026-01-13 22:59:37,WIN-024,google.com,CNAME
D006076,2026-06-29 12:19:01,WIN-007,microsoft.com,AAAA
D006077,2026-03-22 23:10:01,WIN-009,google.com,CNAME
D006078,2026-04-21 18:47:48,WIN-011,github.com,CNAME
D006079,2026-04-10 06:38:32,WIN-006,internal.corp,CNAME
D006080,2026-04-20 04:39:28,WIN-037,microsoft.com,CNAME
D006081,2026-04-21 07:26:38,WIN-008,office.com,A
D006082,2026-05-14 09:11:52,WIN-036,google.com,CNAME
D006083,2026-01-21 05:50:30,WIN-002,microsoft.com,CNAME
D006084,2026-01-27 10:20:05,WIN-032,amazonaws.com,AAAA
D006085,2026-05-03 11:35:09,WIN-029,google.com,AAAA
D006086,2026-04-05 19:33:11,WIN-029,microsoft.com,AAAA
D006087,2026-06-13 03:47:12,WIN-019,microsoft.com,AAAA
D006088,2026-05-11 11:13:00,WIN-030,microsoft.com,AAAA
D006089,2026-03-27 07:42:16,WIN-038,cloudflare.com,AAAA
D006090,2026-03-22 13:26:02,WIN-040,internal.corp,CNAME
D006091,2026-04-23 12:03:24,WIN-024,internal.corp,AAAA
D006092,2026-04-20 12:07:50,WIN-032,google.com,A
D006093,2026-06-09 05:51:36,WIN-032,microsoft.com,A
D006094,2026-05-25 23:44:35,WIN-020,google.com,CNAME
D006095,2026-01-02 18:05:41,WIN-035,github.com,AAAA
D006096,2026-04-28 00:29:01,WIN-007,internal.corp,CNAME
D006097,2026-03-05 07:40:55,WIN-031,google.com,CNAME
D006098,2026-05-19 12:36:11,WIN-036,google.com,CNAME
D006099,2026-03-22 03:21:32,WIN-024,google.com,A
D006100,2026-01-09 05:23:34,WIN-027,github.com,AAAA
D006101,2026-01-23 23:15:24,WIN-006,office.com,CNAME
D006102,2026-04-09 01:31:39,WIN-036,google.com,A
D006103,2026-02-03 00:41:02,WIN-005,office.com,AAAA
D006104,2026-06-09 22:36:00,WIN-021,cloudflare.com,CNAME
D006105,2026-03-29 23:56:43,WIN-021,amazonaws.com,AAAA
D006106,2026-03-27 15:29:46,WIN-013,amazonaws.com,AAAA
D006107,2026-06-28 23:19:37,WIN-004,amazonaws.com,CNAME
D006108,2026-01-25 11:18:48,WIN-028,microsoft.com,CNAME
D006109,2026-02-01 15:45:01,WIN-023,office.com,A
D006110,2026-01-13 00:44:56,WIN-022,amazonaws.com,AAAA
D006111,2026-04-25 21:52:07,WIN-003,microsoft.com,CNAME
D006112,2026-01-16 06:05:43,WIN-034,microsoft.com,AAAA
D006113,2026-01-21 00:47:29,WIN-038,cloudflare.com,A
D006114,2026-03-03 03:24:55,WIN-005,github.com,A
D006115,2026-03-27 02:32:54,WIN-012,google.com,A
D006116,2026-06-09 06:54:14,WIN-032,google.com,CNAME
D006117,2026-05-07 23:34:41,WIN-028,office.com,A
D006118,2026-01-18 01:36:04,WIN-034,office.com,A
D006119,2026-03-30 16:45:45,WIN-037,amazonaws.com,CNAME
D006120,2026-01-12 15:20:12,WIN-029,amazonaws.com,A
D006121,2026-05-26 11:46:55,WIN-002,cloudflare.com,A
D006122,2026-03-27 02:00:42,WIN-007,github.com,AAAA
D006123,2026-05-24 12:15:11,WIN-019,office.com,AAAA
D006124,2026-01-08 15:16:18,WIN-028,google.com,A
D006125,2026-05-04 03:20:01,WIN-040,amazonaws.com,CNAME
D006126,2026-01-28 07:47:56,WIN-025,github.com,A
D006127,2026-02-28 14:55:01,WIN-008,microsoft.com,AAAA
D006128,2026-05-05 20:31:25,WIN-008,amazonaws.com,CNAME
D006129,2026-01-18 18:31:14,WIN-032,cloudflare.com,AAAA
D006130,2026-06-16 08:01:48,WIN-031,microsoft.com,A
D006131,2026-01-05 09:47:48,WIN-032,internal.corp,CNAME
D006132,2026-06-01 16:03:39,WIN-007,office.com,AAAA
D006133,2026-01-27 19:32:55,WIN-040,google.com,AAAA
D006134,2026-03-15 12:15:38,WIN-031,office.com,CNAME
D006135,2026-05-15 09:06:50,WIN-036,github.com,AAAA
D006136,2026-06-06 17:19:33,WIN-029,microsoft.com,CNAME
D006137,2026-06-13 10:04:31,WIN-018,cloudflare.com,A
D006138,2026-06-29 06:22:33,WIN-036,office.com,A
D006139,2026-04-12 10:53:39,WIN-006,microsoft.com,CNAME
D006140,2026-02-17 05:36:07,WIN-002,cloudflare.com,CNAME
D006141,2026-01-10 05:17:26,WIN-026,internal.corp,CNAME
D006142,2026-04-11 19:09:28,WIN-037,internal.corp,CNAME
D006143,2026-04-12 20:03:46,WIN-036,internal.corp,A
D006144,2026-04-15 22:45:43,WIN-019,office.com,A
D006145,2026-06-19 13:54:40,WIN-022,amazonaws.com,AAAA
D006146,2026-06-17 18:28:21,WIN-003,github.com,CNAME
D006147,2026-01-16 22:01:43,WIN-013,microsoft.com,AAAA
D006148,2026-01-08 05:01:21,WIN-039,internal.corp,AAAA
D006149,2026-06-30 09:05:58,WIN-038,office.com,CNAME
D006150,2026-04-13 07:11:19,WIN-027,amazonaws.com,A
D006151,2026-06-05 03:30:57,WIN-031,office.com,AAAA
D006152,2026-02-04 03:50:54,WIN-027,internal.corp,A
D006153,2026-05-08 14:59:20,WIN-022,internal.corp,A
D006154,2026-05-03 09:00:38,WIN-002,microsoft.com,CNAME
D006155,2026-06-28 09:11:20,WIN-022,internal.corp,AAAA
D006156,2026-06-10 13:03:29,WIN-034,google.com,AAAA
D006157,2026-03-05 00:15:05,WIN-033,google.com,A
D006158,2026-06-17 14:19:18,WIN-023,internal.corp,CNAME
D006159,2026-03-29 10:28:32,WIN-031,google.com,CNAME
D006160,2026-06-16 13:55:29,WIN-028,office.com,AAAA
D006161,2026-05-19 15:48:39,WIN-009,amazonaws.com,AAAA
D006162,2026-05-19 12:34:26,WIN-010,office.com,AAAA
D006163,2026-01-19 22:10:55,WIN-005,office.com,AAAA
D006164,2026-04-14 07:03:24,WIN-011,office.com,A
D006165,2026-01-09 11:38:35,WIN-034,github.com,AAAA
D006166,2026-06-10 08:38:02,WIN-019,github.com,AAAA
D006167,2026-01-26 09:51:18,WIN-035,google.com,AAAA
D006168,2026-05-25 12:43:02,WIN-006,cloudflare.com,CNAME
D006169,2026-06-28 21:37:05,WIN-016,cloudflare.com,CNAME
D006170,2026-05-26 08:10:23,WIN-001,amazonaws.com,A
D006171,2026-04-24 05:54:03,WIN-015,cloudflare.com,CNAME
D006172,2026-04-24 14:41:56,WIN-036,amazonaws.com,AAAA
D006173,2026-02-01 23:16:50,WIN-014,google.com,AAAA
D006174,2026-03-17 02:36:52,WIN-010,microsoft.com,AAAA
D006175,2026-02-13 11:59:03,WIN-035,github.com,AAAA
D006176,2026-03-16 14:51:48,WIN-029,microsoft.com,CNAME
D006177,2026-01-06 05:57:31,WIN-009,internal.corp,A
D006178,2026-03-28 13:04:45,WIN-010,google.com,CNAME
D006179,2026-01-28 14:29:16,WIN-005,cloudflare.com,A
D006180,2026-03-15 18:27:32,WIN-030,internal.corp,AAAA
D006181,2026-06-11 19:27:12,WIN-022,cloudflare.com,AAAA
D006182,2026-03-08 01:52:20,WIN-020,microsoft.com,AAAA
D006183,2026-01-27 14:49:40,WIN-039,google.com,AAAA
D006184,2026-06-14 08:15:11,WIN-004,cloudflare.com,CNAME
D006185,2026-06-30 05:04:54,WIN-025,microsoft.com,CNAME
D006186,2026-05-11 15:10:06,WIN-006,github.com,AAAA
D006187,2026-04-04 08:35:56,WIN-011,github.com,A
D006188,2026-01-17 08:36:26,WIN-020,cloudflare.com,AAAA
D006189,2026-06-08 14:02:27,WIN-001,github.com,CNAME
D006190,2026-04-21 17:41:34,WIN-030,office.com,AAAA
D006191,2026-05-22 03:34:30,WIN-022,google.com,A
D006192,2026-05-17 15:29:02,WIN-039,cloudflare.com,CNAME
D006193,2026-04-09 19:41:19,WIN-009,cloudflare.com,CNAME
D006194,2026-03-06 16:39:20,WIN-033,internal.corp,A
D006195,2026-05-21 21:49:45,WIN-002,google.com,CNAME
D006196,2026-05-03 08:11:47,WIN-035,office.com,CNAME
D006197,2026-03-20 05:54:33,WIN-017,google.com,CNAME
D006198,2026-03-30 17:16:44,WIN-028,internal.corp,A
D006199,2026-03-21 22:48:48,WIN-012,amazonaws.com,A
D006200,2026-05-18 07:25:09,WIN-016,cloudflare.com,AAAA
D006201,2026-01-28 15:59:09,WIN-024,microsoft.com,CNAME
D006202,2026-01-22 11:46:07,WIN-028,google.com,AAAA
D006203,2026-04-09 03:43:48,WIN-020,amazonaws.com,CNAME
D006204,2026-01-12 22:05:48,WIN-020,cloudflare.com,CNAME
D006205,2026-03-31 22:52:09,WIN-015,microsoft.com,A
D006206,2026-01-04 23:51:25,WIN-032,google.com,A
D006207,2026-04-18 22:08:46,WIN-034,office.com,CNAME
D006208,2026-01-07 03:14:36,WIN-005,office.com,A
D006209,2026-06-28 18:28:05,WIN-001,internal.corp,A
D006210,2026-05-28 19:09:15,WIN-017,github.com,AAAA
D006211,2026-01-10 10:46:05,WIN-025,google.com,CNAME
D006212,2026-04-13 08:56:10,WIN-018,office.com,CNAME
D006213,2026-05-22 10:43:07,WIN-025,office.com,AAAA
D006214,2026-03-07 14:37:17,WIN-010,github.com,AAAA
D006215,2026-01-25 22:27:39,WIN-023,google.com,CNAME
D006216,2026-01-10 08:30:14,WIN-001,internal.corp,A
D006217,2026-06-17 21:28:17,WIN-036,internal.corp,AAAA
D006218,2026-02-19 01:35:18,WIN-038,internal.corp,CNAME
D006219,2026-05-23 15:54:10,WIN-036,cloudflare.com,CNAME
D006220,2026-01-22 10:33:43,WIN-003,microsoft.com,AAAA
D006221,2026-04-15 18:12:29,WIN-037,office.com,AAAA
D006222,2026-01-30 09:05:53,WIN-012,github.com,A
D006223,2026-01-20 01:40:38,WIN-033,office.com,A
D006224,2026-05-13 23:31:06,WIN-034,cloudflare.com,AAAA
D006225,2026-06-20 07:45:09,WIN-003,internal.corp,A
D006226,2026-02-25 00:24:16,WIN-009,amazonaws.com,A
D006227,2026-02-23 16:24:06,WIN-029,github.com,CNAME
D006228,2026-06-01 04:53:11,WIN-015,github.com,CNAME
D006229,2026-02-08 06:04:19,WIN-014,internal.corp,A
D006230,2026-01-16 23:38:06,WIN-004,github.com,CNAME
D006231,2026-01-08 09:04:25,WIN-030,github.com,AAAA
D006232,2026-03-07 07:53:18,WIN-038,internal.corp,AAAA
D006233,2026-06-19 06:04:29,WIN-003,github.com,A
D006234,2026-06-23 14:18:02,WIN-018,office.com,A
D006235,2026-05-16 00:11:29,WIN-025,google.com,CNAME
D006236,2026-04-01 10:20:24,WIN-005,amazonaws.com,AAAA
D006237,2026-05-04 09:12:56,WIN-016,google.com,A
D006238,2026-04-15 15:42:16,WIN-007,amazonaws.com,A
D006239,2026-03-04 15:57:40,WIN-013,google.com,A
D006240,2026-03-02 21:22:34,WIN-002,microsoft.com,CNAME
D006241,2026-03-10 06:58:53,WIN-035,cloudflare.com,CNAME
D006242,2026-01-06 04:38:20,WIN-027,office.com,AAAA
D006243,2026-01-02 06:13:29,WIN-029,github.com,AAAA
D006244,2026-04-19 02:26:22,WIN-021,google.com,A
D006245,2026-02-28 03:34:58,WIN-004,office.com,AAAA
D006246,2026-04-12 18:15:16,WIN-003,internal.corp,AAAA
D006247,2026-06-22 02:36:30,WIN-022,microsoft.com,A
D006248,2026-03-24 15:09:43,WIN-034,internal.corp,CNAME
D006249,2026-02-24 07:04:50,WIN-034,amazonaws.com,AAAA
D006250,2026-03-21 08:22:47,WIN-030,google.com,AAAA
D006251,2026-04-03 10:54:18,WIN-001,github.com,A
D006252,2026-04-20 18:58:54,WIN-007,google.com,A
D006253,2026-03-26 21:26:19,WIN-017,office.com,AAAA
D006254,2026-02-01 19:24:40,WIN-018,cloudflare.com,CNAME
D006255,2026-03-27 03:28:42,WIN-001,github.com,CNAME
D006256,2026-01-11 01:19:21,WIN-034,microsoft.com,AAAA
D006257,2026-06-26 01:23:52,WIN-033,cloudflare.com,A
D006258,2026-02-21 02:30:55,WIN-010,microsoft.com,AAAA
D006259,2026-01-07 07:21:17,WIN-014,google.com,CNAME
D006260,2026-05-31 03:02:45,WIN-025,office.com,A
D006261,2026-02-06 16:53:56,WIN-040,cloudflare.com,AAAA
D006262,2026-06-06 22:28:25,WIN-004,office.com,AAAA
D006263,2026-04-20 07:48:20,WIN-005,github.com,A
D006264,2026-02-01 04:30:21,WIN-036,internal.corp,AAAA
D006265,2026-02-13 02:35:23,WIN-023,google.com,CNAME
D006266,2026-05-01 00:59:01,WIN-009,cloudflare.com,AAAA
D006267,2026-06-11 10:34:30,WIN-010,github.com,A
D006268,2026-05-08 19:57:47,WIN-021,amazonaws.com,A
D006269,2026-05-06 15:20:37,WIN-039,office.com,CNAME
D006270,2026-04-03 11:55:04,WIN-024,amazonaws.com,CNAME
D006271,2026-06-04 03:36:31,WIN-034,microsoft.com,CNAME
D006272,2026-02-15 09:27:00,WIN-040,google.com,AAAA
D006273,2026-01-05 09:17:41,WIN-029,microsoft.com,CNAME
D006274,2026-04-08 20:03:55,WIN-038,amazonaws.com,AAAA
D006275,2026-01-04 18:34:48,WIN-013,microsoft.com,AAAA
D006276,2026-04-18 15:14:05,WIN-002,microsoft.com,A
D006277,2026-02-10 01:08:36,WIN-032,google.com,AAAA
D006278,2026-01-08 14:46:21,WIN-032,google.com,A
D006279,2026-06-25 08:48:54,WIN-020,internal.corp,A
D006280,2026-06-16 05:23:37,WIN-027,google.com,CNAME
D006281,2026-04-18 03:56:41,WIN-023,cloudflare.com,AAAA
D006282,2026-02-21 04:41:19,WIN-007,google.com,AAAA
D006283,2026-05-30 17:50:00,WIN-032,google.com,AAAA
D006284,2026-04-15 15:49:44,WIN-002,github.com,CNAME
D006285,2026-06-21 07:03:38,WIN-024,github.com,CNAME
D006286,2026-02-09 06:25:58,WIN-034,google.com,A
D006287,2026-06-05 14:31:58,WIN-019,internal.corp,A
D006288,2026-02-28 05:03:36,WIN-032,google.com,CNAME
D006289,2026-02-21 13:48:40,WIN-005,microsoft.com,A
D006290,2026-03-07 23:45:30,WIN-005,amazonaws.com,CNAME
D006291,2026-03-04 21:26:09,WIN-022,github.com,CNAME
D006292,2026-02-26 20:53:37,WIN-040,microsoft.com,AAAA
D006293,2026-06-14 02:26:54,WIN-011,amazonaws.com,A
D006294,2026-05-29 14:40:35,WIN-016,office.com,A
D006295,2026-04-28 23:46:21,WIN-017,office.com,CNAME
D006296,2026-05-10 09:36:22,WIN-036,microsoft.com,A
D006297,2026-05-14 11:50:36,WIN-028,github.com,A
D006298,2026-03-03 03:22:52,WIN-020,internal.corp,CNAME
D006299,2026-04-18 19:43:00,WIN-007,microsoft.com,CNAME
D006300,2026-04-21 15:01:34,WIN-010,internal.corp,CNAME
D006301,2026-04-17 05:53:38,WIN-010,amazonaws.com,A
D006302,2026-01-25 12:35:11,WIN-007,google.com,CNAME
D006303,2026-01-28 02:40:59,WIN-026,google.com,A
D006304,2026-02-11 14:18:20,WIN-027,internal.corp,AAAA
D006305,2026-02-21 17:20:02,WIN-024,github.com,CNAME
D006306,2026-01-04 10:26:16,WIN-020,microsoft.com,CNAME
D006307,2026-02-06 11:27:12,WIN-031,microsoft.com,CNAME
D006308,2026-05-29 02:29:00,WIN-020,cloudflare.com,CNAME
D006309,2026-04-03 14:23:40,WIN-020,cloudflare.com,AAAA
D006310,2026-01-07 21:18:07,WIN-036,cloudflare.com,A
D006311,2026-01-13 02:57:44,WIN-010,cloudflare.com,AAAA
D006312,2026-01-19 20:36:05,WIN-013,github.com,A
D006313,2026-02-12 13:12:30,WIN-002,office.com,AAAA
D006314,2026-04-06 11:59:50,WIN-025,google.com,A
D006315,2026-01-02 05:36:20,WIN-036,google.com,AAAA
D006316,2026-04-11 21:40:16,WIN-026,amazonaws.com,AAAA
D006317,2026-01-24 12:13:00,WIN-040,internal.corp,CNAME
D006318,2026-02-18 07:35:50,WIN-030,microsoft.com,CNAME
D006319,2026-05-14 07:19:24,WIN-018,cloudflare.com,A
D006320,2026-05-01 14:55:06,WIN-014,internal.corp,A
D006321,2026-03-05 08:00:53,WIN-012,github.com,CNAME
D006322,2026-01-23 09:21:37,WIN-022,office.com,A
D006323,2026-02-26 12:51:10,WIN-021,microsoft.com,A
D006324,2026-01-03 13:19:27,WIN-036,github.com,CNAME
D006325,2026-02-02 18:57:49,WIN-001,microsoft.com,AAAA
D006326,2026-02-01 03:04:39,WIN-033,github.com,CNAME
D006327,2026-04-18 04:29:30,WIN-035,amazonaws.com,AAAA
D006328,2026-04-12 08:54:22,WIN-035,amazonaws.com,AAAA
D006329,2026-01-10 11:37:12,WIN-001,office.com,AAAA
D006330,2026-04-05 00:47:14,WIN-018,internal.corp,CNAME
D006331,2026-02-09 12:49:38,WIN-017,office.com,CNAME
D006332,2026-02-03 10:30:33,WIN-029,amazonaws.com,A
D006333,2026-06-03 19:16:05,WIN-010,internal.corp,A
D006334,2026-06-12 09:14:15,WIN-031,github.com,CNAME
D006335,2026-06-05 09:29:53,WIN-002,office.com,A
D006336,2026-04-04 06:57:52,WIN-032,github.com,AAAA
D006337,2026-03-22 20:00:12,WIN-006,office.com,A
D006338,2026-01-20 00:36:03,WIN-002,internal.corp,A
D006339,2026-04-11 19:10:04,WIN-005,internal.corp,AAAA
D006340,2026-03-24 11:46:54,WIN-005,internal.corp,AAAA
D006341,2026-04-02 01:35:26,WIN-023,github.com,CNAME
D006342,2026-05-25 13:12:05,WIN-030,github.com,CNAME
D006343,2026-01-25 05:04:37,WIN-029,google.com,AAAA
D006344,2026-02-14 18:16:32,WIN-006,amazonaws.com,A
D006345,2026-05-08 18:39:55,WIN-010,cloudflare.com,A
D006346,2026-06-17 10:03:43,WIN-034,cloudflare.com,A
D006347,2026-04-12 12:54:53,WIN-017,office.com,AAAA
D006348,2026-06-29 08:19:32,WIN-035,github.com,A
D006349,2026-06-17 19:46:36,WIN-015,microsoft.com,AAAA
D006350,2026-02-07 20:03:55,WIN-019,google.com,CNAME
D006351,2026-05-11 07:25:52,WIN-038,amazonaws.com,CNAME
D006352,2026-02-26 00:33:34,WIN-032,office.com,CNAME
D006353,2026-05-26 18:34:07,WIN-028,github.com,A
D006354,2026-04-19 11:16:20,WIN-032,google.com,AAAA
D006355,2026-01-16 16:45:52,WIN-015,github.com,CNAME
D006356,2026-04-18 13:04:56,WIN-027,office.com,A
D006357,2026-06-21 21:07:09,WIN-006,office.com,AAAA
D006358,2026-04-29 18:14:52,WIN-017,microsoft.com,A
D006359,2026-01-02 13:34:13,WIN-001,amazonaws.com,CNAME
D006360,2026-02-16 05:01:50,WIN-022,internal.corp,AAAA
D006361,2026-03-09 18:32:21,WIN-011,google.com,AAAA
D006362,2026-02-24 00:22:04,WIN-003,google.com,CNAME
D006363,2026-01-26 07:22:51,WIN-035,google.com,A
D006364,2026-02-09 00:31:35,WIN-016,office.com,CNAME
D006365,2026-01-02 10:25:21,WIN-029,amazonaws.com,CNAME
D006366,2026-02-11 23:51:55,WIN-020,microsoft.com,A
D006367,2026-01-10 07:24:31,WIN-001,cloudflare.com,CNAME
D006368,2026-01-03 23:30:18,WIN-037,internal.corp,CNAME
D006369,2026-03-29 03:48:50,WIN-019,internal.corp,AAAA
D006370,2026-04-07 01:05:45,WIN-009,cloudflare.com,AAAA
D006371,2026-02-09 17:51:08,WIN-030,github.com,AAAA
D006372,2026-04-09 19:47:13,WIN-005,amazonaws.com,CNAME
D006373,2026-02-09 00:17:40,WIN-018,office.com,A
D006374,2026-06-27 17:42:25,WIN-002,microsoft.com,CNAME
D006375,2026-02-17 21:52:10,WIN-006,office.com,AAAA
D006376,2026-06-05 15:15:46,WIN-023,cloudflare.com,A
D006377,2026-03-24 13:17:01,WIN-001,office.com,CNAME
D006378,2026-05-08 21:44:48,WIN-023,google.com,CNAME
D006379,2026-04-21 08:00:06,WIN-004,google.com,A
D006380,2026-06-04 04:44:03,WIN-010,cloudflare.com,A
D006381,2026-01-24 09:02:07,WIN-027,microsoft.com,A
D006382,2026-01-16 02:13:53,WIN-015,amazonaws.com,CNAME
D006383,2026-05-01 17:28:47,WIN-039,cloudflare.com,A
D006384,2026-02-09 14:57:21,WIN-014,internal.corp,AAAA
D006385,2026-03-02 02:48:18,WIN-039,github.com,CNAME
D006386,2026-04-05 02:48:09,WIN-037,cloudflare.com,AAAA
D006387,2026-06-22 03:49:36,WIN-007,microsoft.com,CNAME
D006388,2026-06-29 15:55:45,WIN-031,microsoft.com,A
D006389,2026-01-18 02:42:05,WIN-014,microsoft.com,CNAME
D006390,2026-01-16 19:01:18,WIN-025,google.com,AAAA
D006391,2026-05-19 14:18:47,WIN-003,google.com,CNAME
D006392,2026-05-23 20:12:27,WIN-010,internal.corp,AAAA
D006393,2026-04-04 05:58:34,WIN-040,cloudflare.com,AAAA
D006394,2026-06-17 13:41:33,WIN-017,internal.corp,AAAA
D006395,2026-02-20 10:09:41,WIN-025,amazonaws.com,AAAA
D006396,2026-02-02 05:01:08,WIN-022,github.com,A
D006397,2026-05-13 10:08:30,WIN-011,microsoft.com,A
D006398,2026-02-11 10:18:18,WIN-020,microsoft.com,CNAME
D006399,2026-06-08 13:20:05,WIN-015,github.com,AAAA
D006400,2026-06-24 03:35:07,WIN-025,office.com,A
D006401,2026-04-02 04:28:58,WIN-035,internal.corp,A
D006402,2026-05-18 16:40:48,WIN-023,microsoft.com,A
D006403,2026-04-04 21:30:14,WIN-001,amazonaws.com,CNAME
D006404,2026-02-28 14:14:14,WIN-021,amazonaws.com,CNAME
D006405,2026-02-07 05:34:26,WIN-001,microsoft.com,CNAME
D006406,2026-05-19 19:04:36,WIN-022,cloudflare.com,AAAA
D006407,2026-03-07 04:15:33,WIN-014,google.com,AAAA
D006408,2026-04-07 00:26:44,WIN-006,office.com,A
D006409,2026-03-16 02:00:16,WIN-021,internal.corp,CNAME
D006410,2026-05-24 19:09:06,WIN-010,office.com,CNAME
D006411,2026-06-05 09:49:55,WIN-031,cloudflare.com,A
D006412,2026-01-21 07:43:24,WIN-001,cloudflare.com,AAAA
D006413,2026-03-10 00:06:24,WIN-040,internal.corp,AAAA
D006414,2026-02-19 04:55:27,WIN-008,amazonaws.com,CNAME
D006415,2026-04-08 11:50:46,WIN-003,google.com,A
D006416,2026-03-01 07:25:46,WIN-021,google.com,A
D006417,2026-03-27 03:15:01,WIN-005,github.com,CNAME
D006418,2026-04-12 01:35:27,WIN-030,cloudflare.com,CNAME
D006419,2026-01-23 13:47:48,WIN-023,cloudflare.com,AAAA
D006420,2026-02-15 16:11:36,WIN-040,github.com,CNAME
D006421,2026-06-18 05:58:57,WIN-037,cloudflare.com,CNAME
D006422,2026-03-20 13:26:15,WIN-014,google.com,CNAME
D006423,2026-03-18 22:46:44,WIN-011,cloudflare.com,AAAA
D006424,2026-04-24 15:19:41,WIN-033,microsoft.com,AAAA
D006425,2026-05-27 22:36:04,WIN-009,github.com,A
D006426,2026-05-07 14:29:48,WIN-040,github.com,AAAA
D006427,2026-06-22 15:05:03,WIN-034,internal.corp,CNAME
D006428,2026-06-19 13:32:26,WIN-019,internal.corp,A
D006429,2026-03-03 00:52:44,WIN-030,cloudflare.com,AAAA
D006430,2026-06-22 08:18:45,WIN-039,cloudflare.com,CNAME
D006431,2026-03-27 04:25:10,WIN-024,amazonaws.com,CNAME
D006432,2026-05-22 11:25:53,WIN-002,google.com,A
D006433,2026-03-09 04:57:48,WIN-020,amazonaws.com,CNAME
D006434,2026-05-11 11:42:57,WIN-024,amazonaws.com,CNAME
D006435,2026-01-23 07:17:50,WIN-023,amazonaws.com,A
D006436,2026-01-17 03:01:10,WIN-007,office.com,A
D006437,2026-05-30 16:09:50,WIN-008,amazonaws.com,AAAA
D006438,2026-04-12 18:57:39,WIN-035,amazonaws.com,A
D006439,2026-03-27 12:40:14,WIN-022,microsoft.com,A
D006440,2026-05-26 17:15:12,WIN-035,cloudflare.com,AAAA
D006441,2026-04-07 18:37:40,WIN-012,cloudflare.com,AAAA
D006442,2026-05-01 12:52:35,WIN-018,amazonaws.com,AAAA
D006443,2026-04-05 18:14:40,WIN-040,cloudflare.com,A
D006444,2026-01-20 14:07:32,WIN-026,amazonaws.com,CNAME
D006445,2026-01-17 04:39:37,WIN-037,amazonaws.com,A
D006446,2026-05-17 22:29:15,WIN-034,microsoft.com,CNAME
D006447,2026-05-18 17:38:18,WIN-038,office.com,CNAME
D006448,2026-03-03 05:06:33,WIN-011,internal.corp,AAAA
D006449,2026-02-28 11:17:13,WIN-009,microsoft.com,AAAA
D006450,2026-03-10 02:10:36,WIN-012,microsoft.com,A
D006451,2026-03-23 12:13:47,WIN-028,internal.corp,A
D006452,2026-03-28 09:33:26,WIN-036,office.com,CNAME
D006453,2026-03-11 03:01:28,WIN-012,amazonaws.com,A
D006454,2026-04-30 01:20:44,WIN-010,google.com,A
D006455,2026-05-15 09:57:56,WIN-036,internal.corp,A
D006456,2026-06-18 04:01:33,WIN-038,microsoft.com,A
D006457,2026-06-30 22:08:27,WIN-021,internal.corp,A
D006458,2026-05-18 07:50:50,WIN-016,microsoft.com,AAAA
D006459,2026-04-23 06:57:08,WIN-006,amazonaws.com,CNAME
D006460,2026-05-10 00:15:27,WIN-019,github.com,AAAA
D006461,2026-02-19 10:10:58,WIN-033,github.com,A
D006462,2026-02-13 23:59:48,WIN-023,cloudflare.com,A
D006463,2026-04-13 00:14:44,WIN-007,cloudflare.com,A
D006464,2026-06-22 15:50:42,WIN-007,amazonaws.com,AAAA
D006465,2026-03-11 22:08:26,WIN-039,amazonaws.com,AAAA
D006466,2026-02-26 10:19:26,WIN-009,amazonaws.com,A
D006467,2026-02-18 08:46:50,WIN-037,amazonaws.com,A
D006468,2026-02-11 21:20:47,WIN-040,google.com,A
D006469,2026-06-06 00:55:35,WIN-025,internal.corp,A
D006470,2026-02-12 21:06:12,WIN-009,github.com,CNAME
D006471,2026-02-13 03:15:59,WIN-026,google.com,CNAME
D006472,2026-06-11 14:25:40,WIN-009,office.com,AAAA
D006473,2026-06-24 02:23:04,WIN-004,google.com,A
D006474,2026-01-10 06:52:12,WIN-036,internal.corp,AAAA
D006475,2026-04-14 20:34:19,WIN-002,internal.corp,CNAME
D006476,2026-01-13 15:40:40,WIN-029,github.com,CNAME
D006477,2026-05-02 15:48:33,WIN-037,amazonaws.com,AAAA
D006478,2026-03-12 09:22:22,WIN-014,internal.corp,AAAA
D006479,2026-04-21 16:33:41,WIN-037,office.com,AAAA
D006480,2026-02-25 13:39:07,WIN-022,github.com,AAAA
D006481,2026-01-22 10:03:46,WIN-019,google.com,AAAA
D006482,2026-01-13 22:52:58,WIN-033,office.com,A
D006483,2026-05-12 22:25:57,WIN-012,amazonaws.com,A
D006484,2026-06-18 22:08:56,WIN-019,microsoft.com,AAAA
D006485,2026-04-05 07:01:48,WIN-017,cloudflare.com,AAAA
D006486,2026-03-23 11:54:54,WIN-004,office.com,A
D006487,2026-04-09 16:15:37,WIN-005,microsoft.com,A
D006488,2026-05-07 23:45:44,WIN-010,google.com,CNAME
D006489,2026-04-22 12:47:26,WIN-024,amazonaws.com,AAAA
D006490,2026-06-09 01:34:18,WIN-024,internal.corp,CNAME
D006491,2026-01-04 06:13:06,WIN-027,github.com,A
D006492,2026-04-25 14:08:06,WIN-001,github.com,AAAA
D006493,2026-04-04 00:28:08,WIN-033,office.com,CNAME
D006494,2026-01-31 19:01:29,WIN-006,amazonaws.com,A
D006495,2026-01-27 04:38:27,WIN-014,github.com,AAAA
D006496,2026-01-08 20:06:23,WIN-003,microsoft.com,AAAA
D006497,2026-03-01 18:07:38,WIN-018,google.com,AAAA
D006498,2026-06-18 10:55:43,WIN-040,google.com,AAAA
D006499,2026-05-19 01:48:38,WIN-020,github.com,CNAME
D006500,2026-02-02 09:38:03,WIN-015,microsoft.com,AAAA
D006501,2026-04-07 05:14:28,WIN-020,cloudflare.com,AAAA
D006502,2026-01-26 03:43:01,WIN-014,internal.corp,A
D006503,2026-05-21 00:40:17,WIN-005,internal.corp,AAAA
D006504,2026-06-23 09:46:59,WIN-026,office.com,AAAA
D006505,2026-01-01 02:40:07,WIN-023,office.com,A
D006506,2026-05-28 19:48:22,WIN-015,github.com,A
D006507,2026-01-05 20:06:21,WIN-037,cloudflare.com,AAAA
D006508,2026-01-22 10:13:41,WIN-034,cloudflare.com,CNAME
D006509,2026-03-31 21:56:25,WIN-001,cloudflare.com,A
D006510,2026-02-20 08:42:14,WIN-005,google.com,CNAME
D006511,2026-04-08 02:14:48,WIN-001,office.com,A
D006512,2026-03-16 23:43:49,WIN-032,internal.corp,A
D006513,2026-06-02 00:36:40,WIN-040,github.com,A
D006514,2026-05-27 10:15:33,WIN-028,amazonaws.com,CNAME
D006515,2026-02-16 17:05:22,WIN-022,office.com,CNAME
D006516,2026-06-20 17:22:55,WIN-040,github.com,CNAME
D006517,2026-02-26 03:52:55,WIN-029,google.com,CNAME
D006518,2026-04-21 04:53:53,WIN-009,github.com,AAAA
D006519,2026-05-25 18:06:21,WIN-038,microsoft.com,CNAME
D006520,2026-01-23 01:17:17,WIN-007,internal.corp,CNAME
D006521,2026-02-27 23:58:50,WIN-018,cloudflare.com,AAAA
D006522,2026-05-14 01:55:21,WIN-014,google.com,CNAME
D006523,2026-01-12 01:41:20,WIN-037,cloudflare.com,CNAME
D006524,2026-03-27 14:42:01,WIN-005,office.com,A
D006525,2026-06-26 23:27:51,WIN-025,github.com,CNAME
D006526,2026-06-21 21:06:32,WIN-028,amazonaws.com,CNAME
D006527,2026-05-27 15:11:05,WIN-024,amazonaws.com,CNAME
D006528,2026-06-27 02:19:27,WIN-026,google.com,AAAA
D006529,2026-05-24 08:41:32,WIN-002,google.com,AAAA
D006530,2026-05-03 23:48:45,WIN-001,amazonaws.com,A
D006531,2026-04-20 02:35:59,WIN-026,google.com,A
D006532,2026-01-25 23:56:14,WIN-032,office.com,A
D006533,2026-04-09 18:14:49,WIN-004,internal.corp,AAAA
D006534,2026-06-26 02:32:31,WIN-005,amazonaws.com,A
D006535,2026-06-17 04:16:22,WIN-017,office.com,AAAA
D006536,2026-01-09 03:46:58,WIN-025,internal.corp,A
D006537,2026-03-29 20:13:50,WIN-038,microsoft.com,AAAA
D006538,2026-06-11 06:35:06,WIN-039,office.com,A
D006539,2026-05-12 15:51:33,WIN-020,google.com,A
D006540,2026-01-08 03:42:29,WIN-019,internal.corp,A
D006541,2026-04-29 05:28:15,WIN-019,internal.corp,A
D006542,2026-02-26 07:39:31,WIN-038,google.com,CNAME
D006543,2026-01-03 00:24:51,WIN-037,office.com,A
D006544,2026-01-11 17:59:21,WIN-018,github.com,A
D006545,2026-04-08 22:41:57,WIN-030,google.com,AAAA
D006546,2026-03-17 05:36:19,WIN-013,microsoft.com,AAAA
D006547,2026-04-27 08:22:11,WIN-031,microsoft.com,CNAME
D006548,2026-02-19 20:36:26,WIN-034,google.com,A
D006549,2026-01-30 08:44:28,WIN-017,microsoft.com,A
D006550,2026-05-04 04:48:10,WIN-018,office.com,AAAA
D006551,2026-01-12 23:34:11,WIN-009,github.com,CNAME
D006552,2026-02-10 05:48:11,WIN-032,internal.corp,A
D006553,2026-04-04 20:29:10,WIN-034,cloudflare.com,CNAME
D006554,2026-05-05 08:10:11,WIN-037,office.com,A
D006555,2026-06-27 14:31:29,WIN-001,cloudflare.com,A
D006556,2026-03-06 03:05:43,WIN-022,microsoft.com,AAAA
D006557,2026-03-25 22:26:32,WIN-033,microsoft.com,AAAA
D006558,2026-05-29 05:52:17,WIN-023,microsoft.com,A
D006559,2026-03-09 02:30:49,WIN-038,google.com,A
D006560,2026-01-29 03:39:41,WIN-040,cloudflare.com,AAAA
D006561,2026-05-30 10:32:12,WIN-006,google.com,AAAA
D006562,2026-03-03 04:23:25,WIN-015,internal.corp,CNAME
D006563,2026-01-09 09:12:27,WIN-020,google.com,A
D006564,2026-03-20 19:45:35,WIN-040,microsoft.com,CNAME
D006565,2026-06-22 22:59:28,WIN-004,cloudflare.com,AAAA
D006566,2026-04-24 11:43:04,WIN-009,microsoft.com,AAAA
D006567,2026-04-17 04:21:03,WIN-039,microsoft.com,CNAME
D006568,2026-04-09 02:40:58,WIN-034,cloudflare.com,AAAA
D006569,2026-05-02 07:16:40,WIN-028,amazonaws.com,CNAME
D006570,2026-06-01 04:22:32,WIN-016,github.com,A
D006571,2026-04-28 12:54:20,WIN-026,microsoft.com,AAAA
D006572,2026-05-21 12:20:27,WIN-040,microsoft.com,A
D006573,2026-04-26 18:18:23,WIN-032,google.com,A
D006574,2026-02-18 14:27:46,WIN-014,office.com,A
D006575,2026-03-03 16:58:21,WIN-012,amazonaws.com,AAAA
D006576,2026-03-01 08:01:29,WIN-016,amazonaws.com,AAAA
D006577,2026-06-16 22:10:36,WIN-010,google.com,CNAME
D006578,2026-06-22 13:08:50,WIN-001,office.com,CNAME
D006579,2026-03-03 01:20:28,WIN-033,google.com,CNAME
D006580,2026-05-02 08:13:58,WIN-012,github.com,A
D006581,2026-05-03 04:24:19,WIN-008,amazonaws.com,AAAA
D006582,2026-05-04 01:30:17,WIN-004,office.com,AAAA
D006583,2026-02-11 04:55:36,WIN-024,internal.corp,A
D006584,2026-02-03 22:26:29,WIN-015,amazonaws.com,A
D006585,2026-03-28 18:05:17,WIN-019,github.com,AAAA
D006586,2026-01-26 04:25:34,WIN-006,amazonaws.com,A
D006587,2026-03-03 15:12:21,WIN-021,github.com,CNAME
D006588,2026-01-22 20:50:29,WIN-003,internal.corp,AAAA
D006589,2026-01-31 14:19:57,WIN-009,github.com,AAAA
D006590,2026-06-20 01:46:28,WIN-001,github.com,CNAME
D006591,2026-05-30 03:19:02,WIN-019,microsoft.com,A
D006592,2026-03-06 10:35:09,WIN-014,amazonaws.com,A
D006593,2026-01-07 22:32:30,WIN-036,cloudflare.com,A
D006594,2026-06-27 16:01:37,WIN-016,cloudflare.com,CNAME
D006595,2026-03-11 22:26:15,WIN-032,amazonaws.com,AAAA
D006596,2026-03-11 14:07:22,WIN-032,office.com,AAAA
D006597,2026-03-07 02:15:54,WIN-038,internal.corp,CNAME
D006598,2026-03-08 02:48:38,WIN-038,internal.corp,CNAME
D006599,2026-06-02 02:26:54,WIN-011,google.com,CNAME
D006600,2026-05-10 14:07:25,WIN-004,office.com,CNAME
D006601,2026-03-04 08:47:19,WIN-033,github.com,AAAA
D006602,2026-03-03 02:09:34,WIN-027,amazonaws.com,AAAA
D006603,2026-05-10 16:38:49,WIN-031,internal.corp,A
D006604,2026-06-03 06:45:38,WIN-001,microsoft.com,AAAA
D006605,2026-01-30 21:49:24,WIN-016,google.com,AAAA
D006606,2026-02-26 23:31:05,WIN-034,microsoft.com,A
D006607,2026-05-09 02:20:36,WIN-028,github.com,CNAME
D006608,2026-01-08 14:59:30,WIN-023,office.com,CNAME
D006609,2026-05-02 13:27:06,WIN-006,github.com,CNAME
D006610,2026-03-21 18:12:19,WIN-007,google.com,CNAME
D006611,2026-06-04 16:25:00,WIN-020,google.com,CNAME
D006612,2026-06-06 19:48:13,WIN-016,office.com,CNAME
D006613,2026-02-23 17:23:13,WIN-040,amazonaws.com,CNAME
D006614,2026-03-23 00:37:10,WIN-003,internal.corp,CNAME
D006615,2026-02-11 15:17:21,WIN-036,cloudflare.com,AAAA
D006616,2026-03-12 08:31:12,WIN-002,amazonaws.com,CNAME
D006617,2026-01-29 17:10:56,WIN-029,google.com,CNAME
D006618,2026-06-02 02:54:25,WIN-016,google.com,CNAME
D006619,2026-03-15 17:05:51,WIN-012,github.com,A
D006620,2026-06-20 23:10:26,WIN-033,cloudflare.com,AAAA
D006621,2026-04-15 17:08:33,WIN-040,github.com,A
D006622,2026-02-11 15:25:28,WIN-002,cloudflare.com,AAAA
D006623,2026-04-02 22:58:12,WIN-039,github.com,A
D006624,2026-03-30 19:10:25,WIN-006,microsoft.com,A
D006625,2026-05-29 02:53:16,WIN-017,internal.corp,CNAME
D006626,2026-02-18 14:38:51,WIN-038,google.com,A
D006627,2026-06-22 17:57:07,WIN-021,cloudflare.com,A
D006628,2026-04-18 13:06:50,WIN-017,google.com,A
D006629,2026-04-02 06:37:53,WIN-033,github.com,A
D006630,2026-01-08 18:31:42,WIN-025,github.com,CNAME
D006631,2026-03-02 03:02:08,WIN-031,amazonaws.com,CNAME
D006632,2026-01-26 23:23:32,WIN-034,amazonaws.com,AAAA
D006633,2026-02-20 14:15:41,WIN-025,github.com,CNAME
D006634,2026-02-27 09:31:51,WIN-036,google.com,A
D006635,2026-03-23 09:22:40,WIN-037,google.com,CNAME
D006636,2026-01-02 03:13:35,WIN-034,github.com,CNAME
D006637,2026-01-01 03:57:46,WIN-003,google.com,A
D006638,2026-04-23 03:33:29,WIN-024,cloudflare.com,AAAA
D006639,2026-03-16 18:02:50,WIN-038,amazonaws.com,AAAA
D006640,2026-06-12 11:48:43,WIN-012,internal.corp,A
D006641,2026-05-22 15:09:15,WIN-035,internal.corp,CNAME
D006642,2026-05-12 03:44:19,WIN-038,github.com,CNAME
D006643,2026-06-24 16:41:02,WIN-034,google.com,AAAA
D006644,2026-04-09 05:00:55,WIN-019,internal.corp,AAAA
D006645,2026-01-26 00:31:32,WIN-040,amazonaws.com,CNAME
D006646,2026-06-03 10:03:24,WIN-024,google.com,CNAME
D006647,2026-06-14 14:13:54,WIN-029,github.com,A
D006648,2026-04-25 08:26:31,WIN-022,office.com,AAAA
D006649,2026-02-25 02:28:37,WIN-020,google.com,AAAA
D006650,2026-02-27 14:27:23,WIN-012,cloudflare.com,CNAME
D006651,2026-06-11 14:18:54,WIN-036,cloudflare.com,A
D006652,2026-03-21 23:36:31,WIN-003,cloudflare.com,A
D006653,2026-01-30 00:54:36,WIN-035,internal.corp,A
D006654,2026-05-02 10:55:16,WIN-021,office.com,CNAME
D006655,2026-04-13 06:28:19,WIN-026,google.com,AAAA
D006656,2026-01-26 04:04:10,WIN-008,amazonaws.com,A
D006657,2026-05-13 10:16:11,WIN-028,office.com,CNAME
D006658,2026-04-22 10:20:09,WIN-036,github.com,CNAME
D006659,2026-01-03 00:46:49,WIN-017,microsoft.com,A
D006660,2026-01-15 08:06:03,WIN-014,google.com,CNAME
D006661,2026-02-05 18:27:02,WIN-012,google.com,A
D006662,2026-01-02 12:18:17,WIN-001,office.com,CNAME
D006663,2026-03-17 06:05:28,WIN-015,internal.corp,CNAME
D006664,2026-01-29 05:14:49,WIN-022,github.com,AAAA
D006665,2026-05-11 14:35:31,WIN-036,office.com,AAAA
D006666,2026-05-01 18:57:34,WIN-020,github.com,CNAME
D006667,2026-03-18 12:05:41,WIN-031,github.com,CNAME
D006668,2026-05-21 03:24:01,WIN-032,cloudflare.com,A
D006669,2026-01-15 10:49:42,WIN-021,internal.corp,A
D006670,2026-02-03 21:39:05,WIN-020,cloudflare.com,AAAA
D006671,2026-01-21 17:24:37,WIN-029,google.com,AAAA
D006672,2026-06-07 15:09:00,WIN-030,github.com,AAAA
D006673,2026-05-30 06:48:16,WIN-013,office.com,A
D006674,2026-05-14 20:28:52,WIN-020,github.com,CNAME
D006675,2026-02-16 19:13:31,WIN-026,microsoft.com,AAAA
D006676,2026-03-11 07:38:37,WIN-008,github.com,CNAME
D006677,2026-03-22 17:11:14,WIN-033,microsoft.com,A
D006678,2026-05-22 06:58:02,WIN-016,internal.corp,A
D006679,2026-05-20 05:23:53,WIN-037,microsoft.com,A
D006680,2026-06-26 07:37:52,WIN-013,amazonaws.com,CNAME
D006681,2026-02-07 02:49:22,WIN-017,cloudflare.com,CNAME
D006682,2026-01-05 07:46:19,WIN-036,amazonaws.com,AAAA
D006683,2026-03-07 05:22:56,WIN-040,cloudflare.com,AAAA
D006684,2026-05-11 00:39:43,WIN-020,amazonaws.com,CNAME
D006685,2026-02-25 09:32:43,WIN-039,microsoft.com,AAAA
D006686,2026-05-10 10:49:42,WIN-004,github.com,AAAA
D006687,2026-01-29 01:33:06,WIN-007,github.com,CNAME
D006688,2026-06-27 01:38:20,WIN-039,microsoft.com,A
D006689,2026-03-09 22:29:30,WIN-028,office.com,AAAA
D006690,2026-05-12 05:08:29,WIN-008,google.com,CNAME
D006691,2026-02-19 11:32:16,WIN-026,office.com,AAAA
D006692,2026-03-26 06:51:04,WIN-016,github.com,A
D006693,2026-01-07 13:54:12,WIN-017,microsoft.com,AAAA
D006694,2026-01-19 12:09:20,WIN-009,internal.corp,A
D006695,2026-01-21 17:16:16,WIN-019,microsoft.com,A
D006696,2026-03-17 01:11:48,WIN-013,office.com,AAAA
D006697,2026-06-12 17:50:24,WIN-014,microsoft.com,CNAME
D006698,2026-01-28 11:54:25,WIN-037,github.com,AAAA
D006699,2026-04-30 15:06:33,WIN-015,github.com,A
D006700,2026-02-28 15:59:41,WIN-005,google.com,CNAME
D006701,2026-06-22 05:42:40,WIN-022,google.com,AAAA
D006702,2026-05-17 21:18:36,WIN-022,amazonaws.com,A
D006703,2026-01-31 13:09:04,WIN-037,amazonaws.com,AAAA
D006704,2026-02-14 03:49:47,WIN-022,internal.corp,A
D006705,2026-06-02 02:17:34,WIN-033,amazonaws.com,A
D006706,2026-06-30 18:53:51,WIN-024,github.com,CNAME
D006707,2026-03-23 12:16:14,WIN-014,microsoft.com,A
D006708,2026-05-28 00:48:49,WIN-003,google.com,A
D006709,2026-03-14 13:08:03,WIN-029,microsoft.com,AAAA
D006710,2026-03-25 07:09:52,WIN-030,github.com,CNAME
D006711,2026-06-11 23:31:03,WIN-023,office.com,CNAME
D006712,2026-04-16 18:23:46,WIN-020,amazonaws.com,CNAME
D006713,2026-03-16 10:43:46,WIN-034,cloudflare.com,A
D006714,2026-02-03 10:56:36,WIN-039,cloudflare.com,AAAA
D006715,2026-03-14 20:10:15,WIN-011,google.com,CNAME
D006716,2026-04-28 17:24:12,WIN-022,microsoft.com,AAAA
D006717,2026-01-27 21:19:55,WIN-008,internal.corp,AAAA
D006718,2026-03-31 11:49:55,WIN-040,cloudflare.com,A
D006719,2026-05-02 23:21:54,WIN-032,office.com,CNAME
D006720,2026-01-16 00:13:58,WIN-012,amazonaws.com,A
D006721,2026-06-24 12:55:56,WIN-009,cloudflare.com,CNAME
D006722,2026-06-13 13:52:05,WIN-017,microsoft.com,AAAA
D006723,2026-04-13 23:32:48,WIN-037,internal.corp,CNAME
D006724,2026-01-07 11:25:38,WIN-006,amazonaws.com,A
D006725,2026-01-14 20:31:26,WIN-021,internal.corp,AAAA
D006726,2026-06-01 08:15:43,WIN-004,google.com,AAAA
D006727,2026-01-18 22:43:54,WIN-020,google.com,A
D006728,2026-03-13 15:17:16,WIN-027,amazonaws.com,AAAA
D006729,2026-06-10 05:35:41,WIN-019,microsoft.com,AAAA
D006730,2026-02-08 15:02:21,WIN-038,amazonaws.com,AAAA
D006731,2026-06-11 15:26:41,WIN-038,office.com,AAAA
D006732,2026-04-17 04:38:35,WIN-030,cloudflare.com,A
D006733,2026-03-06 22:17:37,WIN-021,internal.corp,CNAME
D006734,2026-05-06 17:20:30,WIN-027,google.com,CNAME
D006735,2026-01-05 03:16:59,WIN-040,office.com,CNAME
D006736,2026-04-05 08:03:08,WIN-025,office.com,AAAA
D006737,2026-02-04 22:39:55,WIN-026,cloudflare.com,AAAA
D006738,2026-05-10 08:27:21,WIN-030,cloudflare.com,AAAA
D006739,2026-01-24 07:58:18,WIN-018,github.com,CNAME
D006740,2026-02-07 13:03:31,WIN-007,office.com,AAAA
D006741,2026-05-27 02:33:54,WIN-016,internal.corp,CNAME
D006742,2026-06-15 23:19:42,WIN-014,microsoft.com,CNAME
D006743,2026-03-16 14:38:55,WIN-008,microsoft.com,A
D006744,2026-02-04 18:41:44,WIN-004,amazonaws.com,AAAA
D006745,2026-05-25 03:43:05,WIN-002,cloudflare.com,AAAA
D006746,2026-04-16 02:23:20,WIN-025,amazonaws.com,CNAME
D006747,2026-03-08 04:35:06,WIN-036,office.com,AAAA
D006748,2026-05-18 18:59:29,WIN-023,cloudflare.com,A
D006749,2026-04-26 19:42:11,WIN-003,github.com,AAAA
D006750,2026-03-27 07:25:13,WIN-024,github.com,A
D006751,2026-06-21 06:44:54,WIN-011,microsoft.com,A
D006752,2026-06-08 01:05:43,WIN-011,internal.corp,CNAME
D006753,2026-06-27 23:24:42,WIN-002,office.com,CNAME
D006754,2026-05-03 05:12:57,WIN-010,microsoft.com,CNAME
D006755,2026-03-28 22:28:18,WIN-014,google.com,AAAA
D006756,2026-01-21 16:26:42,WIN-023,microsoft.com,A
D006757,2026-01-08 13:11:11,WIN-027,microsoft.com,CNAME
D006758,2026-04-30 18:49:31,WIN-030,office.com,A
D006759,2026-01-31 15:44:49,WIN-003,internal.corp,AAAA
D006760,2026-05-02 10:38:46,WIN-019,google.com,AAAA
D006761,2026-01-12 16:27:11,WIN-021,microsoft.com,A
D006762,2026-02-24 21:03:59,WIN-012,google.com,A
D006763,2026-06-11 04:47:25,WIN-023,amazonaws.com,AAAA
D006764,2026-02-03 14:18:57,WIN-017,github.com,AAAA
D006765,2026-03-07 15:15:26,WIN-033,microsoft.com,AAAA
D006766,2026-04-17 18:55:31,WIN-002,github.com,CNAME
D006767,2026-02-17 03:07:32,WIN-018,internal.corp,CNAME
D006768,2026-01-16 01:21:56,WIN-007,amazonaws.com,A
D006769,2026-03-20 16:10:10,WIN-003,cloudflare.com,A
D006770,2026-01-22 16:10:19,WIN-022,microsoft.com,AAAA
D006771,2026-03-08 12:20:08,WIN-004,office.com,CNAME
D006772,2026-05-21 21:00:09,WIN-003,microsoft.com,CNAME
D006773,2026-03-18 08:05:07,WIN-016,amazonaws.com,CNAME
D006774,2026-01-07 08:04:05,WIN-010,internal.corp,A
D006775,2026-03-09 10:50:40,WIN-009,amazonaws.com,A
D006776,2026-06-08 01:43:29,WIN-039,github.com,AAAA
D006777,2026-04-18 08:24:38,WIN-018,internal.corp,AAAA
D006778,2026-04-30 10:26:49,WIN-030,github.com,CNAME
D006779,2026-05-31 21:32:03,WIN-009,github.com,AAAA
D006780,2026-05-05 23:27:14,WIN-018,microsoft.com,A
D006781,2026-02-01 16:16:13,WIN-013,amazonaws.com,CNAME
D006782,2026-06-14 18:39:46,WIN-008,internal.corp,A
D006783,2026-03-17 21:59:09,WIN-009,amazonaws.com,AAAA
D006784,2026-01-01 18:08:53,WIN-018,amazonaws.com,A
D006785,2026-06-04 03:38:51,WIN-029,office.com,AAAA
D006786,2026-05-13 03:55:43,WIN-024,cloudflare.com,A
D006787,2026-02-16 18:23:57,WIN-025,google.com,AAAA
D006788,2026-03-23 05:47:31,WIN-002,github.com,AAAA
D006789,2026-04-19 20:32:51,WIN-014,office.com,CNAME
D006790,2026-03-31 20:34:24,WIN-024,office.com,AAAA
D006791,2026-03-28 11:43:03,WIN-026,internal.corp,A
D006792,2026-04-03 05:05:39,WIN-038,microsoft.com,A
D006793,2026-06-10 12:34:40,WIN-030,cloudflare.com,CNAME
D006794,2026-03-29 09:13:16,WIN-032,google.com,AAAA
D006795,2026-03-29 05:38:32,WIN-012,google.com,AAAA
D006796,2026-06-17 07:02:16,WIN-036,google.com,AAAA
D006797,2026-05-26 10:34:18,WIN-025,cloudflare.com,AAAA
D006798,2026-04-19 09:49:33,WIN-013,google.com,A
D006799,2026-02-07 13:32:36,WIN-009,google.com,AAAA
D006800,2026-03-13 18:03:06,WIN-003,google.com,CNAME
D006801,2026-04-14 07:34:32,WIN-023,cloudflare.com,AAAA
D006802,2026-02-28 11:57:02,WIN-023,office.com,AAAA
D006803,2026-02-03 18:50:57,WIN-025,google.com,A
D006804,2026-03-01 10:10:49,WIN-007,cloudflare.com,CNAME
D006805,2026-04-07 07:24:31,WIN-027,google.com,CNAME
D006806,2026-02-10 11:00:55,WIN-040,microsoft.com,AAAA
D006807,2026-03-29 02:31:41,WIN-007,github.com,CNAME
D006808,2026-06-09 11:15:21,WIN-023,amazonaws.com,AAAA
D006809,2026-06-13 18:13:01,WIN-028,amazonaws.com,AAAA
D006810,2026-04-05 10:08:01,WIN-015,office.com,AAAA
D006811,2026-03-28 21:10:26,WIN-008,cloudflare.com,AAAA
D006812,2026-04-17 22:01:25,WIN-011,github.com,A
D006813,2026-05-12 04:37:55,WIN-011,google.com,AAAA
D006814,2026-01-15 17:23:45,WIN-017,microsoft.com,AAAA
D006815,2026-01-20 04:59:37,WIN-035,internal.corp,AAAA
D006816,2026-06-24 01:34:33,WIN-026,internal.corp,A
D006817,2026-04-21 08:56:36,WIN-017,amazonaws.com,AAAA
D006818,2026-02-05 17:33:36,WIN-015,github.com,AAAA
D006819,2026-01-20 17:52:13,WIN-006,internal.corp,AAAA
D006820,2026-03-07 09:07:02,WIN-009,cloudflare.com,A
D006821,2026-06-29 14:32:36,WIN-011,internal.corp,AAAA
D006822,2026-01-14 13:43:21,WIN-028,amazonaws.com,A
D006823,2026-04-13 19:13:50,WIN-036,github.com,A
D006824,2026-06-12 08:07:59,WIN-034,office.com,A
D006825,2026-03-12 23:01:59,WIN-035,github.com,CNAME
D006826,2026-03-31 19:43:27,WIN-030,amazonaws.com,CNAME
D006827,2026-04-27 10:33:17,WIN-012,amazonaws.com,AAAA
D006828,2026-03-03 14:33:38,WIN-004,cloudflare.com,CNAME
D006829,2026-05-08 08:02:32,WIN-004,amazonaws.com,CNAME
D006830,2026-01-30 14:58:52,WIN-034,internal.corp,CNAME
D006831,2026-02-16 18:50:24,WIN-004,office.com,A
D006832,2026-05-14 09:22:07,WIN-031,microsoft.com,CNAME
D006833,2026-02-19 09:07:04,WIN-032,microsoft.com,AAAA
D006834,2026-06-11 02:30:02,WIN-009,google.com,CNAME
D006835,2026-03-13 01:05:11,WIN-016,internal.corp,CNAME
D006836,2026-06-14 09:20:37,WIN-001,office.com,AAAA
D006837,2026-06-11 13:28:16,WIN-008,cloudflare.com,AAAA
D006838,2026-04-15 15:12:43,WIN-020,amazonaws.com,AAAA
D006839,2026-03-31 18:43:28,WIN-002,cloudflare.com,AAAA
D006840,2026-05-16 00:15:06,WIN-013,google.com,A
D006841,2026-02-13 22:57:46,WIN-017,internal.corp,CNAME
D006842,2026-02-08 03:46:01,WIN-022,office.com,CNAME
D006843,2026-06-27 04:42:17,WIN-036,cloudflare.com,A
D006844,2026-05-15 08:15:51,WIN-001,amazonaws.com,A
D006845,2026-02-27 19:21:06,WIN-005,cloudflare.com,AAAA
D006846,2026-06-28 23:29:57,WIN-018,google.com,AAAA
D006847,2026-03-13 02:45:32,WIN-021,amazonaws.com,CNAME
D006848,2026-06-10 21:21:45,WIN-005,google.com,CNAME
D006849,2026-04-08 08:11:14,WIN-003,cloudflare.com,CNAME
D006850,2026-03-23 10:43:22,WIN-030,google.com,CNAME
D006851,2026-05-02 23:00:18,WIN-016,cloudflare.com,AAAA
D006852,2026-04-19 15:13:30,WIN-032,internal.corp,AAAA
D006853,2026-04-10 01:12:52,WIN-003,microsoft.com,A
D006854,2026-04-18 00:05:50,WIN-024,cloudflare.com,A
D006855,2026-01-27 10:31:44,WIN-003,amazonaws.com,CNAME
D006856,2026-06-11 21:16:13,WIN-033,microsoft.com,CNAME
D006857,2026-04-27 10:13:38,WIN-023,internal.corp,CNAME
D006858,2026-05-14 09:38:09,WIN-031,amazonaws.com,CNAME
D006859,2026-04-11 05:22:59,WIN-001,google.com,AAAA
D006860,2026-01-10 14:40:46,WIN-026,microsoft.com,CNAME
D006861,2026-03-25 15:15:58,WIN-020,github.com,AAAA
D006862,2026-05-08 15:14:17,WIN-033,internal.corp,CNAME
D006863,2026-05-11 08:55:28,WIN-039,amazonaws.com,AAAA
D006864,2026-02-05 12:34:56,WIN-040,google.com,CNAME
D006865,2026-05-29 09:44:45,WIN-016,office.com,CNAME
D006866,2026-02-11 07:12:18,WIN-038,office.com,CNAME
D006867,2026-04-25 20:27:24,WIN-027,office.com,AAAA
D006868,2026-02-03 02:05:29,WIN-029,internal.corp,A
D006869,2026-02-15 08:56:24,WIN-038,microsoft.com,AAAA
D006870,2026-04-18 01:32:45,WIN-013,internal.corp,AAAA
D006871,2026-05-15 08:20:44,WIN-025,amazonaws.com,A
D006872,2026-04-19 02:02:07,WIN-019,internal.corp,A
D006873,2026-04-24 23:17:14,WIN-022,internal.corp,A
D006874,2026-05-04 08:28:14,WIN-032,github.com,AAAA
D006875,2026-03-11 23:36:17,WIN-031,google.com,CNAME
D006876,2026-05-23 12:22:59,WIN-020,microsoft.com,AAAA
D006877,2026-01-26 03:59:52,WIN-004,amazonaws.com,CNAME
D006878,2026-05-19 23:54:00,WIN-016,cloudflare.com,CNAME
D006879,2026-04-07 21:23:18,WIN-023,amazonaws.com,CNAME
D006880,2026-04-14 00:08:47,WIN-009,office.com,AAAA
D006881,2026-06-25 12:35:26,WIN-028,github.com,AAAA
D006882,2026-03-05 07:50:11,WIN-022,github.com,A
D006883,2026-01-10 15:47:59,WIN-001,amazonaws.com,A
D006884,2026-03-14 04:54:59,WIN-012,amazonaws.com,AAAA
D006885,2026-01-19 15:50:11,WIN-034,internal.corp,A
D006886,2026-03-09 15:44:34,WIN-039,github.com,AAAA
D006887,2026-04-16 07:00:13,WIN-018,internal.corp,AAAA
D006888,2026-05-29 16:42:08,WIN-014,internal.corp,A
D006889,2026-05-22 17:58:04,WIN-013,amazonaws.com,CNAME
D006890,2026-04-11 05:34:37,WIN-014,microsoft.com,AAAA
D006891,2026-03-03 06:50:48,WIN-033,amazonaws.com,AAAA
D006892,2026-04-15 22:10:04,WIN-006,cloudflare.com,A
D006893,2026-02-26 17:28:27,WIN-007,internal.corp,CNAME
D006894,2026-01-12 15:25:10,WIN-026,internal.corp,CNAME
D006895,2026-06-14 21:05:58,WIN-004,office.com,AAAA
D006896,2026-05-17 03:02:53,WIN-009,office.com,AAAA
D006897,2026-01-09 01:07:45,WIN-021,github.com,A
D006898,2026-05-22 16:33:49,WIN-001,cloudflare.com,A
D006899,2026-05-07 02:08:18,WIN-017,github.com,AAAA
D006900,2026-04-10 13:26:22,WIN-032,amazonaws.com,CNAME
D006901,2026-01-29 08:54:45,WIN-019,office.com,CNAME
D006902,2026-02-08 00:11:34,WIN-021,office.com,CNAME
D006903,2026-06-22 18:21:12,WIN-009,github.com,AAAA
D006904,2026-01-19 09:12:20,WIN-028,github.com,CNAME
D006905,2026-01-20 08:49:53,WIN-027,office.com,AAAA
D006906,2026-04-07 11:45:06,WIN-009,internal.corp,AAAA
D006907,2026-01-05 17:12:36,WIN-030,github.com,AAAA
D006908,2026-05-19 07:53:11,WIN-038,github.com,AAAA
D006909,2026-06-03 11:51:41,WIN-011,office.com,A
D006910,2026-06-24 12:03:03,WIN-023,internal.corp,CNAME
D006911,2026-06-21 14:18:41,WIN-007,office.com,A
D006912,2026-05-24 22:01:36,WIN-038,microsoft.com,CNAME
D006913,2026-05-08 03:46:01,WIN-004,cloudflare.com,AAAA
D006914,2026-06-23 04:26:12,WIN-030,office.com,A
D006915,2026-03-19 13:56:13,WIN-025,github.com,AAAA
D006916,2026-04-02 06:03:35,WIN-014,amazonaws.com,AAAA
D006917,2026-01-30 02:10:04,WIN-025,google.com,AAAA
D006918,2026-06-23 01:48:43,WIN-029,office.com,CNAME
D006919,2026-04-02 16:58:12,WIN-038,internal.corp,AAAA
D006920,2026-02-20 20:18:15,WIN-015,amazonaws.com,AAAA
D006921,2026-01-03 03:52:52,WIN-026,amazonaws.com,AAAA
D006922,2026-06-02 11:37:14,WIN-026,microsoft.com,CNAME
D006923,2026-01-04 15:33:49,WIN-020,amazonaws.com,CNAME
D006924,2026-04-05 13:01:02,WIN-019,internal.corp,CNAME
D006925,2026-05-31 09:54:19,WIN-021,amazonaws.com,AAAA
D006926,2026-01-27 14:32:28,WIN-017,microsoft.com,CNAME
D006927,2026-03-28 16:11:03,WIN-011,cloudflare.com,A
D006928,2026-03-11 05:17:43,WIN-014,internal.corp,AAAA
D006929,2026-01-02 19:47:47,WIN-017,google.com,AAAA
D006930,2026-04-08 19:10:14,WIN-011,office.com,A
D006931,2026-06-23 13:51:04,WIN-031,internal.corp,CNAME
D006932,2026-02-28 18:47:09,WIN-028,amazonaws.com,A
D006933,2026-02-14 15:58:37,WIN-020,office.com,A
D006934,2026-03-16 21:21:22,WIN-023,google.com,CNAME
D006935,2026-01-05 22:26:41,WIN-033,github.com,AAAA
D006936,2026-05-06 10:48:29,WIN-021,internal.corp,AAAA
D006937,2026-03-28 08:08:58,WIN-017,internal.corp,A
D006938,2026-04-20 00:59:14,WIN-007,cloudflare.com,AAAA
D006939,2026-04-18 16:11:53,WIN-018,google.com,A
D006940,2026-06-10 23:09:55,WIN-038,office.com,AAAA
D006941,2026-05-03 23:47:37,WIN-013,google.com,AAAA
D006942,2026-05-27 22:14:25,WIN-027,github.com,AAAA
D006943,2026-03-18 02:48:05,WIN-034,microsoft.com,A
D006944,2026-04-12 05:14:54,WIN-036,cloudflare.com,AAAA
D006945,2026-03-04 02:59:00,WIN-026,office.com,A
D006946,2026-06-08 14:50:34,WIN-017,internal.corp,AAAA
D006947,2026-02-18 00:08:09,WIN-020,microsoft.com,AAAA
D006948,2026-05-22 03:23:04,WIN-031,office.com,A
D006949,2026-06-23 18:25:29,WIN-001,cloudflare.com,AAAA
D006950,2026-03-15 17:26:49,WIN-009,office.com,CNAME
D006951,2026-01-03 14:21:25,WIN-020,office.com,CNAME
D006952,2026-05-25 23:46:48,WIN-038,amazonaws.com,A
D006953,2026-06-12 20:29:29,WIN-017,github.com,AAAA
D006954,2026-05-04 06:41:08,WIN-001,office.com,CNAME
D006955,2026-01-17 06:11:40,WIN-012,github.com,A
D006956,2026-01-19 14:11:25,WIN-035,office.com,CNAME
D006957,2026-05-04 13:22:29,WIN-039,microsoft.com,A
D006958,2026-02-27 09:12:01,WIN-021,cloudflare.com,CNAME
D006959,2026-04-19 20:14:33,WIN-017,google.com,A
D006960,2026-03-05 21:10:43,WIN-025,amazonaws.com,A
D006961,2026-03-14 02:14:19,WIN-034,cloudflare.com,AAAA
D006962,2026-03-09 20:23:23,WIN-006,google.com,AAAA
D006963,2026-02-07 09:38:41,WIN-016,amazonaws.com,A
D006964,2026-05-20 18:40:53,WIN-008,google.com,CNAME
D006965,2026-06-10 12:24:26,WIN-017,amazonaws.com,A
D006966,2026-04-22 08:43:52,WIN-036,amazonaws.com,CNAME
D006967,2026-05-29 23:55:39,WIN-030,office.com,CNAME
D006968,2026-05-08 15:32:35,WIN-017,cloudflare.com,A
D006969,2026-03-12 23:24:33,WIN-037,cloudflare.com,AAAA
D006970,2026-03-04 05:52:23,WIN-016,amazonaws.com,AAAA
D006971,2026-02-01 23:34:35,WIN-023,github.com,A
D006972,2026-04-01 13:20:41,WIN-023,github.com,CNAME
D006973,2026-05-03 08:17:50,WIN-012,internal.corp,AAAA
D006974,2026-06-17 23:15:16,WIN-013,internal.corp,A
D006975,2026-03-22 05:03:08,WIN-017,github.com,A
D006976,2026-05-01 13:53:07,WIN-025,office.com,AAAA
D006977,2026-03-01 13:55:04,WIN-039,amazonaws.com,A
D006978,2026-06-06 07:04:02,WIN-024,internal.corp,AAAA
D006979,2026-05-30 11:09:40,WIN-003,amazonaws.com,CNAME
D006980,2026-01-24 11:19:33,WIN-031,github.com,AAAA
D006981,2026-06-20 15:56:47,WIN-006,google.com,CNAME
D006982,2026-03-28 01:06:11,WIN-036,amazonaws.com,A
D006983,2026-05-13 14:10:15,WIN-034,google.com,A
D006984,2026-03-03 01:02:12,WIN-021,amazonaws.com,CNAME
D006985,2026-03-25 07:33:08,WIN-034,office.com,AAAA
D006986,2026-04-11 13:15:43,WIN-024,microsoft.com,A
D006987,2026-05-22 14:01:26,WIN-037,github.com,CNAME
D006988,2026-06-07 06:09:41,WIN-004,cloudflare.com,AAAA
D006989,2026-01-04 10:02:01,WIN-002,microsoft.com,A
D006990,2026-06-14 11:25:14,WIN-039,office.com,AAAA
D006991,2026-04-08 05:39:32,WIN-027,github.com,A
D006992,2026-05-08 21:11:33,WIN-012,github.com,CNAME
D006993,2026-03-28 16:09:03,WIN-023,microsoft.com,A
D006994,2026-04-27 10:54:20,WIN-035,cloudflare.com,A
D006995,2026-06-27 08:23:53,WIN-009,github.com,CNAME
D006996,2026-02-10 04:10:45,WIN-012,internal.corp,AAAA
D006997,2026-06-16 14:48:41,WIN-030,google.com,A
D006998,2026-03-07 04:43:22,WIN-030,google.com,CNAME
D006999,2026-05-16 21:12:39,WIN-010,amazonaws.com,CNAME
D007000,2026-02-22 21:03:17,WIN-007,google.com,CNAME
D007001,2026-01-21 23:48:13,WIN-010,github.com,AAAA
D007002,2026-02-27 20:27:02,WIN-015,github.com,A
D007003,2026-05-06 13:39:39,WIN-039,microsoft.com,CNAME
D007004,2026-06-28 12:07:10,WIN-003,microsoft.com,CNAME
D007005,2026-01-25 02:33:12,WIN-035,github.com,A
D007006,2026-05-15 04:51:21,WIN-040,internal.corp,CNAME
D007007,2026-02-20 12:10:56,WIN-023,microsoft.com,A
D007008,2026-05-09 09:11:43,WIN-009,office.com,AAAA
D007009,2026-03-06 19:17:56,WIN-016,cloudflare.com,CNAME
D007010,2026-02-07 07:40:48,WIN-036,amazonaws.com,A
D007011,2026-02-11 13:59:30,WIN-037,amazonaws.com,A
D007012,2026-02-22 15:39:56,WIN-011,amazonaws.com,CNAME
D007013,2026-04-09 06:23:00,WIN-027,cloudflare.com,A
D007014,2026-04-29 06:59:16,WIN-025,microsoft.com,A
D007015,2026-06-15 01:12:18,WIN-027,internal.corp,A
D007016,2026-01-08 12:56:11,WIN-039,microsoft.com,CNAME
D007017,2026-03-19 08:20:20,WIN-003,cloudflare.com,A
D007018,2026-03-10 04:08:08,WIN-020,cloudflare.com,AAAA
D007019,2026-03-20 08:11:31,WIN-030,google.com,CNAME
D007020,2026-03-16 23:58:58,WIN-028,cloudflare.com,AAAA
D007021,2026-05-14 10:03:13,WIN-033,google.com,AAAA
D007022,2026-04-13 10:05:26,WIN-020,microsoft.com,CNAME
D007023,2026-05-23 21:39:37,WIN-021,google.com,A
D007024,2026-05-18 10:32:43,WIN-017,google.com,AAAA
D007025,2026-03-12 17:49:34,WIN-012,amazonaws.com,CNAME
D007026,2026-06-21 18:20:37,WIN-003,office.com,A
D007027,2026-02-20 17:27:09,WIN-030,cloudflare.com,CNAME
D007028,2026-04-11 22:17:18,WIN-003,github.com,AAAA
D007029,2026-05-17 05:11:51,WIN-040,github.com,A
D007030,2026-04-07 11:06:23,WIN-026,google.com,CNAME
D007031,2026-01-15 19:51:10,WIN-039,microsoft.com,CNAME
D007032,2026-05-16 17:30:04,WIN-024,internal.corp,CNAME
D007033,2026-03-26 19:09:21,WIN-017,office.com,A
D007034,2026-02-15 02:12:01,WIN-023,microsoft.com,CNAME
D007035,2026-01-05 20:20:48,WIN-032,internal.corp,CNAME
D007036,2026-02-19 21:26:43,WIN-030,internal.corp,CNAME
D007037,2026-04-29 10:09:55,WIN-008,office.com,AAAA
D007038,2026-01-24 05:50:24,WIN-017,github.com,A
D007039,2026-02-12 12:37:02,WIN-035,github.com,A
D007040,2026-02-16 02:31:32,WIN-010,internal.corp,CNAME
D007041,2026-01-24 04:56:18,WIN-032,internal.corp,CNAME
D007042,2026-04-21 15:03:10,WIN-036,cloudflare.com,A
D007043,2026-01-09 09:00:01,WIN-009,cloudflare.com,A
D007044,2026-06-04 02:48:53,WIN-009,cloudflare.com,AAAA
D007045,2026-03-04 20:13:09,WIN-024,internal.corp,CNAME
D007046,2026-02-08 08:05:11,WIN-030,cloudflare.com,A
D007047,2026-06-14 00:37:37,WIN-037,github.com,A
D007048,2026-01-14 03:42:36,WIN-025,amazonaws.com,CNAME
D007049,2026-04-03 09:55:43,WIN-011,internal.corp,A
D007050,2026-04-25 04:34:32,WIN-003,internal.corp,A
D007051,2026-03-07 18:20:12,WIN-016,internal.corp,AAAA
D007052,2026-04-26 00:35:32,WIN-036,microsoft.com,CNAME
D007053,2026-04-08 19:45:55,WIN-039,amazonaws.com,CNAME
D007054,2026-03-25 13:27:15,WIN-029,google.com,A
D007055,2026-03-05 18:25:14,WIN-019,microsoft.com,A
D007056,2026-04-26 16:22:36,WIN-021,microsoft.com,A
D007057,2026-04-05 13:43:00,WIN-031,office.com,AAAA
D007058,2026-03-22 10:45:58,WIN-040,google.com,CNAME
D007059,2026-01-08 14:11:30,WIN-012,github.com,CNAME
D007060,2026-06-22 19:08:43,WIN-040,cloudflare.com,A
D007061,2026-02-18 05:54:31,WIN-032,github.com,AAAA
D007062,2026-05-31 07:52:59,WIN-005,internal.corp,A
D007063,2026-04-21 17:48:11,WIN-001,github.com,A
D007064,2026-06-10 12:32:58,WIN-013,github.com,CNAME
D007065,2026-01-31 10:51:57,WIN-016,internal.corp,CNAME
D007066,2026-04-07 17:39:17,WIN-005,github.com,A
D007067,2026-06-26 00:19:29,WIN-032,google.com,A
D007068,2026-02-02 15:53:19,WIN-039,microsoft.com,A
D007069,2026-05-31 23:40:30,WIN-028,google.com,A
D007070,2026-02-07 11:45:11,WIN-038,amazonaws.com,CNAME
D007071,2026-05-13 19:08:09,WIN-036,internal.corp,AAAA
D007072,2026-01-27 15:03:55,WIN-002,microsoft.com,A
D007073,2026-03-11 22:49:43,WIN-039,amazonaws.com,A
D007074,2026-01-09 18:04:48,WIN-025,office.com,CNAME
D007075,2026-04-09 01:45:43,WIN-017,office.com,CNAME
D007076,2026-03-20 02:05:27,WIN-010,github.com,A
D007077,2026-01-08 01:08:58,WIN-013,microsoft.com,CNAME
D007078,2026-01-02 17:41:13,WIN-031,github.com,CNAME
D007079,2026-04-18 16:01:31,WIN-011,internal.corp,AAAA
D007080,2026-04-18 16:08:54,WIN-005,microsoft.com,CNAME
D007081,2026-04-15 13:43:18,WIN-040,cloudflare.com,CNAME
D007082,2026-01-27 22:43:56,WIN-039,github.com,CNAME
D007083,2026-04-08 12:09:44,WIN-001,microsoft.com,AAAA
D007084,2026-05-14 03:12:09,WIN-016,cloudflare.com,AAAA
D007085,2026-01-28 09:20:04,WIN-034,cloudflare.com,A
D007086,2026-01-26 23:01:51,WIN-017,cloudflare.com,CNAME
D007087,2026-02-08 10:33:27,WIN-022,google.com,AAAA
D007088,2026-03-22 13:46:48,WIN-013,github.com,AAAA
D007089,2026-01-31 18:05:04,WIN-013,microsoft.com,AAAA
D007090,2026-05-24 09:10:45,WIN-027,cloudflare.com,CNAME
D007091,2026-03-05 02:15:49,WIN-034,office.com,CNAME
D007092,2026-05-28 02:15:22,WIN-017,internal.corp,AAAA
D007093,2026-04-23 14:02:43,WIN-035,cloudflare.com,A
D007094,2026-03-19 22:01:08,WIN-005,internal.corp,CNAME
D007095,2026-02-26 04:56:02,WIN-033,amazonaws.com,A
D007096,2026-01-20 09:07:07,WIN-012,office.com,CNAME
D007097,2026-06-27 04:48:04,WIN-012,cloudflare.com,CNAME
D007098,2026-06-27 20:36:57,WIN-014,internal.corp,CNAME
D007099,2026-03-19 23:31:31,WIN-011,office.com,A
D007100,2026-04-26 02:02:45,WIN-032,microsoft.com,AAAA
D007101,2026-05-29 06:38:27,WIN-030,office.com,AAAA
D007102,2026-05-17 13:13:46,WIN-006,internal.corp,AAAA
D007103,2026-01-22 06:26:21,WIN-028,github.com,A
D007104,2026-06-08 15:00:46,WIN-037,office.com,CNAME
D007105,2026-06-24 07:57:55,WIN-023,internal.corp,A
D007106,2026-03-09 00:36:56,WIN-038,amazonaws.com,A
D007107,2026-05-05 07:26:07,WIN-021,office.com,A
D007108,2026-02-27 19:44:39,WIN-019,internal.corp,AAAA
D007109,2026-01-16 20:44:33,WIN-008,amazonaws.com,A
D007110,2026-06-11 21:05:11,WIN-029,github.com,CNAME
D007111,2026-03-04 10:42:51,WIN-005,amazonaws.com,A
D007112,2026-04-19 00:02:14,WIN-030,cloudflare.com,CNAME
D007113,2026-06-06 08:26:06,WIN-023,office.com,A
D007114,2026-02-11 08:11:09,WIN-016,google.com,A
D007115,2026-04-14 20:58:55,WIN-039,github.com,AAAA
D007116,2026-02-06 07:36:52,WIN-012,google.com,CNAME
D007117,2026-02-16 03:14:33,WIN-021,github.com,AAAA
D007118,2026-05-07 07:09:33,WIN-035,google.com,A
D007119,2026-03-07 09:09:13,WIN-016,amazonaws.com,A
D007120,2026-01-13 06:59:22,WIN-022,github.com,A
D007121,2026-04-27 08:44:18,WIN-030,internal.corp,A
D007122,2026-05-27 13:36:22,WIN-036,microsoft.com,CNAME
D007123,2026-02-04 22:56:56,WIN-027,google.com,A
D007124,2026-02-28 00:53:09,WIN-024,google.com,AAAA
D007125,2026-02-24 10:26:14,WIN-011,internal.corp,CNAME
D007126,2026-06-29 17:29:32,WIN-037,cloudflare.com,AAAA
D007127,2026-04-17 21:11:57,WIN-022,github.com,A
D007128,2026-05-12 19:34:49,WIN-039,cloudflare.com,AAAA
D007129,2026-03-24 16:09:29,WIN-002,cloudflare.com,CNAME
D007130,2026-01-11 08:58:43,WIN-037,google.com,A
D007131,2026-05-21 07:32:52,WIN-002,amazonaws.com,AAAA
D007132,2026-06-30 02:29:47,WIN-032,internal.corp,CNAME
D007133,2026-06-29 10:33:49,WIN-027,internal.corp,A
D007134,2026-06-17 10:06:12,WIN-033,office.com,AAAA
D007135,2026-02-04 18:49:35,WIN-019,cloudflare.com,AAAA
D007136,2026-05-28 15:50:28,WIN-001,office.com,A
D007137,2026-02-01 20:05:52,WIN-024,cloudflare.com,AAAA
D007138,2026-05-27 01:02:40,WIN-017,google.com,A
D007139,2026-03-21 20:01:15,WIN-003,cloudflare.com,CNAME
D007140,2026-06-16 18:05:44,WIN-030,cloudflare.com,A
D007141,2026-04-20 06:39:30,WIN-029,google.com,CNAME
D007142,2026-01-21 12:20:53,WIN-007,github.com,AAAA
D007143,2026-04-22 19:25:37,WIN-029,office.com,CNAME
D007144,2026-01-10 19:26:24,WIN-021,github.com,A
D007145,2026-03-19 23:00:04,WIN-020,microsoft.com,CNAME
D007146,2026-01-30 11:46:58,WIN-004,google.com,A
D007147,2026-03-24 09:16:40,WIN-026,cloudflare.com,A
D007148,2026-04-01 13:34:59,WIN-031,cloudflare.com,CNAME
D007149,2026-02-17 21:52:09,WIN-012,internal.corp,CNAME
D007150,2026-04-29 13:11:02,WIN-013,office.com,A
D007151,2026-04-29 03:58:45,WIN-022,github.com,CNAME
D007152,2026-02-16 04:15:05,WIN-002,office.com,CNAME
D007153,2026-01-01 06:01:35,WIN-038,github.com,A
D007154,2026-03-01 18:11:27,WIN-022,internal.corp,CNAME
D007155,2026-01-04 16:02:09,WIN-009,github.com,AAAA
D007156,2026-01-21 02:41:57,WIN-021,microsoft.com,A
D007157,2026-03-12 10:33:45,WIN-026,office.com,A
D007158,2026-05-12 19:09:00,WIN-014,amazonaws.com,AAAA
D007159,2026-02-19 11:39:02,WIN-035,amazonaws.com,A
D007160,2026-01-27 06:23:23,WIN-022,microsoft.com,AAAA
D007161,2026-05-01 11:20:26,WIN-040,office.com,A
D007162,2026-06-18 09:04:30,WIN-023,github.com,A
D007163,2026-06-29 17:24:19,WIN-012,microsoft.com,CNAME
D007164,2026-06-09 15:24:10,WIN-026,github.com,AAAA
D007165,2026-03-27 04:34:37,WIN-008,google.com,A
D007166,2026-03-04 15:20:14,WIN-031,cloudflare.com,CNAME
D007167,2026-05-30 05:41:16,WIN-037,github.com,AAAA
D007168,2026-02-09 08:06:13,WIN-012,cloudflare.com,AAAA
D007169,2026-03-16 10:03:07,WIN-001,office.com,A
D007170,2026-05-12 04:52:04,WIN-017,amazonaws.com,AAAA
D007171,2026-04-28 00:30:33,WIN-036,office.com,AAAA
D007172,2026-03-27 23:09:06,WIN-006,google.com,A
D007173,2026-05-08 22:12:50,WIN-001,office.com,CNAME
D007174,2026-05-26 04:31:36,WIN-004,amazonaws.com,A
D007175,2026-01-19 11:20:24,WIN-018,google.com,AAAA
D007176,2026-02-14 06:17:44,WIN-022,microsoft.com,A
D007177,2026-05-27 08:37:08,WIN-001,google.com,CNAME
D007178,2026-04-30 13:59:20,WIN-029,amazonaws.com,AAAA
D007179,2026-02-11 05:17:53,WIN-023,microsoft.com,CNAME
D007180,2026-06-20 10:25:23,WIN-037,google.com,A
D007181,2026-05-29 03:36:36,WIN-021,office.com,AAAA
D007182,2026-02-11 23:12:45,WIN-019,internal.corp,AAAA
D007183,2026-02-16 15:13:56,WIN-025,internal.corp,AAAA
D007184,2026-01-27 04:36:20,WIN-020,amazonaws.com,CNAME
D007185,2026-01-25 13:56:42,WIN-023,internal.corp,AAAA
D007186,2026-03-21 18:26:57,WIN-038,microsoft.com,CNAME
D007187,2026-05-22 13:53:09,WIN-031,office.com,AAAA
D007188,2026-06-13 15:53:54,WIN-013,cloudflare.com,CNAME
D007189,2026-04-29 18:22:13,WIN-020,amazonaws.com,AAAA
D007190,2026-04-28 22:51:43,WIN-027,office.com,A
D007191,2026-06-27 06:02:26,WIN-014,google.com,CNAME
D007192,2026-06-14 05:46:21,WIN-015,cloudflare.com,AAAA
D007193,2026-03-08 05:40:11,WIN-034,cloudflare.com,AAAA
D007194,2026-05-30 19:15:05,WIN-022,github.com,CNAME
D007195,2026-02-21 10:26:15,WIN-034,internal.corp,AAAA
D007196,2026-03-15 15:31:51,WIN-019,cloudflare.com,A
D007197,2026-01-23 15:02:05,WIN-020,cloudflare.com,CNAME
D007198,2026-02-25 22:06:28,WIN-027,internal.corp,AAAA
D007199,2026-03-20 08:08:48,WIN-027,google.com,CNAME
D007200,2026-01-22 02:43:57,WIN-019,cloudflare.com,AAAA
D007201,2026-04-08 11:43:31,WIN-030,amazonaws.com,CNAME
D007202,2026-01-11 05:42:54,WIN-033,internal.corp,CNAME
D007203,2026-04-10 17:50:29,WIN-014,office.com,CNAME
D007204,2026-06-24 16:23:29,WIN-029,office.com,A
D007205,2026-04-13 07:34:39,WIN-006,microsoft.com,AAAA
D007206,2026-04-28 23:04:07,WIN-026,microsoft.com,CNAME
D007207,2026-01-19 04:27:56,WIN-006,cloudflare.com,AAAA
D007208,2026-04-28 09:38:11,WIN-004,github.com,CNAME
D007209,2026-05-27 02:14:06,WIN-040,github.com,AAAA
D007210,2026-03-27 00:37:02,WIN-018,github.com,A
D007211,2026-03-19 10:36:25,WIN-034,google.com,CNAME
D007212,2026-06-20 01:31:20,WIN-023,microsoft.com,AAAA
D007213,2026-05-05 11:39:02,WIN-016,google.com,A
D007214,2026-01-21 09:15:24,WIN-029,microsoft.com,CNAME
D007215,2026-01-26 17:30:02,WIN-001,cloudflare.com,A
D007216,2026-06-06 01:00:51,WIN-020,github.com,A
D007217,2026-06-13 07:28:32,WIN-005,office.com,CNAME
D007218,2026-02-09 02:02:10,WIN-010,google.com,A
D007219,2026-02-05 18:34:46,WIN-006,github.com,AAAA
D007220,2026-05-16 13:28:01,WIN-013,office.com,CNAME
D007221,2026-01-22 15:19:58,WIN-036,google.com,AAAA
D007222,2026-02-17 14:24:11,WIN-002,google.com,CNAME
D007223,2026-04-10 05:07:55,WIN-030,office.com,CNAME
D007224,2026-03-05 11:02:29,WIN-031,amazonaws.com,AAAA
D007225,2026-02-03 05:07:09,WIN-031,cloudflare.com,A
D007226,2026-04-13 15:00:42,WIN-004,github.com,A
D007227,2026-02-20 00:44:51,WIN-035,cloudflare.com,A
D007228,2026-04-20 18:59:08,WIN-007,google.com,CNAME
D007229,2026-01-17 20:01:00,WIN-022,office.com,CNAME
D007230,2026-01-02 01:05:03,WIN-007,cloudflare.com,AAAA
D007231,2026-04-04 05:26:39,WIN-008,google.com,A
D007232,2026-05-12 18:09:49,WIN-028,google.com,AAAA
D007233,2026-05-04 07:33:39,WIN-015,microsoft.com,A
D007234,2026-01-06 12:04:10,WIN-040,github.com,A
D007235,2026-02-21 04:49:22,WIN-035,amazonaws.com,CNAME
D007236,2026-03-07 20:59:49,WIN-008,github.com,A
D007237,2026-04-11 06:54:23,WIN-014,amazonaws.com,CNAME
D007238,2026-04-17 18:02:07,WIN-034,google.com,A
D007239,2026-01-07 19:44:11,WIN-037,microsoft.com,AAAA
D007240,2026-04-07 23:24:20,WIN-010,office.com,AAAA
D007241,2026-05-25 17:24:14,WIN-028,office.com,CNAME
D007242,2026-02-03 14:14:08,WIN-013,internal.corp,A
D007243,2026-06-19 12:01:06,WIN-005,internal.corp,AAAA
D007244,2026-06-14 00:08:57,WIN-038,internal.corp,A
D007245,2026-01-31 14:30:20,WIN-006,office.com,AAAA
D007246,2026-03-08 18:10:45,WIN-028,google.com,CNAME
D007247,2026-06-19 22:05:30,WIN-032,internal.corp,A
D007248,2026-02-02 04:22:31,WIN-018,amazonaws.com,CNAME
D007249,2026-04-19 20:32:26,WIN-024,cloudflare.com,CNAME
D007250,2026-06-16 04:45:23,WIN-010,internal.corp,A
D007251,2026-03-25 11:36:20,WIN-029,github.com,A
D007252,2026-04-22 01:37:45,WIN-030,amazonaws.com,A
D007253,2026-01-25 00:24:35,WIN-009,github.com,AAAA
D007254,2026-03-09 18:32:34,WIN-014,github.com,AAAA
D007255,2026-01-24 17:51:23,WIN-001,github.com,A
D007256,2026-05-17 19:26:50,WIN-040,amazonaws.com,CNAME
D007257,2026-05-29 10:37:55,WIN-004,microsoft.com,CNAME
D007258,2026-04-11 18:05:54,WIN-029,office.com,AAAA
D007259,2026-05-22 07:05:19,WIN-023,google.com,CNAME
D007260,2026-05-28 22:24:49,WIN-005,cloudflare.com,A
D007261,2026-05-26 17:30:27,WIN-008,github.com,AAAA
D007262,2026-02-07 16:54:07,WIN-013,amazonaws.com,CNAME
D007263,2026-02-24 04:23:08,WIN-014,cloudflare.com,A
D007264,2026-02-03 07:40:50,WIN-027,cloudflare.com,A
D007265,2026-06-05 06:54:41,WIN-021,amazonaws.com,CNAME
D007266,2026-01-13 17:49:29,WIN-018,cloudflare.com,A
D007267,2026-02-26 00:28:36,WIN-004,office.com,AAAA
D007268,2026-04-26 09:14:35,WIN-013,github.com,A
D007269,2026-03-06 07:27:28,WIN-003,cloudflare.com,CNAME
D007270,2026-02-18 18:50:39,WIN-004,github.com,CNAME
D007271,2026-01-11 16:04:11,WIN-011,internal.corp,CNAME
D007272,2026-06-15 06:32:39,WIN-004,microsoft.com,AAAA
D007273,2026-01-23 20:15:57,WIN-018,amazonaws.com,AAAA
D007274,2026-04-29 20:57:55,WIN-016,amazonaws.com,CNAME
D007275,2026-06-06 07:32:37,WIN-016,amazonaws.com,AAAA
D007276,2026-01-16 16:00:25,WIN-025,office.com,CNAME
D007277,2026-04-12 13:35:35,WIN-028,internal.corp,A
D007278,2026-04-15 06:41:56,WIN-027,microsoft.com,AAAA
D007279,2026-06-14 20:39:20,WIN-022,microsoft.com,CNAME
D007280,2026-01-06 12:32:26,WIN-031,microsoft.com,A
D007281,2026-01-14 16:18:39,WIN-030,microsoft.com,CNAME
D007282,2026-03-14 03:16:16,WIN-011,internal.corp,AAAA
D007283,2026-03-26 20:35:43,WIN-033,amazonaws.com,CNAME
D007284,2026-01-26 14:03:41,WIN-026,internal.corp,AAAA
D007285,2026-05-01 20:28:00,WIN-003,internal.corp,CNAME
D007286,2026-05-02 10:10:41,WIN-035,microsoft.com,AAAA
D007287,2026-02-06 07:46:33,WIN-038,microsoft.com,AAAA
D007288,2026-05-02 13:37:10,WIN-006,microsoft.com,A
D007289,2026-06-27 04:21:33,WIN-003,cloudflare.com,AAAA
D007290,2026-05-06 13:55:04,WIN-030,cloudflare.com,CNAME
D007291,2026-02-03 13:41:39,WIN-002,google.com,CNAME
D007292,2026-05-02 22:59:27,WIN-009,github.com,CNAME
D007293,2026-01-13 22:29:49,WIN-021,github.com,AAAA
D007294,2026-04-07 05:06:34,WIN-034,google.com,CNAME
D007295,2026-02-04 08:22:12,WIN-012,microsoft.com,AAAA
D007296,2026-02-11 04:59:50,WIN-007,microsoft.com,A
D007297,2026-03-13 20:27:34,WIN-006,google.com,AAAA
D007298,2026-05-09 09:15:54,WIN-002,google.com,CNAME
D007299,2026-06-10 09:20:35,WIN-022,google.com,AAAA
D007300,2026-02-21 00:47:16,WIN-033,microsoft.com,AAAA
D007301,2026-06-23 15:17:01,WIN-034,amazonaws.com,A
D007302,2026-05-21 01:38:00,WIN-018,google.com,CNAME
D007303,2026-01-14 08:45:56,WIN-040,microsoft.com,CNAME
D007304,2026-05-14 21:29:04,WIN-040,cloudflare.com,CNAME
D007305,2026-01-24 20:36:57,WIN-020,microsoft.com,A
D007306,2026-05-07 18:31:45,WIN-008,amazonaws.com,AAAA
D007307,2026-06-11 18:45:43,WIN-018,office.com,A
D007308,2026-04-30 17:53:12,WIN-013,internal.corp,CNAME
D007309,2026-04-19 22:53:21,WIN-010,cloudflare.com,A
D007310,2026-04-14 06:46:15,WIN-030,microsoft.com,CNAME
D007311,2026-02-06 07:14:21,WIN-035,microsoft.com,CNAME
D007312,2026-06-10 18:20:52,WIN-014,internal.corp,CNAME
D007313,2026-04-10 00:02:34,WIN-038,google.com,A
D007314,2026-03-03 10:35:22,WIN-031,amazonaws.com,A
D007315,2026-02-10 08:24:08,WIN-015,microsoft.com,CNAME
D007316,2026-03-19 03:47:48,WIN-020,office.com,CNAME
D007317,2026-01-20 15:46:48,WIN-003,internal.corp,AAAA
D007318,2026-01-12 19:03:02,WIN-018,office.com,AAAA
D007319,2026-02-04 07:55:46,WIN-007,microsoft.com,A
D007320,2026-04-23 12:05:29,WIN-034,internal.corp,AAAA
D007321,2026-04-07 09:05:17,WIN-013,github.com,AAAA
D007322,2026-04-11 06:24:43,WIN-038,cloudflare.com,AAAA
D007323,2026-03-14 15:53:28,WIN-023,github.com,AAAA
D007324,2026-04-30 04:43:07,WIN-034,github.com,A
D007325,2026-06-16 11:59:52,WIN-018,office.com,AAAA
D007326,2026-01-04 04:04:55,WIN-021,internal.corp,CNAME
D007327,2026-05-24 03:34:29,WIN-034,microsoft.com,AAAA
D007328,2026-03-12 14:18:47,WIN-011,microsoft.com,AAAA
D007329,2026-01-09 04:54:30,WIN-032,office.com,A
D007330,2026-04-16 22:37:47,WIN-020,microsoft.com,AAAA
D007331,2026-05-10 17:06:54,WIN-014,amazonaws.com,AAAA
D007332,2026-04-13 21:23:26,WIN-006,microsoft.com,AAAA
D007333,2026-02-26 02:21:16,WIN-010,amazonaws.com,AAAA
D007334,2026-03-14 17:49:34,WIN-039,cloudflare.com,A
D007335,2026-03-01 21:11:50,WIN-037,google.com,AAAA
D007336,2026-01-08 04:41:12,WIN-016,office.com,CNAME
D007337,2026-04-08 07:04:52,WIN-040,amazonaws.com,AAAA
D007338,2026-06-29 07:45:03,WIN-022,internal.corp,CNAME
D007339,2026-06-23 01:17:21,WIN-016,cloudflare.com,AAAA
D007340,2026-05-20 07:08:00,WIN-029,cloudflare.com,A
D007341,2026-06-14 08:23:38,WIN-009,amazonaws.com,A
D007342,2026-01-15 23:38:59,WIN-007,google.com,A
D007343,2026-05-09 10:11:02,WIN-030,github.com,AAAA
D007344,2026-05-17 14:47:46,WIN-033,cloudflare.com,A
D007345,2026-02-04 22:51:11,WIN-027,microsoft.com,A
D007346,2026-05-24 01:15:32,WIN-024,microsoft.com,A
D007347,2026-06-27 14:59:12,WIN-027,google.com,AAAA
D007348,2026-02-09 05:27:40,WIN-036,office.com,AAAA
D007349,2026-03-05 16:13:38,WIN-020,amazonaws.com,AAAA
D007350,2026-04-13 22:44:25,WIN-023,amazonaws.com,AAAA
D007351,2026-01-22 07:08:35,WIN-012,cloudflare.com,CNAME
D007352,2026-04-29 12:36:03,WIN-006,google.com,A
D007353,2026-04-16 15:24:57,WIN-032,github.com,A
D007354,2026-05-10 08:49:46,WIN-020,microsoft.com,A
D007355,2026-02-01 06:22:12,WIN-026,microsoft.com,A
D007356,2026-04-19 08:34:53,WIN-017,github.com,CNAME
D007357,2026-03-11 23:33:20,WIN-034,google.com,A
D007358,2026-03-09 13:11:18,WIN-004,github.com,A
D007359,2026-06-24 04:30:41,WIN-030,office.com,CNAME
D007360,2026-02-19 03:21:54,WIN-005,cloudflare.com,CNAME
D007361,2026-03-25 06:29:15,WIN-025,cloudflare.com,A
D007362,2026-02-03 23:47:43,WIN-022,office.com,AAAA
D007363,2026-06-26 13:04:42,WIN-021,microsoft.com,A
D007364,2026-01-13 05:44:42,WIN-001,github.com,AAAA
D007365,2026-05-31 14:52:15,WIN-010,office.com,A
D007366,2026-04-20 07:00:01,WIN-025,cloudflare.com,AAAA
D007367,2026-04-07 13:18:59,WIN-028,cloudflare.com,AAAA
D007368,2026-06-04 12:37:34,WIN-040,google.com,A
D007369,2026-06-16 20:53:53,WIN-023,microsoft.com,A
D007370,2026-06-26 23:23:07,WIN-013,microsoft.com,AAAA
D007371,2026-06-18 10:19:45,WIN-032,google.com,CNAME
D007372,2026-02-01 17:37:15,WIN-033,internal.corp,A
D007373,2026-06-28 11:34:43,WIN-036,google.com,AAAA
D007374,2026-05-18 14:49:58,WIN-011,google.com,CNAME
D007375,2026-03-02 08:06:23,WIN-020,office.com,CNAME
D007376,2026-04-29 08:45:56,WIN-023,amazonaws.com,CNAME
D007377,2026-05-16 06:18:20,WIN-014,office.com,CNAME
D007378,2026-04-30 20:45:26,WIN-038,google.com,CNAME
D007379,2026-01-17 06:41:29,WIN-028,microsoft.com,A
D007380,2026-04-27 10:51:58,WIN-019,amazonaws.com,CNAME
D007381,2026-06-09 14:23:00,WIN-002,google.com,CNAME
D007382,2026-06-26 19:38:54,WIN-015,amazonaws.com,AAAA
D007383,2026-06-14 09:39:19,WIN-015,office.com,A
D007384,2026-04-21 05:48:07,WIN-039,cloudflare.com,AAAA
D007385,2026-01-14 08:13:47,WIN-029,internal.corp,AAAA
D007386,2026-02-23 19:03:26,WIN-029,internal.corp,CNAME
D007387,2026-03-29 07:15:28,WIN-039,internal.corp,AAAA
D007388,2026-03-20 01:43:16,WIN-004,github.com,CNAME
D007389,2026-01-16 05:00:30,WIN-027,internal.corp,AAAA
D007390,2026-05-30 17:31:33,WIN-040,microsoft.com,AAAA
D007391,2026-05-22 20:49:15,WIN-006,microsoft.com,CNAME
D007392,2026-03-06 18:31:02,WIN-026,microsoft.com,CNAME
D007393,2026-05-12 17:28:32,WIN-026,cloudflare.com,CNAME
D007394,2026-02-28 15:39:00,WIN-011,internal.corp,A
D007395,2026-05-05 04:08:38,WIN-007,office.com,A
D007396,2026-06-27 06:05:53,WIN-018,github.com,A
D007397,2026-05-20 16:26:59,WIN-007,microsoft.com,CNAME
D007398,2026-03-02 00:44:43,WIN-011,amazonaws.com,CNAME
D007399,2026-06-30 07:00:19,WIN-032,amazonaws.com,A
D007400,2026-06-17 19:52:10,WIN-034,github.com,A
D007401,2026-04-04 16:20:30,WIN-036,github.com,A
D007402,2026-06-24 16:31:56,WIN-028,google.com,A
D007403,2026-01-11 09:39:00,WIN-001,microsoft.com,AAAA
D007404,2026-03-06 08:23:30,WIN-029,cloudflare.com,A
D007405,2026-01-21 07:32:14,WIN-003,office.com,A
D007406,2026-01-31 11:42:41,WIN-008,amazonaws.com,AAAA
D007407,2026-06-17 01:57:22,WIN-018,google.com,A
D007408,2026-05-18 14:07:58,WIN-022,github.com,A
D007409,2026-04-21 09:42:07,WIN-017,internal.corp,AAAA
D007410,2026-02-03 18:19:07,WIN-026,google.com,CNAME
D007411,2026-04-17 10:51:51,WIN-001,cloudflare.com,AAAA
D007412,2026-03-12 06:11:04,WIN-002,cloudflare.com,CNAME
D007413,2026-06-18 01:41:56,WIN-023,microsoft.com,A
D007414,2026-02-07 10:35:41,WIN-032,office.com,A
D007415,2026-03-31 21:53:31,WIN-002,cloudflare.com,CNAME
D007416,2026-03-10 13:20:36,WIN-022,microsoft.com,AAAA
D007417,2026-05-22 14:24:15,WIN-027,internal.corp,AAAA
D007418,2026-01-31 04:36:13,WIN-025,google.com,CNAME
D007419,2026-03-25 12:15:11,WIN-013,internal.corp,A
D007420,2026-05-22 12:14:04,WIN-040,cloudflare.com,CNAME
D007421,2026-06-30 15:50:35,WIN-027,office.com,A
D007422,2026-06-03 12:49:45,WIN-037,github.com,AAAA
D007423,2026-04-15 03:41:43,WIN-019,microsoft.com,CNAME
D007424,2026-02-19 20:14:56,WIN-027,amazonaws.com,CNAME
D007425,2026-02-23 07:00:42,WIN-033,office.com,A
D007426,2026-02-03 11:29:26,WIN-029,google.com,CNAME
D007427,2026-01-09 20:56:19,WIN-007,internal.corp,CNAME
D007428,2026-04-30 14:13:25,WIN-009,cloudflare.com,AAAA
D007429,2026-01-15 03:01:30,WIN-005,office.com,CNAME
D007430,2026-05-10 18:04:34,WIN-040,google.com,A
D007431,2026-03-28 09:51:24,WIN-006,office.com,AAAA
D007432,2026-04-04 10:58:08,WIN-021,github.com,A
D007433,2026-03-04 05:53:08,WIN-006,internal.corp,A
D007434,2026-04-28 13:05:22,WIN-005,github.com,AAAA
D007435,2026-03-04 16:35:05,WIN-008,microsoft.com,A
D007436,2026-03-24 02:45:56,WIN-015,google.com,CNAME
D007437,2026-02-17 13:42:47,WIN-020,office.com,AAAA
D007438,2026-03-25 14:04:41,WIN-019,amazonaws.com,A
D007439,2026-04-04 23:38:50,WIN-027,google.com,CNAME
D007440,2026-02-20 22:32:15,WIN-021,amazonaws.com,AAAA
D007441,2026-02-27 03:40:19,WIN-014,amazonaws.com,AAAA
D007442,2026-01-05 08:59:00,WIN-035,office.com,CNAME
D007443,2026-03-08 14:40:59,WIN-023,microsoft.com,CNAME
D007444,2026-06-26 10:15:26,WIN-019,microsoft.com,CNAME
D007445,2026-01-14 02:55:25,WIN-023,microsoft.com,CNAME
D007446,2026-01-30 16:50:19,WIN-032,github.com,CNAME
D007447,2026-01-10 11:51:48,WIN-034,github.com,A
D007448,2026-03-14 08:07:53,WIN-031,microsoft.com,AAAA
D007449,2026-03-13 12:19:39,WIN-003,google.com,CNAME
D007450,2026-01-16 20:20:19,WIN-017,github.com,CNAME
D007451,2026-04-30 11:11:57,WIN-026,microsoft.com,CNAME
D007452,2026-06-04 19:52:06,WIN-023,internal.corp,A
D007453,2026-06-03 22:47:49,WIN-014,google.com,AAAA
D007454,2026-02-02 20:21:25,WIN-003,google.com,CNAME
D007455,2026-04-03 10:21:30,WIN-036,amazonaws.com,A
D007456,2026-02-13 17:27:21,WIN-002,internal.corp,CNAME
D007457,2026-01-09 06:19:13,WIN-033,internal.corp,CNAME
D007458,2026-04-11 19:34:31,WIN-015,google.com,CNAME
D007459,2026-04-14 10:38:33,WIN-039,internal.corp,AAAA
D007460,2026-05-20 12:00:40,WIN-021,microsoft.com,CNAME
D007461,2026-05-15 10:51:09,WIN-010,amazonaws.com,CNAME
D007462,2026-04-26 02:13:49,WIN-040,google.com,AAAA
D007463,2026-06-27 18:43:21,WIN-026,github.com,A
D007464,2026-01-07 11:15:12,WIN-020,amazonaws.com,CNAME
D007465,2026-05-28 01:12:03,WIN-011,github.com,A
D007466,2026-05-16 19:20:37,WIN-016,google.com,CNAME
D007467,2026-06-30 05:17:09,WIN-001,cloudflare.com,CNAME
D007468,2026-01-07 23:32:09,WIN-021,cloudflare.com,CNAME
D007469,2026-06-13 09:55:24,WIN-009,microsoft.com,AAAA
D007470,2026-01-08 14:25:32,WIN-006,microsoft.com,A
D007471,2026-06-26 20:20:29,WIN-020,internal.corp,AAAA
D007472,2026-02-13 16:38:24,WIN-034,office.com,AAAA
D007473,2026-06-02 09:52:53,WIN-011,amazonaws.com,AAAA
D007474,2026-01-29 01:32:54,WIN-031,internal.corp,AAAA
D007475,2026-04-08 22:23:09,WIN-038,github.com,A
D007476,2026-01-29 23:14:02,WIN-019,cloudflare.com,AAAA
D007477,2026-01-28 09:14:16,WIN-001,microsoft.com,CNAME
D007478,2026-01-03 03:06:46,WIN-019,github.com,A
D007479,2026-05-03 14:59:36,WIN-017,google.com,AAAA
D007480,2026-02-03 14:59:52,WIN-027,internal.corp,A
D007481,2026-06-28 18:45:15,WIN-004,office.com,CNAME
D007482,2026-05-19 04:52:48,WIN-025,amazonaws.com,CNAME
D007483,2026-06-09 17:52:31,WIN-020,github.com,A
D007484,2026-05-20 09:31:57,WIN-035,cloudflare.com,AAAA
D007485,2026-01-06 10:42:23,WIN-039,google.com,A
D007486,2026-06-06 13:56:53,WIN-020,amazonaws.com,A
D007487,2026-06-28 20:11:13,WIN-018,google.com,AAAA
D007488,2026-06-08 23:21:15,WIN-015,cloudflare.com,AAAA
D007489,2026-04-16 07:04:50,WIN-020,amazonaws.com,AAAA
D007490,2026-05-25 18:57:23,WIN-034,cloudflare.com,AAAA
D007491,2026-06-29 08:01:56,WIN-027,internal.corp,A
D007492,2026-06-22 19:45:53,WIN-022,github.com,AAAA
D007493,2026-03-06 20:14:31,WIN-033,github.com,A
D007494,2026-05-22 15:38:40,WIN-032,microsoft.com,A
D007495,2026-02-03 09:54:23,WIN-023,amazonaws.com,AAAA
D007496,2026-03-24 09:36:53,WIN-003,google.com,AAAA
D007497,2026-06-21 19:29:20,WIN-022,amazonaws.com,CNAME
D007498,2026-05-21 13:15:29,WIN-030,amazonaws.com,AAAA
D007499,2026-04-03 15:16:17,WIN-007,github.com,AAAA
D007500,2026-05-29 15:48:01,WIN-020,google.com,CNAME
D007501,2026-01-14 10:51:00,WIN-032,amazonaws.com,A
D007502,2026-05-21 18:54:29,WIN-013,cloudflare.com,CNAME
D007503,2026-01-24 13:22:37,WIN-031,internal.corp,A
D007504,2026-01-09 18:56:51,WIN-031,microsoft.com,CNAME
D007505,2026-02-24 12:05:37,WIN-011,amazonaws.com,A
D007506,2026-01-29 13:16:40,WIN-034,internal.corp,CNAME
D007507,2026-06-05 08:47:59,WIN-005,internal.corp,A
D007508,2026-06-14 07:51:54,WIN-030,cloudflare.com,AAAA
D007509,2026-02-01 09:25:40,WIN-030,google.com,CNAME
D007510,2026-03-22 17:25:16,WIN-029,google.com,A
D007511,2026-04-28 03:29:15,WIN-017,google.com,CNAME
D007512,2026-04-13 04:30:22,WIN-031,google.com,CNAME
D007513,2026-02-13 10:56:25,WIN-026,cloudflare.com,A
D007514,2026-01-05 07:26:27,WIN-019,amazonaws.com,AAAA
D007515,2026-03-29 09:25:40,WIN-026,google.com,A
D007516,2026-06-10 18:39:30,WIN-022,office.com,CNAME
D007517,2026-02-07 22:52:12,WIN-003,microsoft.com,AAAA
D007518,2026-06-18 14:15:45,WIN-025,github.com,CNAME
D007519,2026-02-17 03:45:17,WIN-033,github.com,CNAME
D007520,2026-01-14 18:36:28,WIN-037,office.com,A
D007521,2026-05-02 01:43:30,WIN-011,office.com,AAAA
D007522,2026-06-27 03:27:26,WIN-006,github.com,A
D007523,2026-02-07 16:27:49,WIN-034,office.com,CNAME
D007524,2026-01-01 20:09:45,WIN-034,office.com,A
D007525,2026-01-19 23:48:04,WIN-021,amazonaws.com,AAAA
D007526,2026-05-27 05:13:53,WIN-012,github.com,CNAME
D007527,2026-06-11 17:26:32,WIN-005,office.com,AAAA
D007528,2026-01-30 09:20:48,WIN-025,github.com,CNAME
D007529,2026-02-12 08:31:39,WIN-034,google.com,A
D007530,2026-05-08 04:03:46,WIN-033,internal.corp,CNAME
D007531,2026-01-02 18:42:09,WIN-013,amazonaws.com,AAAA
D007532,2026-04-22 16:21:29,WIN-002,amazonaws.com,AAAA
D007533,2026-01-16 17:57:18,WIN-001,internal.corp,AAAA
D007534,2026-04-15 08:25:21,WIN-018,cloudflare.com,A
D007535,2026-03-18 11:53:21,WIN-015,google.com,A
D007536,2026-02-18 15:54:30,WIN-040,cloudflare.com,CNAME
D007537,2026-02-27 12:53:11,WIN-001,google.com,A
D007538,2026-03-28 02:24:32,WIN-022,office.com,A
D007539,2026-03-12 07:18:22,WIN-011,office.com,AAAA
D007540,2026-01-05 15:23:04,WIN-034,google.com,A
D007541,2026-05-28 06:36:06,WIN-018,internal.corp,AAAA
D007542,2026-03-27 14:44:11,WIN-009,amazonaws.com,CNAME
D007543,2026-03-07 18:30:51,WIN-032,cloudflare.com,CNAME
D007544,2026-02-24 03:36:17,WIN-001,internal.corp,CNAME
D007545,2026-01-26 02:46:22,WIN-012,google.com,AAAA
D007546,2026-04-23 06:27:34,WIN-028,google.com,AAAA
D007547,2026-02-24 03:23:43,WIN-038,google.com,AAAA
D007548,2026-02-06 13:49:58,WIN-036,cloudflare.com,CNAME
D007549,2026-03-20 13:36:50,WIN-030,github.com,CNAME
D007550,2026-04-25 05:59:03,WIN-033,office.com,CNAME
D007551,2026-03-15 18:58:43,WIN-015,office.com,CNAME
D007552,2026-04-05 13:37:57,WIN-005,github.com,CNAME
D007553,2026-04-20 07:27:06,WIN-031,cloudflare.com,A
D007554,2026-03-21 12:03:30,WIN-032,google.com,CNAME
D007555,2026-04-21 03:37:43,WIN-039,amazonaws.com,AAAA
D007556,2026-05-15 15:52:51,WIN-034,google.com,A
D007557,2026-06-06 20:45:18,WIN-033,internal.corp,A
D007558,2026-05-03 22:53:18,WIN-037,internal.corp,AAAA
D007559,2026-06-13 04:14:23,WIN-038,google.com,AAAA
D007560,2026-05-02 16:19:38,WIN-009,cloudflare.com,AAAA
D007561,2026-03-14 01:24:09,WIN-001,internal.corp,CNAME
D007562,2026-01-10 21:24:06,WIN-001,amazonaws.com,A
D007563,2026-04-24 21:20:29,WIN-002,github.com,CNAME
D007564,2026-01-01 23:06:39,WIN-027,github.com,AAAA
D007565,2026-05-05 03:30:05,WIN-027,internal.corp,A
D007566,2026-01-16 07:57:03,WIN-013,github.com,AAAA
D007567,2026-06-22 07:01:58,WIN-040,github.com,AAAA
D007568,2026-05-14 21:47:05,WIN-016,amazonaws.com,CNAME
D007569,2026-04-13 01:37:08,WIN-030,google.com,A
D007570,2026-04-09 13:32:33,WIN-016,google.com,A
D007571,2026-06-07 01:58:34,WIN-017,google.com,A
D007572,2026-05-22 14:24:19,WIN-001,office.com,CNAME
D007573,2026-04-16 21:00:46,WIN-006,amazonaws.com,A
D007574,2026-03-08 19:23:41,WIN-011,office.com,AAAA
D007575,2026-03-27 06:55:18,WIN-014,cloudflare.com,A
D007576,2026-04-08 19:30:48,WIN-004,microsoft.com,AAAA
D007577,2026-04-22 00:38:47,WIN-013,amazonaws.com,AAAA
D007578,2026-02-07 12:09:38,WIN-038,google.com,A
D007579,2026-01-21 02:30:09,WIN-040,google.com,CNAME
D007580,2026-05-25 20:00:31,WIN-033,microsoft.com,CNAME
D007581,2026-04-08 14:55:10,WIN-032,office.com,CNAME
D007582,2026-01-03 11:14:49,WIN-027,microsoft.com,A
D007583,2026-03-22 08:09:44,WIN-024,google.com,AAAA
D007584,2026-01-03 12:35:14,WIN-040,google.com,A
D007585,2026-03-21 06:52:18,WIN-034,cloudflare.com,CNAME
D007586,2026-05-11 18:51:02,WIN-007,office.com,AAAA
D007587,2026-05-17 09:10:31,WIN-036,github.com,A
D007588,2026-04-19 01:04:45,WIN-020,microsoft.com,A
D007589,2026-06-02 19:09:36,WIN-031,microsoft.com,AAAA
D007590,2026-03-25 21:24:45,WIN-032,amazonaws.com,AAAA
D007591,2026-06-07 18:47:25,WIN-021,cloudflare.com,AAAA
D007592,2026-03-28 18:10:12,WIN-012,office.com,AAAA
D007593,2026-01-31 04:45:36,WIN-008,cloudflare.com,AAAA
D007594,2026-03-28 04:40:29,WIN-032,cloudflare.com,AAAA
D007595,2026-05-24 16:38:21,WIN-025,internal.corp,CNAME
D007596,2026-02-05 09:01:08,WIN-016,office.com,CNAME
D007597,2026-05-28 08:40:13,WIN-014,amazonaws.com,AAAA
D007598,2026-02-26 21:02:49,WIN-027,cloudflare.com,A
D007599,2026-06-01 01:52:48,WIN-009,github.com,CNAME
D007600,2026-02-08 08:12:13,WIN-037,github.com,CNAME
D007601,2026-04-24 10:40:06,WIN-007,github.com,A
D007602,2026-03-30 06:54:30,WIN-001,office.com,A
D007603,2026-05-10 09:45:47,WIN-037,cloudflare.com,AAAA
D007604,2026-03-08 14:42:30,WIN-026,amazonaws.com,CNAME
D007605,2026-05-31 06:22:08,WIN-039,internal.corp,A
D007606,2026-05-31 16:49:05,WIN-021,internal.corp,A
D007607,2026-06-17 21:46:35,WIN-015,cloudflare.com,CNAME
D007608,2026-04-10 04:38:22,WIN-006,google.com,CNAME
D007609,2026-02-10 02:19:44,WIN-018,microsoft.com,AAAA
D007610,2026-06-30 02:23:16,WIN-018,github.com,CNAME
D007611,2026-04-18 04:13:01,WIN-017,amazonaws.com,CNAME
D007612,2026-06-26 18:13:27,WIN-003,internal.corp,A
D007613,2026-06-02 14:58:01,WIN-028,google.com,A
D007614,2026-03-05 07:47:56,WIN-014,microsoft.com,AAAA
D007615,2026-06-06 17:18:18,WIN-013,internal.corp,A
D007616,2026-06-11 01:48:45,WIN-016,internal.corp,AAAA
D007617,2026-05-06 03:27:06,WIN-001,cloudflare.com,AAAA
D007618,2026-04-22 19:31:52,WIN-040,internal.corp,CNAME
D007619,2026-06-21 09:09:32,WIN-001,cloudflare.com,AAAA
D007620,2026-04-07 15:15:49,WIN-019,amazonaws.com,AAAA
D007621,2026-04-26 01:48:39,WIN-038,microsoft.com,A
D007622,2026-05-22 13:21:44,WIN-040,github.com,CNAME
D007623,2026-04-09 16:04:12,WIN-022,cloudflare.com,CNAME
D007624,2026-03-01 08:01:28,WIN-005,amazonaws.com,CNAME
D007625,2026-04-10 05:40:53,WIN-011,google.com,CNAME
D007626,2026-03-05 22:49:43,WIN-023,internal.corp,AAAA
D007627,2026-05-02 04:52:58,WIN-032,google.com,A
D007628,2026-02-06 03:01:12,WIN-031,cloudflare.com,A
D007629,2026-06-05 07:36:05,WIN-018,internal.corp,A
D007630,2026-06-29 01:15:23,WIN-028,internal.corp,A
D007631,2026-03-09 03:54:50,WIN-019,internal.corp,AAAA
D007632,2026-04-08 23:38:01,WIN-030,office.com,A
D007633,2026-03-12 20:13:03,WIN-004,office.com,AAAA
D007634,2026-04-05 21:34:46,WIN-023,office.com,A
D007635,2026-03-03 02:36:36,WIN-030,google.com,AAAA
D007636,2026-05-04 12:42:38,WIN-002,microsoft.com,CNAME
D007637,2026-02-04 08:34:14,WIN-005,amazonaws.com,AAAA
D007638,2026-06-01 05:15:33,WIN-009,google.com,AAAA
D007639,2026-01-09 06:04:24,WIN-011,cloudflare.com,A
D007640,2026-06-29 07:33:43,WIN-036,cloudflare.com,CNAME
D007641,2026-02-04 01:12:04,WIN-027,amazonaws.com,CNAME
D007642,2026-05-24 14:44:16,WIN-029,internal.corp,CNAME
D007643,2026-02-08 11:58:21,WIN-028,amazonaws.com,AAAA
D007644,2026-04-27 08:05:18,WIN-001,github.com,AAAA
D007645,2026-03-25 23:57:15,WIN-033,office.com,CNAME
D007646,2026-02-06 09:29:45,WIN-030,github.com,AAAA
D007647,2026-04-02 02:34:11,WIN-024,internal.corp,CNAME
D007648,2026-05-15 22:59:26,WIN-010,internal.corp,A
D007649,2026-01-17 22:30:19,WIN-017,office.com,A
D007650,2026-06-09 09:23:13,WIN-028,microsoft.com,CNAME
D007651,2026-06-30 19:41:08,WIN-017,github.com,A
D007652,2026-02-06 16:04:56,WIN-001,google.com,CNAME
D007653,2026-05-22 13:45:18,WIN-028,microsoft.com,CNAME
D007654,2026-04-20 01:15:02,WIN-010,google.com,CNAME
D007655,2026-03-27 11:53:20,WIN-039,google.com,A
D007656,2026-05-24 09:36:21,WIN-027,internal.corp,CNAME
D007657,2026-06-16 20:21:30,WIN-004,cloudflare.com,A
D007658,2026-03-23 21:17:55,WIN-030,office.com,A
D007659,2026-01-03 22:50:33,WIN-004,internal.corp,A
D007660,2026-01-05 18:52:11,WIN-024,github.com,AAAA
D007661,2026-02-22 04:58:55,WIN-037,internal.corp,CNAME
D007662,2026-06-04 06:47:01,WIN-021,office.com,A
D007663,2026-06-22 06:00:29,WIN-008,google.com,AAAA
D007664,2026-05-28 02:41:47,WIN-028,microsoft.com,A
D007665,2026-04-07 04:37:13,WIN-035,internal.corp,AAAA
D007666,2026-04-11 02:00:29,WIN-008,internal.corp,A
D007667,2026-01-29 13:18:11,WIN-005,office.com,A
D007668,2026-03-31 10:47:10,WIN-027,github.com,AAAA
D007669,2026-04-24 02:32:32,WIN-009,office.com,A
D007670,2026-05-18 09:58:20,WIN-016,google.com,CNAME
D007671,2026-05-02 10:34:49,WIN-004,microsoft.com,CNAME
D007672,2026-01-28 13:32:08,WIN-005,microsoft.com,AAAA
D007673,2026-04-10 09:30:09,WIN-026,office.com,A
D007674,2026-01-29 08:15:25,WIN-016,internal.corp,A
D007675,2026-01-10 06:18:26,WIN-002,office.com,AAAA
D007676,2026-03-30 07:58:06,WIN-006,github.com,CNAME
D007677,2026-01-16 14:56:39,WIN-023,office.com,CNAME
D007678,2026-03-27 12:40:11,WIN-008,github.com,A
D007679,2026-05-10 17:06:37,WIN-008,internal.corp,CNAME
D007680,2026-03-28 15:29:06,WIN-010,google.com,A
D007681,2026-01-05 14:58:54,WIN-031,google.com,AAAA
D007682,2026-04-05 16:07:10,WIN-014,google.com,CNAME
D007683,2026-05-01 03:54:46,WIN-011,microsoft.com,A
D007684,2026-02-02 18:55:38,WIN-004,github.com,CNAME
D007685,2026-03-02 16:20:41,WIN-028,github.com,CNAME
D007686,2026-01-09 13:10:20,WIN-033,github.com,AAAA
D007687,2026-01-24 16:54:04,WIN-036,internal.corp,A
D007688,2026-03-28 15:13:44,WIN-001,amazonaws.com,CNAME
D007689,2026-05-30 21:08:12,WIN-039,internal.corp,A
D007690,2026-04-13 21:10:10,WIN-015,github.com,CNAME
D007691,2026-01-23 13:27:14,WIN-012,office.com,A
D007692,2026-05-03 17:24:06,WIN-010,google.com,A
D007693,2026-06-19 10:06:00,WIN-028,cloudflare.com,CNAME
D007694,2026-02-04 00:10:24,WIN-008,google.com,A
D007695,2026-04-23 12:50:20,WIN-017,internal.corp,CNAME
D007696,2026-01-24 19:15:01,WIN-012,office.com,A
D007697,2026-02-05 00:06:23,WIN-010,amazonaws.com,A
D007698,2026-01-11 20:34:29,WIN-038,microsoft.com,AAAA
D007699,2026-04-14 15:36:11,WIN-012,microsoft.com,CNAME
D007700,2026-05-09 09:39:29,WIN-034,cloudflare.com,CNAME
D007701,2026-05-27 08:05:01,WIN-013,internal.corp,CNAME
D007702,2026-05-31 13:22:56,WIN-030,office.com,CNAME
D007703,2026-01-28 07:29:18,WIN-016,microsoft.com,AAAA
D007704,2026-05-30 21:31:42,WIN-018,office.com,AAAA
D007705,2026-04-13 12:17:21,WIN-038,amazonaws.com,AAAA
D007706,2026-03-31 16:42:46,WIN-032,github.com,CNAME
D007707,2026-03-26 09:48:17,WIN-033,amazonaws.com,A
D007708,2026-05-01 16:04:30,WIN-039,internal.corp,CNAME
D007709,2026-03-23 18:30:17,WIN-032,amazonaws.com,CNAME
D007710,2026-05-07 12:25:44,WIN-003,microsoft.com,A
D007711,2026-04-29 08:25:01,WIN-030,github.com,A
D007712,2026-02-11 00:14:53,WIN-016,amazonaws.com,CNAME
D007713,2026-05-29 14:25:53,WIN-026,office.com,A
D007714,2026-05-24 05:17:36,WIN-025,internal.corp,A
D007715,2026-02-15 06:06:22,WIN-011,cloudflare.com,AAAA
D007716,2026-06-15 15:36:26,WIN-007,microsoft.com,A
D007717,2026-01-23 23:19:20,WIN-024,office.com,CNAME
D007718,2026-02-05 18:16:22,WIN-022,internal.corp,AAAA
D007719,2026-03-26 14:27:05,WIN-017,cloudflare.com,CNAME
D007720,2026-06-13 22:53:09,WIN-030,cloudflare.com,AAAA
D007721,2026-05-09 19:09:55,WIN-014,amazonaws.com,A
D007722,2026-05-09 10:31:38,WIN-019,google.com,AAAA
D007723,2026-03-17 15:34:30,WIN-039,github.com,CNAME
D007724,2026-06-15 23:30:54,WIN-016,microsoft.com,CNAME
D007725,2026-05-06 06:57:15,WIN-039,cloudflare.com,A
D007726,2026-05-05 15:47:40,WIN-022,google.com,AAAA
D007727,2026-06-06 17:53:04,WIN-039,amazonaws.com,A
D007728,2026-05-05 12:48:55,WIN-002,google.com,CNAME
D007729,2026-02-14 22:21:41,WIN-019,internal.corp,CNAME
D007730,2026-05-04 11:09:10,WIN-034,internal.corp,AAAA
D007731,2026-03-17 14:53:59,WIN-035,github.com,CNAME
D007732,2026-04-16 08:49:51,WIN-008,github.com,A
D007733,2026-01-08 06:27:03,WIN-009,microsoft.com,CNAME
D007734,2026-02-08 07:09:23,WIN-006,amazonaws.com,CNAME
D007735,2026-03-13 22:12:25,WIN-017,microsoft.com,AAAA
D007736,2026-03-19 12:04:20,WIN-020,office.com,CNAME
D007737,2026-04-10 16:01:49,WIN-028,google.com,AAAA
D007738,2026-05-27 03:57:58,WIN-038,microsoft.com,A
D007739,2026-03-07 21:10:29,WIN-034,amazonaws.com,A
D007740,2026-06-06 19:56:36,WIN-027,cloudflare.com,CNAME
D007741,2026-02-01 05:52:52,WIN-015,office.com,AAAA
D007742,2026-02-02 07:02:02,WIN-019,microsoft.com,A
D007743,2026-05-04 00:51:06,WIN-017,internal.corp,A
D007744,2026-05-22 12:33:28,WIN-039,internal.corp,CNAME
D007745,2026-01-23 05:51:29,WIN-039,google.com,A
D007746,2026-04-15 05:55:52,WIN-034,cloudflare.com,CNAME
D007747,2026-02-02 02:54:36,WIN-015,office.com,CNAME
D007748,2026-05-26 12:51:11,WIN-015,github.com,AAAA
D007749,2026-06-29 17:08:52,WIN-035,cloudflare.com,CNAME
D007750,2026-03-26 21:29:22,WIN-022,amazonaws.com,CNAME
D007751,2026-04-23 23:20:02,WIN-036,github.com,A
D007752,2026-02-18 03:59:51,WIN-035,cloudflare.com,AAAA
D007753,2026-06-20 11:18:05,WIN-036,cloudflare.com,A
D007754,2026-03-05 00:42:17,WIN-033,google.com,CNAME
D007755,2026-01-25 11:14:11,WIN-004,microsoft.com,AAAA
D007756,2026-02-08 03:39:49,WIN-034,google.com,AAAA
D007757,2026-03-01 11:58:29,WIN-030,google.com,A
D007758,2026-03-14 11:12:15,WIN-026,microsoft.com,CNAME
D007759,2026-06-12 19:22:03,WIN-024,office.com,A
D007760,2026-05-20 09:09:50,WIN-015,amazonaws.com,CNAME
D007761,2026-04-20 11:12:14,WIN-004,cloudflare.com,A
D007762,2026-06-10 23:08:41,WIN-034,google.com,AAAA
D007763,2026-03-19 22:14:30,WIN-015,cloudflare.com,A
D007764,2026-04-19 21:19:47,WIN-034,office.com,CNAME
D007765,2026-02-08 23:54:58,WIN-014,google.com,AAAA
D007766,2026-04-11 18:28:51,WIN-024,google.com,AAAA
D007767,2026-01-28 01:05:07,WIN-039,amazonaws.com,A
D007768,2026-05-19 14:58:31,WIN-032,internal.corp,CNAME
D007769,2026-05-27 21:33:48,WIN-022,office.com,AAAA
D007770,2026-05-30 09:06:56,WIN-026,internal.corp,AAAA
D007771,2026-04-07 00:41:47,WIN-040,google.com,CNAME
D007772,2026-02-17 01:34:18,WIN-031,amazonaws.com,AAAA
D007773,2026-01-16 23:49:35,WIN-011,google.com,AAAA
D007774,2026-05-11 06:29:34,WIN-027,cloudflare.com,AAAA
D007775,2026-04-27 08:22:10,WIN-016,office.com,CNAME
D007776,2026-05-16 03:13:38,WIN-023,office.com,CNAME
D007777,2026-03-17 18:09:03,WIN-025,google.com,A
D007778,2026-02-03 17:36:10,WIN-020,internal.corp,CNAME
D007779,2026-02-09 18:15:21,WIN-013,cloudflare.com,A
D007780,2026-06-22 09:01:35,WIN-034,microsoft.com,AAAA
D007781,2026-01-05 17:54:54,WIN-026,google.com,AAAA
D007782,2026-06-23 15:33:37,WIN-019,cloudflare.com,CNAME
D007783,2026-01-17 17:50:24,WIN-016,google.com,AAAA
D007784,2026-06-25 15:13:27,WIN-006,cloudflare.com,AAAA
D007785,2026-01-30 13:09:44,WIN-029,cloudflare.com,A
D007786,2026-05-16 23:49:01,WIN-011,office.com,AAAA
D007787,2026-04-26 10:33:12,WIN-035,google.com,AAAA
D007788,2026-03-10 15:26:13,WIN-001,microsoft.com,AAAA
D007789,2026-04-02 20:58:20,WIN-040,microsoft.com,A
D007790,2026-01-07 07:39:03,WIN-021,amazonaws.com,CNAME
D007791,2026-06-27 13:31:53,WIN-007,amazonaws.com,AAAA
D007792,2026-04-20 06:30:38,WIN-035,google.com,A
D007793,2026-04-12 05:40:54,WIN-025,internal.corp,CNAME
D007794,2026-01-09 16:22:36,WIN-008,office.com,A
D007795,2026-03-17 14:14:15,WIN-004,google.com,AAAA
D007796,2026-03-17 00:10:58,WIN-021,github.com,AAAA
D007797,2026-01-16 06:12:20,WIN-031,microsoft.com,CNAME
D007798,2026-04-14 21:37:48,WIN-021,microsoft.com,CNAME
D007799,2026-01-27 03:09:58,WIN-008,microsoft.com,AAAA
D007800,2026-03-24 22:39:05,WIN-013,microsoft.com,CNAME
D007801,2026-04-05 09:21:14,WIN-012,microsoft.com,CNAME
D007802,2026-04-28 12:53:16,WIN-033,github.com,AAAA
D007803,2026-03-08 19:23:40,WIN-014,amazonaws.com,AAAA
D007804,2026-03-13 19:24:50,WIN-011,google.com,A
D007805,2026-04-01 08:34:31,WIN-027,google.com,AAAA
D007806,2026-05-27 10:54:48,WIN-006,internal.corp,AAAA
D007807,2026-01-14 01:54:03,WIN-038,microsoft.com,CNAME
D007808,2026-05-14 21:52:25,WIN-024,microsoft.com,A
D007809,2026-03-27 01:19:21,WIN-019,cloudflare.com,A
D007810,2026-01-25 19:32:14,WIN-035,office.com,A
D007811,2026-05-10 04:08:30,WIN-010,amazonaws.com,A
D007812,2026-02-26 12:57:22,WIN-022,amazonaws.com,A
D007813,2026-06-08 03:21:27,WIN-009,github.com,AAAA
D007814,2026-03-05 09:25:56,WIN-008,cloudflare.com,CNAME
D007815,2026-06-11 15:21:48,WIN-017,amazonaws.com,A
D007816,2026-01-09 06:56:53,WIN-038,microsoft.com,AAAA
D007817,2026-04-03 02:03:07,WIN-022,cloudflare.com,AAAA
D007818,2026-01-13 14:35:03,WIN-011,internal.corp,CNAME
D007819,2026-01-13 18:13:37,WIN-012,microsoft.com,CNAME
D007820,2026-06-05 13:18:22,WIN-023,cloudflare.com,CNAME
D007821,2026-04-07 20:49:12,WIN-013,cloudflare.com,CNAME
D007822,2026-02-11 11:41:21,WIN-036,amazonaws.com,AAAA
D007823,2026-05-17 04:27:48,WIN-026,office.com,AAAA
D007824,2026-02-25 10:09:38,WIN-022,cloudflare.com,A
D007825,2026-06-16 04:06:30,WIN-027,internal.corp,CNAME
D007826,2026-01-15 14:41:05,WIN-032,office.com,CNAME
D007827,2026-05-03 15:15:01,WIN-031,internal.corp,AAAA
D007828,2026-02-09 02:33:07,WIN-018,internal.corp,AAAA
D007829,2026-01-23 17:09:15,WIN-039,cloudflare.com,CNAME
D007830,2026-02-23 03:18:53,WIN-027,github.com,A
D007831,2026-06-22 03:50:54,WIN-039,github.com,AAAA
D007832,2026-06-03 03:19:20,WIN-016,google.com,A
D007833,2026-02-14 05:14:38,WIN-030,google.com,CNAME
D007834,2026-03-01 15:21:49,WIN-024,internal.corp,CNAME
D007835,2026-05-27 02:19:06,WIN-015,cloudflare.com,A
D007836,2026-06-27 06:01:35,WIN-010,cloudflare.com,A
D007837,2026-03-15 14:12:00,WIN-009,microsoft.com,A
D007838,2026-06-04 19:32:36,WIN-040,microsoft.com,A
D007839,2026-01-16 03:48:54,WIN-005,microsoft.com,AAAA
D007840,2026-04-21 02:27:43,WIN-026,cloudflare.com,CNAME
D007841,2026-05-04 22:27:21,WIN-019,office.com,AAAA
D007842,2026-02-22 17:44:27,WIN-023,amazonaws.com,A
D007843,2026-02-15 02:52:10,WIN-028,office.com,CNAME
D007844,2026-06-10 09:58:37,WIN-033,google.com,A
D007845,2026-06-21 02:21:49,WIN-040,github.com,AAAA
D007846,2026-01-20 18:34:56,WIN-025,github.com,AAAA
D007847,2026-02-05 00:04:33,WIN-012,office.com,CNAME
D007848,2026-01-01 03:28:34,WIN-006,cloudflare.com,CNAME
D007849,2026-03-13 14:18:25,WIN-040,internal.corp,AAAA
D007850,2026-06-11 08:42:39,WIN-027,google.com,A
D007851,2026-01-07 07:01:17,WIN-032,office.com,AAAA
D007852,2026-03-18 13:03:21,WIN-006,internal.corp,CNAME
D007853,2026-03-13 18:36:50,WIN-010,cloudflare.com,A
D007854,2026-02-14 10:08:28,WIN-027,cloudflare.com,AAAA
D007855,2026-02-08 15:51:03,WIN-033,github.com,AAAA
D007856,2026-01-16 07:07:04,WIN-028,github.com,CNAME
D007857,2026-05-25 12:17:14,WIN-015,internal.corp,CNAME
D007858,2026-01-26 03:33:46,WIN-040,amazonaws.com,A
D007859,2026-05-15 14:00:27,WIN-022,internal.corp,CNAME
D007860,2026-06-04 21:00:57,WIN-010,internal.corp,AAAA
D007861,2026-01-03 00:28:20,WIN-027,google.com,AAAA
D007862,2026-01-15 03:27:42,WIN-014,google.com,CNAME
D007863,2026-05-24 19:41:32,WIN-027,microsoft.com,AAAA
D007864,2026-02-11 15:56:56,WIN-017,microsoft.com,AAAA
D007865,2026-01-14 05:05:05,WIN-026,amazonaws.com,A
D007866,2026-01-02 05:34:29,WIN-035,github.com,AAAA
D007867,2026-01-11 09:57:08,WIN-040,internal.corp,AAAA
D007868,2026-04-26 03:23:21,WIN-036,office.com,CNAME
D007869,2026-02-28 08:56:58,WIN-040,amazonaws.com,CNAME
D007870,2026-02-25 07:44:38,WIN-037,google.com,A
D007871,2026-04-28 18:54:47,WIN-014,microsoft.com,A
D007872,2026-04-28 05:46:26,WIN-031,google.com,CNAME
D007873,2026-02-21 07:10:17,WIN-009,internal.corp,CNAME
D007874,2026-06-11 06:08:29,WIN-007,office.com,AAAA
D007875,2026-05-15 05:07:37,WIN-026,office.com,CNAME
D007876,2026-03-25 02:34:20,WIN-016,google.com,CNAME
D007877,2026-03-23 16:57:18,WIN-023,microsoft.com,CNAME
D007878,2026-06-26 13:24:25,WIN-026,github.com,CNAME
D007879,2026-01-14 22:05:58,WIN-013,google.com,CNAME
D007880,2026-01-30 07:42:01,WIN-007,office.com,CNAME
D007881,2026-03-11 14:54:08,WIN-028,internal.corp,A
D007882,2026-02-06 15:38:32,WIN-036,office.com,CNAME
D007883,2026-06-05 20:56:34,WIN-021,internal.corp,CNAME
D007884,2026-02-15 14:57:28,WIN-001,office.com,AAAA
D007885,2026-02-07 18:31:03,WIN-011,github.com,CNAME
D007886,2026-05-05 22:53:11,WIN-018,cloudflare.com,A
D007887,2026-01-15 06:38:48,WIN-027,cloudflare.com,CNAME
D007888,2026-04-22 18:40:06,WIN-015,cloudflare.com,CNAME
D007889,2026-02-08 00:49:05,WIN-032,cloudflare.com,A
D007890,2026-01-27 23:24:15,WIN-028,microsoft.com,AAAA
D007891,2026-01-05 17:49:36,WIN-010,github.com,CNAME
D007892,2026-06-07 17:19:46,WIN-037,amazonaws.com,AAAA
D007893,2026-04-05 09:54:52,WIN-026,cloudflare.com,AAAA
D007894,2026-01-23 16:46:47,WIN-011,github.com,A
D007895,2026-04-05 14:06:29,WIN-011,internal.corp,CNAME
D007896,2026-03-25 07:21:29,WIN-005,microsoft.com,AAAA
D007897,2026-01-27 07:09:12,WIN-013,office.com,A
D007898,2026-03-22 00:02:21,WIN-003,microsoft.com,AAAA
D007899,2026-01-29 06:45:31,WIN-019,office.com,AAAA
D007900,2026-02-01 08:03:59,WIN-017,office.com,CNAME
D007901,2026-05-29 19:06:52,WIN-009,amazonaws.com,A
D007902,2026-04-08 01:44:18,WIN-036,amazonaws.com,A
D007903,2026-05-03 13:35:15,WIN-023,amazonaws.com,AAAA
D007904,2026-02-15 20:27:51,WIN-030,internal.corp,AAAA
D007905,2026-05-05 12:37:05,WIN-029,cloudflare.com,AAAA
D007906,2026-02-10 17:16:38,WIN-002,amazonaws.com,AAAA
D007907,2026-04-26 06:38:05,WIN-011,amazonaws.com,AAAA
D007908,2026-01-13 13:05:14,WIN-035,github.com,A
D007909,2026-06-29 12:57:20,WIN-009,github.com,A
D007910,2026-04-26 10:56:16,WIN-023,office.com,A
D007911,2026-03-18 15:25:53,WIN-011,github.com,CNAME
D007912,2026-03-30 10:15:54,WIN-011,microsoft.com,CNAME
D007913,2026-05-25 17:19:53,WIN-006,amazonaws.com,CNAME
D007914,2026-04-23 02:15:11,WIN-023,github.com,AAAA
D007915,2026-06-13 07:30:28,WIN-038,google.com,CNAME
D007916,2026-05-19 12:25:53,WIN-020,github.com,A
D007917,2026-03-24 15:31:31,WIN-003,amazonaws.com,A
D007918,2026-03-31 16:25:59,WIN-024,microsoft.com,A
D007919,2026-06-06 22:17:39,WIN-012,cloudflare.com,AAAA
D007920,2026-03-13 17:32:22,WIN-028,cloudflare.com,AAAA
D007921,2026-05-24 06:32:05,WIN-025,github.com,AAAA
D007922,2026-03-08 01:23:10,WIN-018,cloudflare.com,CNAME
D007923,2026-03-26 19:24:46,WIN-023,google.com,CNAME
D007924,2026-02-19 11:35:54,WIN-011,office.com,AAAA
D007925,2026-01-10 19:57:27,WIN-034,internal.corp,A
D007926,2026-03-30 20:20:48,WIN-036,google.com,AAAA
D007927,2026-04-27 01:29:22,WIN-028,google.com,CNAME
D007928,2026-05-05 06:27:25,WIN-011,github.com,A
D007929,2026-02-02 10:58:37,WIN-009,cloudflare.com,A
D007930,2026-03-26 15:33:12,WIN-018,internal.corp,AAAA
D007931,2026-05-27 10:54:15,WIN-001,github.com,CNAME
D007932,2026-05-07 22:02:01,WIN-022,internal.corp,CNAME
D007933,2026-01-20 07:19:08,WIN-014,amazonaws.com,CNAME
D007934,2026-01-02 20:17:15,WIN-037,github.com,A
D007935,2026-05-14 13:17:33,WIN-017,cloudflare.com,AAAA
D007936,2026-04-28 11:57:19,WIN-026,microsoft.com,A
D007937,2026-04-30 15:43:07,WIN-040,cloudflare.com,CNAME
D007938,2026-05-14 04:51:08,WIN-018,office.com,AAAA
D007939,2026-06-29 02:02:11,WIN-031,amazonaws.com,A
D007940,2026-05-19 05:24:52,WIN-024,github.com,CNAME
D007941,2026-03-05 11:42:04,WIN-023,google.com,AAAA
D007942,2026-06-21 06:56:11,WIN-034,github.com,CNAME
D007943,2026-06-11 08:54:11,WIN-013,office.com,AAAA
D007944,2026-05-14 05:24:37,WIN-037,google.com,A
D007945,2026-06-06 23:25:11,WIN-014,amazonaws.com,CNAME
D007946,2026-01-06 18:15:56,WIN-016,cloudflare.com,CNAME
D007947,2026-05-11 12:30:09,WIN-004,google.com,AAAA
D007948,2026-02-16 04:31:16,WIN-034,microsoft.com,CNAME
D007949,2026-06-29 18:44:22,WIN-021,google.com,AAAA
D007950,2026-01-19 19:30:55,WIN-004,internal.corp,CNAME
D007951,2026-04-03 11:50:30,WIN-007,amazonaws.com,AAAA
D007952,2026-06-26 23:23:41,WIN-026,office.com,AAAA
D007953,2026-02-07 08:39:16,WIN-040,github.com,AAAA
D007954,2026-01-15 01:39:19,WIN-021,github.com,A
D007955,2026-06-28 12:04:18,WIN-040,amazonaws.com,A
D007956,2026-05-21 14:54:11,WIN-032,amazonaws.com,CNAME
D007957,2026-03-02 01:37:19,WIN-031,microsoft.com,AAAA
D007958,2026-04-06 15:25:43,WIN-036,github.com,AAAA
D007959,2026-06-27 10:48:15,WIN-023,microsoft.com,A
D007960,2026-05-13 04:51:21,WIN-036,github.com,CNAME
D007961,2026-03-03 02:01:23,WIN-013,google.com,CNAME
D007962,2026-05-21 16:59:39,WIN-006,office.com,A
D007963,2026-04-11 16:43:33,WIN-026,microsoft.com,AAAA
D007964,2026-05-23 04:28:19,WIN-013,google.com,CNAME
D007965,2026-05-22 15:31:18,WIN-018,internal.corp,AAAA
D007966,2026-06-30 05:28:32,WIN-020,internal.corp,A
D007967,2026-03-25 11:02:04,WIN-040,amazonaws.com,A
D007968,2026-06-22 15:24:44,WIN-009,github.com,CNAME
D007969,2026-02-14 15:37:00,WIN-021,cloudflare.com,A
D007970,2026-02-12 03:55:38,WIN-036,github.com,AAAA
D007971,2026-06-11 20:58:32,WIN-020,internal.corp,AAAA
D007972,2026-02-14 00:34:46,WIN-021,office.com,CNAME
D007973,2026-04-27 16:55:59,WIN-003,google.com,CNAME
D007974,2026-05-30 18:35:49,WIN-017,google.com,CNAME
D007975,2026-02-13 20:51:00,WIN-031,github.com,AAAA
D007976,2026-01-08 09:58:24,WIN-038,microsoft.com,A
D007977,2026-04-30 00:42:02,WIN-007,github.com,AAAA
D007978,2026-06-17 14:58:10,WIN-038,cloudflare.com,CNAME
D007979,2026-06-05 11:09:05,WIN-037,github.com,AAAA
D007980,2026-04-23 02:20:36,WIN-013,amazonaws.com,AAAA
D007981,2026-01-14 05:26:48,WIN-024,internal.corp,AAAA
D007982,2026-04-06 05:15:48,WIN-014,google.com,AAAA
D007983,2026-02-01 01:31:09,WIN-009,google.com,AAAA
D007984,2026-04-13 18:29:30,WIN-004,github.com,AAAA
D007985,2026-04-29 19:16:44,WIN-032,microsoft.com,CNAME
D007986,2026-06-20 10:55:40,WIN-021,internal.corp,CNAME
D007987,2026-04-23 15:52:16,WIN-020,office.com,AAAA
D007988,2026-03-07 20:01:42,WIN-038,cloudflare.com,CNAME
D007989,2026-04-03 13:57:45,WIN-023,microsoft.com,AAAA
D007990,2026-05-04 23:07:42,WIN-037,google.com,A
D007991,2026-02-25 13:46:43,WIN-019,amazonaws.com,A
D007992,2026-02-17 18:12:51,WIN-018,cloudflare.com,AAAA
D007993,2026-05-03 19:58:04,WIN-032,amazonaws.com,CNAME
D007994,2026-06-09 02:15:07,WIN-004,microsoft.com,CNAME
D007995,2026-01-08 13:02:45,WIN-005,microsoft.com,AAAA
D007996,2026-03-14 00:45:21,WIN-014,office.com,CNAME
D007997,2026-04-02 01:09:16,WIN-021,microsoft.com,AAAA
D007998,2026-03-28 21:29:12,WIN-029,office.com,A
D007999,2026-04-26 18:16:09,WIN-005,amazonaws.com,A
D008000,2026-04-06 04:58:40,WIN-030,internal.corp,CNAME
D008001,2026-06-18 19:42:30,WIN-037,google.com,A
D008002,2026-05-13 15:25:24,WIN-025,microsoft.com,AAAA
D008003,2026-04-26 04:48:37,WIN-029,google.com,AAAA
D008004,2026-04-06 17:26:43,WIN-002,microsoft.com,A
D008005,2026-05-02 11:42:42,WIN-023,amazonaws.com,AAAA
D008006,2026-04-10 17:44:16,WIN-010,github.com,CNAME
D008007,2026-04-30 02:00:45,WIN-014,microsoft.com,AAAA
D008008,2026-01-07 07:16:14,WIN-003,amazonaws.com,CNAME
D008009,2026-01-18 18:12:04,WIN-024,google.com,AAAA
D008010,2026-01-11 16:43:58,WIN-031,cloudflare.com,CNAME
D008011,2026-05-04 00:28:00,WIN-022,github.com,CNAME
D008012,2026-02-16 20:07:56,WIN-021,internal.corp,A
D008013,2026-02-12 23:44:34,WIN-035,microsoft.com,AAAA
D008014,2026-05-21 16:54:58,WIN-028,internal.corp,A
D008015,2026-01-02 03:37:09,WIN-027,google.com,A
D008016,2026-01-07 01:28:20,WIN-033,cloudflare.com,CNAME
D008017,2026-04-21 14:38:27,WIN-040,internal.corp,AAAA
D008018,2026-06-18 21:35:40,WIN-002,office.com,CNAME
D008019,2026-03-03 10:21:10,WIN-032,github.com,AAAA
D008020,2026-02-21 06:33:35,WIN-028,github.com,AAAA
D008021,2026-04-26 08:25:06,WIN-013,github.com,A
D008022,2026-06-06 11:11:12,WIN-034,amazonaws.com,AAAA
D008023,2026-04-25 05:49:51,WIN-026,microsoft.com,CNAME
D008024,2026-02-14 20:31:49,WIN-026,internal.corp,AAAA
D008025,2026-02-21 05:01:48,WIN-006,google.com,AAAA
D008026,2026-05-17 01:42:49,WIN-016,github.com,CNAME
D008027,2026-06-30 05:45:56,WIN-028,microsoft.com,A
D008028,2026-03-12 01:47:00,WIN-009,github.com,CNAME
D008029,2026-04-11 16:40:24,WIN-040,microsoft.com,A
D008030,2026-02-17 12:34:17,WIN-001,github.com,CNAME
D008031,2026-03-31 11:58:40,WIN-021,amazonaws.com,AAAA
D008032,2026-03-27 15:41:47,WIN-031,amazonaws.com,AAAA
D008033,2026-02-10 02:20:43,WIN-038,amazonaws.com,CNAME
D008034,2026-04-10 02:19:35,WIN-007,amazonaws.com,A
D008035,2026-01-15 05:48:28,WIN-001,cloudflare.com,AAAA
D008036,2026-05-27 04:22:03,WIN-018,internal.corp,AAAA
D008037,2026-06-04 21:01:29,WIN-008,internal.corp,A
D008038,2026-06-04 00:26:10,WIN-028,office.com,AAAA
D008039,2026-02-09 05:12:26,WIN-030,internal.corp,A
D008040,2026-01-31 20:03:29,WIN-021,microsoft.com,AAAA
D008041,2026-02-03 16:38:48,WIN-021,office.com,A
D008042,2026-01-28 23:16:45,WIN-003,internal.corp,A
D008043,2026-04-19 18:30:37,WIN-028,google.com,A
D008044,2026-01-10 10:40:39,WIN-017,microsoft.com,AAAA
D008045,2026-06-02 04:15:26,WIN-001,office.com,AAAA
D008046,2026-04-14 18:56:10,WIN-002,office.com,AAAA
D008047,2026-06-25 03:28:41,WIN-023,cloudflare.com,AAAA
D008048,2026-01-08 18:39:47,WIN-008,amazonaws.com,AAAA
D008049,2026-03-04 20:54:34,WIN-020,google.com,CNAME
D008050,2026-04-02 06:34:12,WIN-010,cloudflare.com,CNAME
D008051,2026-03-08 00:53:24,WIN-032,amazonaws.com,A
D008052,2026-01-25 20:31:33,WIN-026,microsoft.com,A
D008053,2026-03-03 17:23:53,WIN-029,google.com,AAAA
D008054,2026-05-19 05:39:37,WIN-032,amazonaws.com,AAAA
D008055,2026-04-03 11:06:58,WIN-009,amazonaws.com,A
D008056,2026-05-03 00:22:02,WIN-006,internal.corp,AAAA
D008057,2026-04-15 11:46:34,WIN-031,office.com,CNAME
D008058,2026-02-03 21:48:09,WIN-032,amazonaws.com,AAAA
D008059,2026-06-12 12:41:28,WIN-012,cloudflare.com,A
D008060,2026-06-22 06:54:49,WIN-018,cloudflare.com,CNAME
D008061,2026-06-13 01:17:02,WIN-019,amazonaws.com,A
D008062,2026-03-18 14:33:19,WIN-005,internal.corp,CNAME
D008063,2026-06-01 06:02:14,WIN-010,microsoft.com,A
D008064,2026-03-23 07:51:54,WIN-028,office.com,CNAME
D008065,2026-05-10 04:10:42,WIN-008,google.com,AAAA
D008066,2026-05-04 08:40:43,WIN-035,amazonaws.com,AAAA
D008067,2026-05-27 17:44:41,WIN-014,office.com,A
D008068,2026-06-01 04:07:20,WIN-026,github.com,AAAA
D008069,2026-01-10 11:16:10,WIN-035,github.com,CNAME
D008070,2026-03-06 06:32:25,WIN-039,amazonaws.com,AAAA
D008071,2026-03-02 16:59:39,WIN-036,cloudflare.com,A
D008072,2026-03-24 22:29:01,WIN-023,cloudflare.com,AAAA
D008073,2026-06-04 23:55:21,WIN-008,google.com,CNAME
D008074,2026-03-28 01:59:27,WIN-020,microsoft.com,A
D008075,2026-04-02 18:29:39,WIN-006,office.com,CNAME
D008076,2026-01-27 18:40:00,WIN-022,office.com,AAAA
D008077,2026-02-02 11:13:42,WIN-009,amazonaws.com,CNAME
D008078,2026-05-02 23:17:15,WIN-002,cloudflare.com,A
D008079,2026-06-30 20:58:56,WIN-009,cloudflare.com,A
D008080,2026-01-25 08:59:25,WIN-008,office.com,CNAME
D008081,2026-06-07 11:58:15,WIN-005,amazonaws.com,A
D008082,2026-05-19 03:08:49,WIN-030,office.com,AAAA
D008083,2026-02-22 02:19:35,WIN-034,internal.corp,A
D008084,2026-03-04 11:22:56,WIN-031,cloudflare.com,CNAME
D008085,2026-01-18 09:24:29,WIN-011,google.com,CNAME
D008086,2026-05-23 10:11:06,WIN-018,office.com,A
D008087,2026-01-08 22:01:13,WIN-040,amazonaws.com,CNAME
D008088,2026-03-23 12:43:48,WIN-019,internal.corp,CNAME
D008089,2026-05-26 12:25:32,WIN-009,github.com,AAAA
D008090,2026-03-16 18:45:15,WIN-024,github.com,AAAA
D008091,2026-01-20 08:17:56,WIN-012,github.com,CNAME
D008092,2026-01-29 07:36:57,WIN-039,google.com,CNAME
D008093,2026-01-21 20:41:12,WIN-040,github.com,A
D008094,2026-04-01 09:20:56,WIN-031,google.com,A
D008095,2026-04-11 05:53:43,WIN-003,github.com,AAAA
D008096,2026-04-07 22:54:31,WIN-023,office.com,AAAA
D008097,2026-04-21 00:57:19,WIN-008,amazonaws.com,A
D008098,2026-02-27 17:49:01,WIN-018,amazonaws.com,CNAME
D008099,2026-06-29 02:28:00,WIN-009,office.com,AAAA
D008100,2026-04-17 06:05:25,WIN-021,internal.corp,CNAME
D008101,2026-03-22 22:55:03,WIN-020,microsoft.com,AAAA
D008102,2026-06-13 00:50:55,WIN-037,office.com,AAAA
D008103,2026-02-12 01:21:55,WIN-018,cloudflare.com,AAAA
D008104,2026-02-22 02:58:56,WIN-030,cloudflare.com,CNAME
D008105,2026-02-15 09:19:29,WIN-011,internal.corp,CNAME
D008106,2026-04-20 05:19:25,WIN-016,amazonaws.com,A
D008107,2026-05-07 12:54:33,WIN-034,google.com,A
D008108,2026-05-06 15:39:42,WIN-022,internal.corp,CNAME
D008109,2026-04-08 14:01:34,WIN-017,office.com,A
D008110,2026-04-22 11:11:24,WIN-005,amazonaws.com,A
D008111,2026-03-02 01:28:37,WIN-024,amazonaws.com,AAAA
D008112,2026-02-09 06:56:58,WIN-018,internal.corp,CNAME
D008113,2026-04-25 09:24:37,WIN-018,cloudflare.com,A
D008114,2026-02-10 08:06:51,WIN-018,office.com,A
D008115,2026-03-20 20:08:02,WIN-003,office.com,CNAME
D008116,2026-06-05 19:31:55,WIN-009,microsoft.com,AAAA
D008117,2026-05-12 18:31:32,WIN-026,google.com,A
D008118,2026-01-17 04:32:34,WIN-031,google.com,AAAA
D008119,2026-04-03 09:14:00,WIN-006,google.com,CNAME
D008120,2026-05-04 16:37:12,WIN-032,microsoft.com,A
D008121,2026-05-18 21:53:57,WIN-020,github.com,A
D008122,2026-01-12 22:12:35,WIN-022,office.com,CNAME
D008123,2026-05-19 10:36:20,WIN-011,cloudflare.com,AAAA
D008124,2026-06-17 14:57:29,WIN-003,amazonaws.com,CNAME
D008125,2026-02-19 19:25:54,WIN-011,internal.corp,AAAA
D008126,2026-05-22 04:14:12,WIN-002,google.com,CNAME
D008127,2026-05-30 03:47:56,WIN-031,cloudflare.com,AAAA
D008128,2026-03-12 09:28:42,WIN-010,github.com,AAAA
D008129,2026-06-10 01:02:20,WIN-014,google.com,A
D008130,2026-03-06 12:28:12,WIN-022,github.com,AAAA
D008131,2026-03-29 12:03:20,WIN-034,google.com,AAAA
D008132,2026-04-08 05:04:49,WIN-006,internal.corp,A
D008133,2026-05-06 14:25:59,WIN-008,microsoft.com,CNAME
D008134,2026-05-15 08:38:57,WIN-034,amazonaws.com,AAAA
D008135,2026-02-26 07:46:50,WIN-020,microsoft.com,A
D008136,2026-06-24 08:02:02,WIN-015,internal.corp,AAAA
D008137,2026-01-20 00:57:53,WIN-031,amazonaws.com,CNAME
D008138,2026-05-28 02:07:51,WIN-031,cloudflare.com,CNAME
D008139,2026-05-01 18:44:34,WIN-040,office.com,CNAME
D008140,2026-02-16 21:51:29,WIN-028,github.com,CNAME
D008141,2026-06-13 03:29:05,WIN-023,github.com,A
D008142,2026-06-11 19:54:16,WIN-018,microsoft.com,A
D008143,2026-02-19 12:05:49,WIN-028,github.com,CNAME
D008144,2026-06-22 22:32:22,WIN-038,cloudflare.com,CNAME
D008145,2026-05-14 08:54:43,WIN-030,cloudflare.com,AAAA
D008146,2026-06-16 04:49:01,WIN-027,github.com,CNAME
D008147,2026-03-24 06:26:49,WIN-033,office.com,AAAA
D008148,2026-01-30 06:27:39,WIN-011,microsoft.com,AAAA
D008149,2026-04-02 15:56:34,WIN-039,microsoft.com,CNAME
D008150,2026-01-03 08:48:10,WIN-001,internal.corp,A
D008151,2026-03-27 21:36:09,WIN-014,internal.corp,A
D008152,2026-02-08 06:50:47,WIN-005,google.com,CNAME
D008153,2026-03-31 09:27:56,WIN-008,internal.corp,A
D008154,2026-03-20 09:35:39,WIN-008,office.com,A
D008155,2026-06-24 07:37:09,WIN-006,internal.corp,A
D008156,2026-04-24 06:00:35,WIN-017,google.com,A
D008157,2026-01-18 12:49:48,WIN-006,cloudflare.com,AAAA
D008158,2026-05-18 01:25:52,WIN-007,github.com,AAAA
D008159,2026-04-21 00:26:00,WIN-025,office.com,AAAA
D008160,2026-03-09 16:22:00,WIN-034,internal.corp,AAAA
D008161,2026-06-11 12:26:24,WIN-002,amazonaws.com,A
D008162,2026-06-03 05:50:08,WIN-027,office.com,AAAA
D008163,2026-02-10 03:00:59,WIN-008,google.com,CNAME
D008164,2026-05-05 10:44:07,WIN-032,amazonaws.com,A
D008165,2026-04-05 20:51:08,WIN-034,github.com,A
D008166,2026-05-25 04:39:44,WIN-007,google.com,A
D008167,2026-06-25 16:04:07,WIN-010,microsoft.com,CNAME
D008168,2026-02-17 03:41:32,WIN-024,microsoft.com,A
D008169,2026-02-26 05:12:27,WIN-012,office.com,A
D008170,2026-02-01 18:58:25,WIN-030,office.com,A
D008171,2026-02-25 07:58:43,WIN-012,cloudflare.com,A
D008172,2026-05-04 00:57:07,WIN-015,office.com,A
D008173,2026-03-09 12:10:25,WIN-010,amazonaws.com,CNAME
D008174,2026-04-12 22:14:00,WIN-040,microsoft.com,A
D008175,2026-02-17 21:47:59,WIN-029,amazonaws.com,AAAA
D008176,2026-05-05 16:35:44,WIN-026,microsoft.com,AAAA
D008177,2026-05-23 04:51:32,WIN-031,github.com,CNAME
D008178,2026-04-19 09:36:57,WIN-020,internal.corp,CNAME
D008179,2026-06-10 21:53:23,WIN-032,microsoft.com,AAAA
D008180,2026-02-01 02:13:17,WIN-001,office.com,CNAME
D008181,2026-03-08 11:22:05,WIN-020,office.com,AAAA
D008182,2026-05-05 15:31:09,WIN-002,internal.corp,A
D008183,2026-02-21 14:21:01,WIN-032,microsoft.com,CNAME
D008184,2026-03-01 14:34:41,WIN-008,cloudflare.com,AAAA
D008185,2026-06-06 11:31:51,WIN-023,office.com,A
D008186,2026-03-01 18:27:46,WIN-027,microsoft.com,AAAA
D008187,2026-06-25 12:23:59,WIN-011,cloudflare.com,CNAME
D008188,2026-06-21 23:03:57,WIN-035,amazonaws.com,AAAA
D008189,2026-02-18 07:04:56,WIN-027,amazonaws.com,A
D008190,2026-04-24 03:44:02,WIN-031,microsoft.com,AAAA
D008191,2026-03-26 08:20:42,WIN-015,github.com,CNAME
D008192,2026-04-16 02:02:06,WIN-004,amazonaws.com,CNAME
D008193,2026-04-23 22:02:56,WIN-019,amazonaws.com,AAAA
D008194,2026-01-06 14:57:19,WIN-007,internal.corp,CNAME
D008195,2026-05-12 18:55:59,WIN-034,office.com,A
D008196,2026-06-07 18:14:30,WIN-039,cloudflare.com,CNAME
D008197,2026-01-11 12:10:31,WIN-033,cloudflare.com,A
D008198,2026-01-09 21:30:03,WIN-024,amazonaws.com,A
D008199,2026-02-22 14:39:51,WIN-040,microsoft.com,A
D008200,2026-04-29 18:31:13,WIN-023,internal.corp,CNAME
D008201,2026-04-25 23:25:17,WIN-017,google.com,AAAA
D008202,2026-02-11 19:16:39,WIN-003,microsoft.com,A
D008203,2026-04-12 11:57:57,WIN-018,microsoft.com,A
D008204,2026-02-15 06:50:36,WIN-037,google.com,CNAME
D008205,2026-01-11 17:03:31,WIN-002,cloudflare.com,A
D008206,2026-05-28 22:40:40,WIN-015,internal.corp,A
D008207,2026-03-15 12:20:22,WIN-035,office.com,A
D008208,2026-06-01 14:37:58,WIN-026,microsoft.com,AAAA
D008209,2026-01-11 04:27:44,WIN-030,amazonaws.com,CNAME
D008210,2026-05-06 05:53:40,WIN-032,office.com,AAAA
D008211,2026-03-23 15:33:21,WIN-023,amazonaws.com,A
D008212,2026-01-08 17:19:57,WIN-035,internal.corp,CNAME
D008213,2026-02-20 17:05:19,WIN-023,google.com,AAAA
D008214,2026-04-24 05:57:38,WIN-007,amazonaws.com,A
D008215,2026-04-19 07:40:25,WIN-026,cloudflare.com,AAAA
D008216,2026-06-28 11:57:49,WIN-017,internal.corp,AAAA
D008217,2026-02-06 20:21:49,WIN-003,cloudflare.com,AAAA
D008218,2026-03-16 21:51:53,WIN-004,github.com,CNAME
D008219,2026-01-01 02:06:07,WIN-001,github.com,A
D008220,2026-02-22 05:33:57,WIN-016,github.com,AAAA
D008221,2026-06-20 10:41:22,WIN-019,microsoft.com,A
D008222,2026-06-28 10:28:30,WIN-015,github.com,AAAA
D008223,2026-04-11 11:56:40,WIN-038,github.com,AAAA
D008224,2026-02-05 10:42:07,WIN-029,github.com,CNAME
D008225,2026-02-04 05:17:15,WIN-031,office.com,AAAA
D008226,2026-01-31 00:40:08,WIN-005,internal.corp,AAAA
D008227,2026-03-20 10:29:30,WIN-012,github.com,CNAME
D008228,2026-05-23 08:25:27,WIN-001,cloudflare.com,A
D008229,2026-03-20 11:55:06,WIN-032,cloudflare.com,A
D008230,2026-01-25 04:22:11,WIN-007,internal.corp,CNAME
D008231,2026-03-19 02:31:15,WIN-019,internal.corp,CNAME
D008232,2026-03-01 05:24:58,WIN-031,google.com,A
D008233,2026-03-29 11:50:27,WIN-014,github.com,A
D008234,2026-04-06 09:56:27,WIN-003,microsoft.com,AAAA
D008235,2026-02-13 07:22:30,WIN-009,office.com,AAAA
D008236,2026-04-29 15:36:15,WIN-010,google.com,CNAME
D008237,2026-02-22 10:34:39,WIN-027,amazonaws.com,CNAME
D008238,2026-06-20 17:09:38,WIN-035,google.com,A
D008239,2026-03-15 10:16:58,WIN-037,github.com,CNAME
D008240,2026-01-14 06:56:28,WIN-012,cloudflare.com,CNAME
D008241,2026-03-11 13:04:11,WIN-017,google.com,CNAME
D008242,2026-01-21 01:18:15,WIN-012,github.com,AAAA
D008243,2026-04-17 21:38:05,WIN-040,amazonaws.com,CNAME
D008244,2026-01-26 01:46:51,WIN-001,google.com,A
D008245,2026-01-14 19:38:22,WIN-016,office.com,CNAME
D008246,2026-04-21 14:54:34,WIN-035,amazonaws.com,CNAME
D008247,2026-05-19 17:59:35,WIN-026,internal.corp,CNAME
D008248,2026-02-05 00:05:28,WIN-016,google.com,AAAA
D008249,2026-05-21 08:45:24,WIN-012,amazonaws.com,A
D008250,2026-06-06 17:17:21,WIN-011,google.com,CNAME
D008251,2026-01-29 22:56:10,WIN-030,amazonaws.com,CNAME
D008252,2026-05-07 01:09:16,WIN-035,microsoft.com,AAAA
D008253,2026-03-30 16:46:27,WIN-012,internal.corp,AAAA
D008254,2026-01-28 07:32:55,WIN-004,amazonaws.com,A
D008255,2026-03-25 11:47:54,WIN-028,github.com,AAAA
D008256,2026-01-30 04:17:32,WIN-004,cloudflare.com,A
D008257,2026-06-29 12:03:49,WIN-040,github.com,AAAA
D008258,2026-06-29 14:25:59,WIN-033,office.com,CNAME
D008259,2026-02-11 12:21:19,WIN-029,internal.corp,CNAME
D008260,2026-06-20 19:44:58,WIN-011,internal.corp,A
D008261,2026-06-21 21:11:57,WIN-019,google.com,AAAA
D008262,2026-01-14 22:43:47,WIN-029,github.com,CNAME
D008263,2026-01-26 02:29:07,WIN-006,github.com,AAAA
D008264,2026-06-06 23:34:26,WIN-027,google.com,CNAME
D008265,2026-02-20 09:49:41,WIN-017,microsoft.com,AAAA
D008266,2026-05-03 21:09:10,WIN-036,internal.corp,CNAME
D008267,2026-02-25 13:17:33,WIN-036,amazonaws.com,CNAME
D008268,2026-05-08 15:11:38,WIN-014,internal.corp,AAAA
D008269,2026-02-09 09:37:28,WIN-017,internal.corp,A
D008270,2026-02-05 14:31:56,WIN-014,internal.corp,A
D008271,2026-01-01 07:32:49,WIN-028,microsoft.com,CNAME
D008272,2026-06-15 05:51:35,WIN-001,google.com,AAAA
D008273,2026-05-11 21:31:51,WIN-028,internal.corp,A
D008274,2026-04-02 19:28:45,WIN-036,amazonaws.com,AAAA
D008275,2026-05-13 13:00:23,WIN-034,cloudflare.com,CNAME
D008276,2026-02-21 16:49:01,WIN-021,amazonaws.com,CNAME
D008277,2026-04-16 06:15:04,WIN-022,internal.corp,AAAA
D008278,2026-04-10 22:26:43,WIN-016,google.com,AAAA
D008279,2026-03-09 06:28:12,WIN-002,microsoft.com,A
D008280,2026-01-04 11:15:39,WIN-037,internal.corp,A
D008281,2026-01-24 09:15:49,WIN-039,internal.corp,CNAME
D008282,2026-06-18 08:38:37,WIN-004,office.com,AAAA
D008283,2026-05-09 17:08:08,WIN-021,cloudflare.com,AAAA
D008284,2026-02-07 03:43:00,WIN-018,google.com,CNAME
D008285,2026-03-20 00:22:18,WIN-030,amazonaws.com,AAAA
D008286,2026-05-23 05:38:36,WIN-011,amazonaws.com,CNAME
D008287,2026-06-11 16:10:42,WIN-003,internal.corp,CNAME
D008288,2026-05-19 19:05:50,WIN-004,google.com,CNAME
D008289,2026-03-14 15:28:07,WIN-011,office.com,AAAA
D008290,2026-06-09 11:39:45,WIN-037,cloudflare.com,AAAA
D008291,2026-01-14 09:40:53,WIN-028,cloudflare.com,A
D008292,2026-05-15 00:17:41,WIN-018,microsoft.com,A
D008293,2026-03-26 06:36:59,WIN-025,google.com,CNAME
D008294,2026-06-22 23:32:39,WIN-010,microsoft.com,CNAME
D008295,2026-05-31 12:06:42,WIN-027,office.com,CNAME
D008296,2026-01-20 23:47:41,WIN-032,microsoft.com,A
D008297,2026-04-02 06:53:42,WIN-008,google.com,AAAA
D008298,2026-03-25 22:52:00,WIN-035,internal.corp,CNAME
D008299,2026-05-02 16:53:29,WIN-019,cloudflare.com,CNAME
D008300,2026-05-08 00:38:28,WIN-032,cloudflare.com,CNAME
D008301,2026-05-16 18:11:51,WIN-030,github.com,CNAME
D008302,2026-04-11 03:37:36,WIN-022,office.com,A
D008303,2026-02-10 05:16:18,WIN-020,microsoft.com,A
D008304,2026-04-23 15:59:46,WIN-028,cloudflare.com,A
D008305,2026-01-17 07:29:34,WIN-028,internal.corp,AAAA
D008306,2026-02-06 12:11:47,WIN-031,google.com,CNAME
D008307,2026-04-22 04:49:24,WIN-005,google.com,CNAME
D008308,2026-03-29 09:57:29,WIN-024,google.com,AAAA
D008309,2026-06-03 23:23:51,WIN-011,internal.corp,CNAME
D008310,2026-04-03 13:14:20,WIN-017,office.com,AAAA
D008311,2026-03-14 04:24:45,WIN-036,internal.corp,CNAME
D008312,2026-03-31 15:53:21,WIN-034,cloudflare.com,CNAME
D008313,2026-02-26 12:02:01,WIN-038,cloudflare.com,A
D008314,2026-03-07 17:43:03,WIN-007,github.com,A
D008315,2026-05-10 13:57:53,WIN-031,cloudflare.com,AAAA
D008316,2026-03-02 23:12:46,WIN-026,microsoft.com,A
D008317,2026-04-04 11:21:38,WIN-033,office.com,CNAME
D008318,2026-01-29 04:02:19,WIN-030,cloudflare.com,CNAME
D008319,2026-03-02 01:32:15,WIN-033,office.com,AAAA
D008320,2026-03-31 14:41:44,WIN-005,amazonaws.com,AAAA
D008321,2026-01-25 10:54:41,WIN-005,cloudflare.com,CNAME
D008322,2026-05-12 05:43:14,WIN-036,internal.corp,CNAME
D008323,2026-04-10 06:02:56,WIN-023,github.com,A
D008324,2026-02-23 03:34:54,WIN-005,github.com,AAAA
D008325,2026-04-04 16:59:33,WIN-001,internal.corp,AAAA
D008326,2026-02-22 14:53:42,WIN-026,internal.corp,A
D008327,2026-04-15 06:48:25,WIN-004,amazonaws.com,A
D008328,2026-06-25 11:40:15,WIN-027,internal.corp,AAAA
D008329,2026-01-15 11:41:48,WIN-014,amazonaws.com,CNAME
D008330,2026-03-31 18:37:50,WIN-002,google.com,CNAME
D008331,2026-04-10 07:02:16,WIN-018,google.com,CNAME
D008332,2026-02-01 15:47:47,WIN-012,cloudflare.com,A
D008333,2026-01-16 20:43:51,WIN-013,office.com,A
D008334,2026-06-14 15:54:52,WIN-024,github.com,AAAA
D008335,2026-01-11 17:50:30,WIN-024,amazonaws.com,CNAME
D008336,2026-04-12 19:47:25,WIN-005,internal.corp,AAAA
D008337,2026-03-01 16:47:37,WIN-018,google.com,AAAA
D008338,2026-02-28 10:49:15,WIN-018,amazonaws.com,A
D008339,2026-05-20 03:30:07,WIN-010,cloudflare.com,AAAA
D008340,2026-04-15 22:42:56,WIN-036,internal.corp,AAAA
D008341,2026-05-01 11:25:07,WIN-013,amazonaws.com,CNAME
D008342,2026-06-28 00:17:25,WIN-034,internal.corp,A
D008343,2026-03-22 17:49:31,WIN-001,internal.corp,AAAA
D008344,2026-06-04 06:50:33,WIN-025,cloudflare.com,A
D008345,2026-01-23 15:02:52,WIN-006,microsoft.com,A
D008346,2026-04-17 17:51:23,WIN-039,internal.corp,A
D008347,2026-04-10 15:20:41,WIN-034,office.com,AAAA
D008348,2026-06-21 22:01:24,WIN-034,internal.corp,CNAME
D008349,2026-05-20 06:07:26,WIN-032,microsoft.com,A
D008350,2026-01-12 16:20:47,WIN-005,google.com,CNAME
D008351,2026-05-08 11:26:04,WIN-037,amazonaws.com,AAAA
D008352,2026-01-04 09:35:39,WIN-007,google.com,A
D008353,2026-05-18 15:39:42,WIN-040,cloudflare.com,AAAA
D008354,2026-04-22 10:13:16,WIN-029,office.com,CNAME
D008355,2026-01-11 23:39:08,WIN-007,amazonaws.com,CNAME
D008356,2026-05-14 10:30:47,WIN-019,google.com,AAAA
D008357,2026-02-19 07:55:26,WIN-040,office.com,A
D008358,2026-02-22 08:56:45,WIN-003,cloudflare.com,AAAA
D008359,2026-03-07 19:49:04,WIN-039,internal.corp,CNAME
D008360,2026-03-06 12:01:38,WIN-035,internal.corp,A
D008361,2026-05-22 09:55:47,WIN-020,microsoft.com,AAAA
D008362,2026-04-12 17:55:20,WIN-018,internal.corp,A
D008363,2026-01-20 04:35:27,WIN-004,microsoft.com,CNAME
D008364,2026-01-12 10:13:37,WIN-037,cloudflare.com,A
D008365,2026-03-08 06:36:46,WIN-022,github.com,CNAME
D008366,2026-02-16 03:37:09,WIN-034,internal.corp,AAAA
D008367,2026-01-21 17:23:03,WIN-030,github.com,A
D008368,2026-06-09 16:49:07,WIN-022,internal.corp,A
D008369,2026-01-13 12:25:58,WIN-009,cloudflare.com,A
D008370,2026-05-04 03:58:07,WIN-021,microsoft.com,A
D008371,2026-03-29 03:12:37,WIN-019,google.com,CNAME
D008372,2026-04-15 18:59:03,WIN-001,cloudflare.com,A
D008373,2026-06-23 05:56:54,WIN-025,cloudflare.com,CNAME
D008374,2026-06-29 12:32:10,WIN-012,internal.corp,A
D008375,2026-01-01 12:00:54,WIN-031,github.com,CNAME
D008376,2026-03-11 04:41:14,WIN-006,office.com,AAAA
D008377,2026-06-15 00:25:45,WIN-022,cloudflare.com,A
D008378,2026-02-07 22:52:38,WIN-035,cloudflare.com,CNAME
D008379,2026-04-24 10:21:07,WIN-013,internal.corp,AAAA
D008380,2026-06-21 23:38:46,WIN-017,microsoft.com,CNAME
D008381,2026-01-27 14:25:56,WIN-025,google.com,CNAME
D008382,2026-03-09 03:08:05,WIN-031,github.com,A
D008383,2026-04-07 18:03:41,WIN-019,office.com,AAAA
D008384,2026-04-24 09:50:14,WIN-030,github.com,A
D008385,2026-06-10 03:48:41,WIN-002,amazonaws.com,AAAA
D008386,2026-05-14 07:36:48,WIN-020,github.com,AAAA
D008387,2026-06-29 16:08:58,WIN-024,office.com,A
D008388,2026-02-22 16:22:55,WIN-038,internal.corp,AAAA
D008389,2026-05-22 14:04:57,WIN-026,internal.corp,A
D008390,2026-05-04 19:38:18,WIN-024,microsoft.com,AAAA
D008391,2026-04-24 08:42:41,WIN-027,google.com,A
D008392,2026-06-13 10:54:58,WIN-021,microsoft.com,A
D008393,2026-02-12 00:54:39,WIN-038,cloudflare.com,A
D008394,2026-04-12 19:52:29,WIN-023,amazonaws.com,A
D008395,2026-06-28 14:56:55,WIN-009,cloudflare.com,CNAME
D008396,2026-06-11 22:38:31,WIN-026,office.com,AAAA
D008397,2026-03-09 18:08:30,WIN-011,amazonaws.com,AAAA
D008398,2026-01-23 21:02:33,WIN-006,google.com,AAAA
D008399,2026-03-30 14:48:18,WIN-033,cloudflare.com,A
D008400,2026-06-11 04:16:31,WIN-028,amazonaws.com,A
D008401,2026-06-14 15:00:05,WIN-029,office.com,CNAME
D008402,2026-01-22 08:24:54,WIN-020,office.com,A
D008403,2026-03-20 11:09:55,WIN-019,google.com,CNAME
D008404,2026-02-25 13:38:39,WIN-004,microsoft.com,A
D008405,2026-01-10 14:44:20,WIN-016,internal.corp,CNAME
D008406,2026-02-21 18:26:41,WIN-010,microsoft.com,A
D008407,2026-03-19 20:26:45,WIN-039,internal.corp,A
D008408,2026-03-15 05:25:22,WIN-013,microsoft.com,CNAME
D008409,2026-04-22 10:44:12,WIN-032,google.com,CNAME
D008410,2026-01-12 11:36:45,WIN-025,google.com,A
D008411,2026-03-29 19:34:28,WIN-024,office.com,CNAME
D008412,2026-05-24 06:28:47,WIN-014,office.com,CNAME
D008413,2026-04-07 10:42:25,WIN-033,microsoft.com,A
D008414,2026-05-03 05:18:39,WIN-037,office.com,CNAME
D008415,2026-03-01 05:47:35,WIN-035,google.com,CNAME
D008416,2026-06-15 21:10:33,WIN-030,internal.corp,CNAME
D008417,2026-02-12 19:13:19,WIN-015,microsoft.com,A
D008418,2026-01-17 16:20:04,WIN-024,cloudflare.com,CNAME
D008419,2026-04-11 23:22:33,WIN-014,google.com,CNAME
D008420,2026-05-04 22:33:12,WIN-040,cloudflare.com,A
D008421,2026-01-03 17:26:18,WIN-013,github.com,A
D008422,2026-06-26 01:59:24,WIN-003,github.com,AAAA
D008423,2026-03-25 18:36:18,WIN-002,office.com,CNAME
D008424,2026-05-31 09:00:47,WIN-021,office.com,CNAME
D008425,2026-01-18 17:25:45,WIN-040,cloudflare.com,CNAME
D008426,2026-05-14 02:47:11,WIN-039,amazonaws.com,CNAME
D008427,2026-02-13 13:12:05,WIN-005,microsoft.com,AAAA
D008428,2026-01-05 16:21:34,WIN-014,office.com,A
D008429,2026-01-10 05:59:59,WIN-018,office.com,A
D008430,2026-01-30 15:27:38,WIN-002,amazonaws.com,A
D008431,2026-03-29 16:38:05,WIN-034,google.com,AAAA
D008432,2026-01-05 08:00:14,WIN-022,amazonaws.com,A
D008433,2026-01-16 20:49:12,WIN-031,cloudflare.com,A
D008434,2026-03-26 16:24:57,WIN-005,internal.corp,AAAA
D008435,2026-03-14 16:03:29,WIN-028,internal.corp,CNAME
D008436,2026-04-15 03:25:55,WIN-007,github.com,A
D008437,2026-05-02 00:50:59,WIN-013,microsoft.com,CNAME
D008438,2026-05-08 18:54:45,WIN-030,google.com,CNAME
D008439,2026-03-13 11:03:14,WIN-001,google.com,AAAA
D008440,2026-03-28 22:35:59,WIN-009,github.com,AAAA
D008441,2026-04-17 01:27:17,WIN-030,cloudflare.com,AAAA
D008442,2026-03-26 06:27:43,WIN-001,cloudflare.com,A
D008443,2026-06-21 05:17:31,WIN-033,cloudflare.com,CNAME
D008444,2026-03-14 07:26:57,WIN-013,office.com,AAAA
D008445,2026-03-23 09:00:25,WIN-038,amazonaws.com,CNAME
D008446,2026-03-14 00:21:09,WIN-038,microsoft.com,AAAA
D008447,2026-05-27 06:58:50,WIN-031,internal.corp,CNAME
D008448,2026-05-04 23:54:30,WIN-004,google.com,A
D008449,2026-05-23 19:07:45,WIN-029,microsoft.com,A
D008450,2026-05-02 07:44:18,WIN-004,amazonaws.com,A
D008451,2026-04-26 20:32:26,WIN-018,microsoft.com,A
D008452,2026-05-15 10:32:39,WIN-039,office.com,AAAA
D008453,2026-03-14 11:18:26,WIN-006,office.com,A
D008454,2026-01-01 14:37:21,WIN-012,microsoft.com,A
D008455,2026-05-23 17:57:27,WIN-008,amazonaws.com,AAAA
D008456,2026-06-21 08:04:21,WIN-021,github.com,CNAME
D008457,2026-06-07 20:11:59,WIN-005,github.com,A
D008458,2026-05-09 12:26:22,WIN-029,cloudflare.com,A
D008459,2026-04-30 14:47:54,WIN-013,microsoft.com,A
D008460,2026-01-10 01:00:37,WIN-012,internal.corp,CNAME
D008461,2026-04-22 05:24:30,WIN-023,microsoft.com,CNAME
D008462,2026-02-12 11:19:36,WIN-019,github.com,A
D008463,2026-05-09 14:41:56,WIN-024,office.com,CNAME
D008464,2026-03-23 06:45:27,WIN-020,google.com,CNAME
D008465,2026-01-08 07:57:00,WIN-020,cloudflare.com,AAAA
D008466,2026-02-05 13:08:35,WIN-040,github.com,AAAA
D008467,2026-02-22 19:13:05,WIN-038,microsoft.com,A
D008468,2026-01-07 14:36:15,WIN-023,office.com,CNAME
D008469,2026-04-02 20:23:37,WIN-004,github.com,A
D008470,2026-03-26 06:27:21,WIN-028,github.com,CNAME
D008471,2026-01-25 01:53:23,WIN-020,internal.corp,AAAA
D008472,2026-06-06 18:26:59,WIN-039,google.com,CNAME
D008473,2026-02-13 10:01:00,WIN-033,microsoft.com,CNAME
D008474,2026-04-21 20:21:20,WIN-032,microsoft.com,CNAME
D008475,2026-04-10 04:11:21,WIN-014,internal.corp,CNAME
D008476,2026-05-31 08:24:08,WIN-019,github.com,AAAA
D008477,2026-06-28 23:06:55,WIN-018,microsoft.com,CNAME
D008478,2026-04-15 13:28:51,WIN-027,github.com,CNAME
D008479,2026-06-01 17:20:03,WIN-008,internal.corp,A
D008480,2026-02-16 23:35:23,WIN-038,github.com,A
D008481,2026-04-08 19:07:15,WIN-021,amazonaws.com,CNAME
D008482,2026-02-10 08:50:47,WIN-024,cloudflare.com,AAAA
D008483,2026-06-22 16:18:14,WIN-007,microsoft.com,A
D008484,2026-05-22 10:47:02,WIN-028,amazonaws.com,CNAME
D008485,2026-06-01 20:54:12,WIN-021,cloudflare.com,CNAME
D008486,2026-02-09 01:50:29,WIN-031,amazonaws.com,AAAA
D008487,2026-01-29 22:30:00,WIN-037,microsoft.com,CNAME
D008488,2026-03-19 23:08:49,WIN-020,google.com,CNAME
D008489,2026-02-02 11:12:56,WIN-014,cloudflare.com,A
D008490,2026-03-10 05:44:12,WIN-016,github.com,AAAA
D008491,2026-06-05 19:16:43,WIN-033,github.com,A
D008492,2026-03-05 02:56:17,WIN-006,google.com,AAAA
D008493,2026-01-19 14:44:27,WIN-029,amazonaws.com,A
D008494,2026-05-31 22:00:17,WIN-013,office.com,CNAME
D008495,2026-05-19 13:18:20,WIN-016,microsoft.com,CNAME
D008496,2026-01-01 20:21:50,WIN-029,amazonaws.com,CNAME
D008497,2026-06-29 02:46:11,WIN-008,github.com,A
D008498,2026-02-18 19:45:25,WIN-026,microsoft.com,CNAME
D008499,2026-03-09 13:23:37,WIN-016,amazonaws.com,AAAA
D008500,2026-03-19 20:40:15,WIN-030,internal.corp,A
D008501,2026-04-12 03:39:29,WIN-017,cloudflare.com,CNAME
D008502,2026-06-28 04:33:05,WIN-036,google.com,CNAME
D008503,2026-02-22 23:33:40,WIN-014,github.com,CNAME
D008504,2026-03-31 07:41:39,WIN-015,microsoft.com,AAAA
D008505,2026-04-25 14:22:28,WIN-018,office.com,A
D008506,2026-03-03 19:09:08,WIN-040,google.com,A
D008507,2026-02-14 04:50:28,WIN-030,office.com,CNAME
D008508,2026-05-16 05:07:40,WIN-019,amazonaws.com,AAAA
D008509,2026-02-26 23:00:17,WIN-033,google.com,CNAME
D008510,2026-04-29 12:01:14,WIN-003,cloudflare.com,A
D008511,2026-05-06 17:10:18,WIN-011,cloudflare.com,AAAA
D008512,2026-05-05 17:07:21,WIN-029,office.com,CNAME
D008513,2026-05-23 18:12:51,WIN-030,internal.corp,CNAME
D008514,2026-04-04 15:31:21,WIN-027,cloudflare.com,CNAME
D008515,2026-04-02 13:11:10,WIN-023,microsoft.com,A
D008516,2026-06-08 02:55:09,WIN-001,internal.corp,CNAME
D008517,2026-02-04 21:10:10,WIN-010,github.com,CNAME
D008518,2026-02-11 20:40:28,WIN-038,internal.corp,A
D008519,2026-05-27 18:27:04,WIN-024,amazonaws.com,CNAME
D008520,2026-03-11 18:34:12,WIN-003,amazonaws.com,A
D008521,2026-02-23 21:39:59,WIN-028,google.com,A
D008522,2026-05-15 04:10:16,WIN-003,cloudflare.com,AAAA
D008523,2026-01-17 14:38:52,WIN-030,internal.corp,CNAME
D008524,2026-04-22 04:58:34,WIN-031,github.com,AAAA
D008525,2026-06-07 12:40:54,WIN-036,google.com,CNAME
D008526,2026-06-04 07:30:05,WIN-023,microsoft.com,AAAA
D008527,2026-03-11 15:52:19,WIN-004,google.com,CNAME
D008528,2026-04-04 21:24:14,WIN-032,amazonaws.com,CNAME
D008529,2026-02-04 02:21:55,WIN-025,amazonaws.com,AAAA
D008530,2026-05-04 07:20:00,WIN-035,microsoft.com,A
D008531,2026-05-21 09:15:32,WIN-003,google.com,A
D008532,2026-06-01 15:10:00,WIN-007,office.com,A
D008533,2026-04-14 04:08:43,WIN-037,internal.corp,A
D008534,2026-02-10 20:39:34,WIN-007,google.com,AAAA
D008535,2026-04-06 02:50:22,WIN-003,google.com,AAAA
D008536,2026-06-22 09:38:55,WIN-024,microsoft.com,AAAA
D008537,2026-05-31 21:26:26,WIN-005,internal.corp,AAAA
D008538,2026-05-27 10:38:05,WIN-004,google.com,A
D008539,2026-01-02 15:17:33,WIN-029,office.com,AAAA
D008540,2026-01-24 04:18:26,WIN-033,github.com,CNAME
D008541,2026-03-20 12:49:24,WIN-024,cloudflare.com,A
D008542,2026-06-01 19:40:04,WIN-012,internal.corp,A
D008543,2026-03-17 19:49:33,WIN-003,google.com,A
D008544,2026-05-11 18:58:45,WIN-025,google.com,CNAME
D008545,2026-04-02 17:57:03,WIN-036,github.com,AAAA
D008546,2026-04-10 05:53:39,WIN-014,amazonaws.com,A
D008547,2026-06-05 09:23:37,WIN-002,google.com,AAAA
D008548,2026-02-11 09:02:31,WIN-023,amazonaws.com,A
D008549,2026-05-04 17:15:21,WIN-008,github.com,A
D008550,2026-06-09 07:30:46,WIN-017,cloudflare.com,CNAME
D008551,2026-03-06 00:40:26,WIN-025,microsoft.com,AAAA
D008552,2026-05-12 09:35:33,WIN-014,microsoft.com,AAAA
D008553,2026-04-01 02:42:47,WIN-034,amazonaws.com,AAAA
D008554,2026-06-24 11:10:50,WIN-033,github.com,CNAME
D008555,2026-01-15 10:51:45,WIN-013,google.com,A
D008556,2026-03-15 01:41:03,WIN-015,github.com,A
D008557,2026-04-16 20:59:49,WIN-030,github.com,AAAA
D008558,2026-06-30 11:54:31,WIN-006,google.com,CNAME
D008559,2026-02-11 04:16:17,WIN-029,github.com,AAAA
D008560,2026-01-30 23:11:20,WIN-035,microsoft.com,CNAME
D008561,2026-03-01 02:44:18,WIN-006,office.com,CNAME
D008562,2026-03-14 00:40:29,WIN-032,microsoft.com,AAAA
D008563,2026-03-07 22:57:42,WIN-017,github.com,AAAA
D008564,2026-03-20 10:15:30,WIN-026,office.com,AAAA
D008565,2026-04-21 00:31:28,WIN-037,amazonaws.com,AAAA
D008566,2026-06-08 05:35:13,WIN-013,cloudflare.com,CNAME
D008567,2026-06-25 11:17:05,WIN-005,internal.corp,A
D008568,2026-04-19 02:20:17,WIN-011,github.com,CNAME
D008569,2026-04-11 14:01:26,WIN-004,office.com,A
D008570,2026-01-27 00:47:07,WIN-015,microsoft.com,A
D008571,2026-05-04 09:33:53,WIN-006,internal.corp,A
D008572,2026-05-12 09:36:31,WIN-013,github.com,CNAME
D008573,2026-05-12 20:09:42,WIN-040,amazonaws.com,AAAA
D008574,2026-01-13 01:14:22,WIN-021,amazonaws.com,AAAA
D008575,2026-02-15 08:26:13,WIN-037,github.com,CNAME
D008576,2026-06-29 21:46:20,WIN-011,microsoft.com,A
D008577,2026-03-20 11:42:08,WIN-040,google.com,CNAME
D008578,2026-04-13 07:08:36,WIN-006,office.com,AAAA
D008579,2026-01-31 13:21:55,WIN-022,github.com,CNAME
D008580,2026-03-10 10:58:44,WIN-030,internal.corp,A
D008581,2026-04-11 03:21:43,WIN-024,amazonaws.com,CNAME
D008582,2026-03-13 19:44:22,WIN-012,microsoft.com,AAAA
D008583,2026-03-17 23:23:02,WIN-015,github.com,CNAME
D008584,2026-04-20 09:51:50,WIN-029,microsoft.com,CNAME
D008585,2026-02-09 05:19:33,WIN-024,amazonaws.com,AAAA
D008586,2026-06-28 07:05:34,WIN-034,microsoft.com,AAAA
D008587,2026-02-13 14:20:13,WIN-033,office.com,A
D008588,2026-01-03 08:57:24,WIN-018,github.com,A
D008589,2026-04-14 23:08:38,WIN-033,github.com,A
D008590,2026-06-29 07:23:47,WIN-016,cloudflare.com,AAAA
D008591,2026-06-01 23:46:49,WIN-029,microsoft.com,A
D008592,2026-03-15 17:01:45,WIN-028,microsoft.com,A
D008593,2026-03-30 07:28:45,WIN-037,amazonaws.com,A
D008594,2026-05-28 21:09:43,WIN-029,office.com,A
D008595,2026-05-24 01:23:31,WIN-010,internal.corp,CNAME
D008596,2026-05-29 03:33:44,WIN-029,amazonaws.com,A
D008597,2026-04-13 05:18:41,WIN-006,internal.corp,A
D008598,2026-03-24 13:30:07,WIN-003,amazonaws.com,CNAME
D008599,2026-03-21 01:58:45,WIN-005,google.com,CNAME
D008600,2026-02-08 01:40:24,WIN-015,internal.corp,AAAA
D008601,2026-02-12 17:06:44,WIN-038,amazonaws.com,CNAME
D008602,2026-02-12 13:42:05,WIN-023,google.com,A
D008603,2026-05-25 18:11:57,WIN-037,internal.corp,A
D008604,2026-01-04 10:56:47,WIN-014,google.com,AAAA
D008605,2026-01-14 07:30:11,WIN-033,google.com,CNAME
D008606,2026-03-25 13:35:49,WIN-036,office.com,A
D008607,2026-06-24 17:01:01,WIN-018,office.com,A
D008608,2026-03-26 20:18:59,WIN-018,cloudflare.com,A
D008609,2026-03-03 20:39:30,WIN-037,amazonaws.com,CNAME
D008610,2026-01-19 16:15:02,WIN-009,microsoft.com,CNAME
D008611,2026-06-08 01:53:57,WIN-001,office.com,CNAME
D008612,2026-03-10 16:09:29,WIN-026,office.com,A
D008613,2026-02-25 16:20:10,WIN-014,internal.corp,A
D008614,2026-05-09 20:25:08,WIN-035,github.com,A
D008615,2026-05-26 08:35:34,WIN-036,office.com,AAAA
D008616,2026-06-14 02:35:30,WIN-034,internal.corp,A
D008617,2026-01-19 18:01:25,WIN-026,internal.corp,AAAA
D008618,2026-03-13 05:44:50,WIN-014,cloudflare.com,AAAA
D008619,2026-02-28 16:49:07,WIN-005,amazonaws.com,A
D008620,2026-05-15 06:06:44,WIN-014,internal.corp,A
D008621,2026-02-13 20:27:30,WIN-015,office.com,A
D008622,2026-02-14 00:39:03,WIN-029,amazonaws.com,A
D008623,2026-01-29 16:59:34,WIN-025,microsoft.com,CNAME
D008624,2026-04-27 14:22:26,WIN-011,internal.corp,A
D008625,2026-05-08 16:02:12,WIN-018,cloudflare.com,CNAME
D008626,2026-05-13 02:58:05,WIN-008,github.com,AAAA
D008627,2026-05-25 01:24:19,WIN-035,office.com,CNAME
D008628,2026-02-28 03:54:39,WIN-014,cloudflare.com,CNAME
D008629,2026-01-03 23:49:26,WIN-013,internal.corp,AAAA
D008630,2026-06-15 11:40:46,WIN-039,github.com,A
D008631,2026-06-24 10:31:51,WIN-027,microsoft.com,AAAA
D008632,2026-01-12 07:29:14,WIN-006,github.com,A
D008633,2026-05-23 18:20:38,WIN-039,internal.corp,AAAA
D008634,2026-01-07 12:24:08,WIN-040,amazonaws.com,CNAME
D008635,2026-03-22 17:20:38,WIN-007,internal.corp,A
D008636,2026-02-02 04:18:41,WIN-022,internal.corp,CNAME
D008637,2026-02-08 00:35:21,WIN-017,google.com,CNAME
D008638,2026-03-10 01:07:17,WIN-020,cloudflare.com,CNAME
D008639,2026-04-07 18:46:55,WIN-001,github.com,A
D008640,2026-03-12 01:03:01,WIN-016,github.com,AAAA
D008641,2026-05-18 05:19:55,WIN-024,office.com,AAAA
D008642,2026-01-14 13:19:13,WIN-034,office.com,AAAA
D008643,2026-01-30 21:30:17,WIN-010,office.com,AAAA
D008644,2026-06-15 17:12:49,WIN-028,github.com,AAAA
D008645,2026-04-04 01:53:44,WIN-027,google.com,A
D008646,2026-02-03 18:47:38,WIN-024,microsoft.com,AAAA
D008647,2026-04-29 15:30:23,WIN-011,office.com,AAAA
D008648,2026-05-16 18:00:50,WIN-038,github.com,A
D008649,2026-01-27 22:23:11,WIN-028,github.com,A
D008650,2026-01-02 01:11:37,WIN-036,office.com,CNAME
D008651,2026-01-19 20:32:46,WIN-019,google.com,AAAA
D008652,2026-05-04 01:14:32,WIN-020,office.com,AAAA
D008653,2026-03-17 09:04:09,WIN-012,microsoft.com,AAAA
D008654,2026-03-21 08:09:23,WIN-005,cloudflare.com,CNAME
D008655,2026-04-07 11:55:53,WIN-028,microsoft.com,CNAME
D008656,2026-02-01 00:40:08,WIN-019,internal.corp,AAAA
D008657,2026-04-02 06:49:00,WIN-011,office.com,AAAA
D008658,2026-04-10 12:21:01,WIN-033,microsoft.com,A
D008659,2026-04-06 07:45:17,WIN-004,cloudflare.com,AAAA
D008660,2026-02-24 12:27:41,WIN-018,internal.corp,AAAA
D008661,2026-03-19 23:06:28,WIN-028,cloudflare.com,AAAA
D008662,2026-03-06 16:47:43,WIN-040,office.com,CNAME
D008663,2026-04-15 03:56:46,WIN-009,internal.corp,A
D008664,2026-03-12 21:32:18,WIN-002,microsoft.com,A
D008665,2026-02-16 04:50:26,WIN-035,github.com,AAAA
D008666,2026-06-29 00:02:08,WIN-018,github.com,AAAA
D008667,2026-01-22 17:43:21,WIN-006,github.com,AAAA
D008668,2026-05-28 07:03:05,WIN-029,office.com,A
D008669,2026-01-30 00:59:49,WIN-037,cloudflare.com,A
D008670,2026-02-03 00:13:18,WIN-009,microsoft.com,AAAA
D008671,2026-04-25 17:07:42,WIN-012,cloudflare.com,CNAME
D008672,2026-04-02 17:58:46,WIN-013,office.com,CNAME
D008673,2026-01-03 20:55:48,WIN-030,cloudflare.com,A
D008674,2026-02-14 12:17:05,WIN-034,microsoft.com,CNAME
D008675,2026-05-21 19:48:30,WIN-013,office.com,CNAME
D008676,2026-05-17 08:33:30,WIN-001,microsoft.com,A
D008677,2026-06-08 20:16:08,WIN-022,github.com,AAAA
D008678,2026-03-08 17:52:08,WIN-019,amazonaws.com,A
D008679,2026-01-10 04:46:27,WIN-010,github.com,CNAME
D008680,2026-01-25 10:25:09,WIN-031,google.com,CNAME
D008681,2026-02-02 00:54:45,WIN-019,microsoft.com,A
D008682,2026-06-11 10:25:42,WIN-022,amazonaws.com,A
D008683,2026-05-12 01:18:59,WIN-033,office.com,CNAME
D008684,2026-05-26 08:29:01,WIN-018,microsoft.com,A
D008685,2026-01-30 21:23:15,WIN-030,office.com,AAAA
D008686,2026-03-21 10:45:29,WIN-033,amazonaws.com,A
D008687,2026-03-12 12:15:59,WIN-034,cloudflare.com,CNAME
D008688,2026-04-18 14:08:50,WIN-030,amazonaws.com,CNAME
D008689,2026-02-18 22:40:01,WIN-038,microsoft.com,A
D008690,2026-06-27 09:07:05,WIN-037,google.com,AAAA
D008691,2026-02-07 19:07:50,WIN-002,cloudflare.com,CNAME
D008692,2026-03-27 08:34:47,WIN-009,office.com,AAAA
D008693,2026-06-20 22:19:02,WIN-021,office.com,A
D008694,2026-01-16 22:58:37,WIN-029,amazonaws.com,AAAA
D008695,2026-01-02 23:10:38,WIN-038,microsoft.com,A
D008696,2026-01-03 19:25:55,WIN-008,cloudflare.com,A
D008697,2026-02-27 16:40:44,WIN-008,microsoft.com,AAAA
D008698,2026-04-16 08:05:56,WIN-038,github.com,A
D008699,2026-05-07 19:23:45,WIN-032,office.com,CNAME
D008700,2026-02-14 08:27:46,WIN-001,microsoft.com,AAAA
D008701,2026-01-07 10:04:42,WIN-029,office.com,CNAME
D008702,2026-05-02 21:45:29,WIN-021,google.com,A
D008703,2026-01-26 02:42:42,WIN-029,google.com,AAAA
D008704,2026-03-03 14:01:49,WIN-012,cloudflare.com,CNAME
D008705,2026-04-22 17:44:38,WIN-024,internal.corp,CNAME
D008706,2026-01-31 16:28:10,WIN-008,microsoft.com,AAAA
D008707,2026-03-21 20:22:37,WIN-015,internal.corp,CNAME
D008708,2026-01-20 07:10:00,WIN-010,amazonaws.com,A
D008709,2026-02-02 03:20:51,WIN-013,cloudflare.com,CNAME
D008710,2026-06-08 08:22:46,WIN-005,github.com,AAAA
D008711,2026-02-04 12:47:07,WIN-037,amazonaws.com,AAAA
D008712,2026-04-08 17:32:09,WIN-037,cloudflare.com,CNAME
D008713,2026-05-09 03:23:35,WIN-021,google.com,CNAME
D008714,2026-04-19 05:44:16,WIN-033,amazonaws.com,CNAME
D008715,2026-01-16 11:53:06,WIN-020,amazonaws.com,A
D008716,2026-06-29 17:21:22,WIN-026,github.com,CNAME
D008717,2026-03-28 19:48:52,WIN-017,cloudflare.com,AAAA
D008718,2026-04-05 23:05:53,WIN-024,google.com,AAAA
D008719,2026-01-18 11:09:50,WIN-032,github.com,AAAA
D008720,2026-06-24 23:16:39,WIN-032,google.com,AAAA
D008721,2026-04-26 21:03:34,WIN-016,github.com,AAAA
D008722,2026-03-30 09:40:27,WIN-036,office.com,CNAME
D008723,2026-01-06 15:49:33,WIN-017,github.com,A
D008724,2026-02-12 18:22:23,WIN-025,github.com,A
D008725,2026-04-20 11:06:17,WIN-018,google.com,A
D008726,2026-03-07 09:48:46,WIN-040,internal.corp,A
D008727,2026-05-23 07:16:15,WIN-030,google.com,CNAME
D008728,2026-03-11 12:46:50,WIN-032,office.com,AAAA
D008729,2026-02-24 15:05:48,WIN-028,internal.corp,AAAA
D008730,2026-03-14 02:10:28,WIN-040,amazonaws.com,AAAA
D008731,2026-02-06 11:44:36,WIN-028,github.com,CNAME
D008732,2026-06-16 07:38:44,WIN-038,google.com,A
D008733,2026-06-17 23:18:57,WIN-039,github.com,CNAME
D008734,2026-06-09 14:09:40,WIN-001,cloudflare.com,AAAA
D008735,2026-05-30 15:58:54,WIN-038,microsoft.com,A
D008736,2026-03-15 23:32:11,WIN-024,office.com,AAAA
D008737,2026-01-01 03:56:50,WIN-026,internal.corp,AAAA
D008738,2026-04-05 02:55:28,WIN-020,internal.corp,AAAA
D008739,2026-01-03 19:44:12,WIN-038,internal.corp,CNAME
D008740,2026-05-27 08:25:28,WIN-008,microsoft.com,CNAME
D008741,2026-02-05 20:50:38,WIN-009,microsoft.com,A
D008742,2026-02-05 02:23:12,WIN-032,google.com,CNAME
D008743,2026-06-05 18:07:02,WIN-038,microsoft.com,CNAME
D008744,2026-01-05 01:08:26,WIN-033,amazonaws.com,CNAME
D008745,2026-05-25 15:25:47,WIN-040,microsoft.com,CNAME
D008746,2026-03-12 22:36:24,WIN-019,microsoft.com,A
D008747,2026-06-03 07:00:49,WIN-013,github.com,CNAME
D008748,2026-06-03 17:23:32,WIN-033,cloudflare.com,A
D008749,2026-01-17 06:30:19,WIN-012,github.com,A
D008750,2026-03-04 21:58:47,WIN-020,microsoft.com,AAAA
D008751,2026-05-26 06:32:40,WIN-032,office.com,AAAA
D008752,2026-03-19 08:03:13,WIN-034,office.com,A
D008753,2026-03-10 02:15:00,WIN-004,internal.corp,CNAME
D008754,2026-01-16 00:35:22,WIN-004,microsoft.com,A
D008755,2026-06-03 09:27:57,WIN-008,internal.corp,CNAME
D008756,2026-01-05 02:04:52,WIN-022,amazonaws.com,AAAA
D008757,2026-04-12 03:05:33,WIN-018,office.com,AAAA
D008758,2026-02-18 08:58:11,WIN-028,microsoft.com,CNAME
D008759,2026-01-15 22:54:20,WIN-023,github.com,A
D008760,2026-06-17 15:51:21,WIN-033,cloudflare.com,AAAA
D008761,2026-03-18 23:06:04,WIN-015,github.com,CNAME
D008762,2026-06-09 09:47:34,WIN-040,office.com,CNAME
D008763,2026-02-23 23:49:11,WIN-031,microsoft.com,CNAME
D008764,2026-03-08 20:41:00,WIN-016,cloudflare.com,A
D008765,2026-02-04 09:33:50,WIN-002,microsoft.com,A
D008766,2026-01-25 11:59:33,WIN-005,github.com,A
D008767,2026-01-15 05:29:59,WIN-036,office.com,A
D008768,2026-01-31 08:06:00,WIN-011,github.com,AAAA
D008769,2026-02-17 08:37:38,WIN-008,amazonaws.com,CNAME
D008770,2026-01-16 17:43:22,WIN-031,google.com,CNAME
D008771,2026-02-07 07:38:29,WIN-030,office.com,A
D008772,2026-03-20 05:17:13,WIN-004,cloudflare.com,AAAA
D008773,2026-06-04 12:55:34,WIN-012,microsoft.com,CNAME
D008774,2026-03-22 22:41:44,WIN-032,google.com,A
D008775,2026-02-07 02:49:44,WIN-035,cloudflare.com,A
D008776,2026-01-20 05:32:03,WIN-030,amazonaws.com,CNAME
D008777,2026-02-23 08:46:40,WIN-016,microsoft.com,A
D008778,2026-06-06 08:07:57,WIN-008,microsoft.com,CNAME
D008779,2026-06-27 16:50:16,WIN-025,github.com,AAAA
D008780,2026-04-27 05:26:51,WIN-022,office.com,AAAA
D008781,2026-01-08 21:13:59,WIN-035,microsoft.com,AAAA
D008782,2026-01-07 15:44:59,WIN-032,google.com,A
D008783,2026-04-18 12:50:57,WIN-001,amazonaws.com,A
D008784,2026-03-08 02:50:18,WIN-032,microsoft.com,A
D008785,2026-03-26 07:37:39,WIN-001,github.com,AAAA
D008786,2026-02-15 21:58:19,WIN-028,microsoft.com,CNAME
D008787,2026-05-24 08:06:12,WIN-022,office.com,CNAME
D008788,2026-05-13 00:40:48,WIN-027,internal.corp,AAAA
D008789,2026-02-02 08:00:49,WIN-030,cloudflare.com,AAAA
D008790,2026-06-28 22:50:36,WIN-009,internal.corp,A
D008791,2026-02-07 15:39:39,WIN-008,google.com,CNAME
D008792,2026-02-20 13:00:29,WIN-014,internal.corp,CNAME
D008793,2026-03-20 15:09:08,WIN-016,internal.corp,A
D008794,2026-02-21 21:03:10,WIN-020,amazonaws.com,A
D008795,2026-01-10 10:46:32,WIN-029,cloudflare.com,CNAME
D008796,2026-02-13 00:57:07,WIN-029,amazonaws.com,AAAA
D008797,2026-06-18 06:11:47,WIN-017,microsoft.com,CNAME
D008798,2026-04-20 12:46:16,WIN-005,github.com,A
D008799,2026-03-21 08:29:40,WIN-002,cloudflare.com,A
D008800,2026-01-09 04:07:31,WIN-009,cloudflare.com,AAAA
D008801,2026-03-16 13:38:32,WIN-025,microsoft.com,CNAME
D008802,2026-05-06 09:31:32,WIN-017,internal.corp,AAAA
D008803,2026-04-13 06:08:52,WIN-004,github.com,AAAA
D008804,2026-01-18 12:50:19,WIN-031,microsoft.com,AAAA
D008805,2026-02-08 09:55:22,WIN-015,google.com,A
D008806,2026-01-28 22:15:32,WIN-003,github.com,AAAA
D008807,2026-03-13 05:19:51,WIN-017,office.com,A
D008808,2026-03-25 16:35:07,WIN-026,cloudflare.com,A
D008809,2026-02-16 21:55:22,WIN-001,internal.corp,AAAA
D008810,2026-04-24 07:46:47,WIN-016,internal.corp,AAAA
D008811,2026-02-01 04:32:21,WIN-021,cloudflare.com,CNAME
D008812,2026-04-10 23:19:10,WIN-017,internal.corp,CNAME
D008813,2026-04-09 02:34:45,WIN-004,google.com,AAAA
D008814,2026-01-01 21:19:29,WIN-012,google.com,CNAME
D008815,2026-04-28 20:11:24,WIN-011,google.com,A
D008816,2026-03-27 11:29:57,WIN-016,office.com,A
D008817,2026-06-14 05:47:04,WIN-003,google.com,A
D008818,2026-06-14 09:17:10,WIN-016,cloudflare.com,A
D008819,2026-04-05 14:26:55,WIN-027,microsoft.com,AAAA
D008820,2026-02-13 03:47:19,WIN-025,microsoft.com,AAAA
D008821,2026-03-06 02:52:19,WIN-032,office.com,CNAME
D008822,2026-02-19 18:57:15,WIN-010,microsoft.com,AAAA
D008823,2026-06-06 15:42:15,WIN-004,amazonaws.com,A
D008824,2026-01-21 02:47:48,WIN-030,github.com,CNAME
D008825,2026-05-12 00:30:40,WIN-036,office.com,A
D008826,2026-02-05 15:23:30,WIN-020,cloudflare.com,CNAME
D008827,2026-01-28 09:01:55,WIN-023,github.com,CNAME
D008828,2026-06-29 12:18:55,WIN-036,cloudflare.com,AAAA
D008829,2026-01-09 23:20:12,WIN-028,microsoft.com,AAAA
D008830,2026-05-05 18:59:52,WIN-031,google.com,A
D008831,2026-04-27 11:37:05,WIN-025,cloudflare.com,A
D008832,2026-06-19 18:47:36,WIN-020,internal.corp,CNAME
D008833,2026-03-28 17:34:20,WIN-035,microsoft.com,CNAME
D008834,2026-03-23 21:34:39,WIN-006,microsoft.com,A
D008835,2026-03-14 04:55:10,WIN-012,github.com,CNAME
D008836,2026-05-01 06:14:30,WIN-039,github.com,A
D008837,2026-01-27 12:47:25,WIN-014,amazonaws.com,A
D008838,2026-06-01 23:09:36,WIN-040,internal.corp,CNAME
D008839,2026-01-18 19:48:10,WIN-024,office.com,A
D008840,2026-03-10 05:19:31,WIN-031,github.com,AAAA
D008841,2026-02-27 12:34:26,WIN-011,github.com,CNAME
D008842,2026-01-18 01:38:22,WIN-015,google.com,CNAME
D008843,2026-06-10 04:33:31,WIN-038,cloudflare.com,AAAA
D008844,2026-02-28 15:37:21,WIN-013,cloudflare.com,AAAA
D008845,2026-03-06 09:20:46,WIN-026,github.com,CNAME
D008846,2026-03-04 21:04:31,WIN-024,google.com,AAAA
D008847,2026-04-09 20:50:49,WIN-007,google.com,CNAME
D008848,2026-04-08 20:24:18,WIN-009,internal.corp,A
D008849,2026-02-21 09:43:58,WIN-007,microsoft.com,AAAA
D008850,2026-02-28 22:57:51,WIN-009,github.com,AAAA
D008851,2026-04-02 22:57:31,WIN-016,github.com,A
D008852,2026-03-18 08:53:25,WIN-017,office.com,CNAME
D008853,2026-02-16 16:32:45,WIN-029,amazonaws.com,A
D008854,2026-06-01 23:39:44,WIN-007,google.com,AAAA
D008855,2026-02-08 21:23:35,WIN-030,microsoft.com,A
D008856,2026-03-30 06:26:14,WIN-015,internal.corp,A
D008857,2026-03-21 09:04:33,WIN-003,microsoft.com,A
D008858,2026-03-14 23:14:29,WIN-012,github.com,A
D008859,2026-03-09 12:24:02,WIN-021,office.com,AAAA
D008860,2026-01-10 07:35:20,WIN-018,internal.corp,CNAME
D008861,2026-02-07 12:16:15,WIN-006,office.com,A
D008862,2026-01-28 06:39:24,WIN-026,microsoft.com,AAAA
D008863,2026-02-07 10:57:33,WIN-033,google.com,CNAME
D008864,2026-06-07 13:08:57,WIN-014,amazonaws.com,A
D008865,2026-03-20 19:38:16,WIN-009,microsoft.com,A
D008866,2026-02-27 23:36:29,WIN-013,amazonaws.com,CNAME
D008867,2026-04-25 13:59:30,WIN-001,microsoft.com,CNAME
D008868,2026-05-26 21:36:20,WIN-037,office.com,AAAA
D008869,2026-02-06 12:47:34,WIN-013,amazonaws.com,AAAA
D008870,2026-01-29 08:45:13,WIN-037,github.com,A
D008871,2026-06-03 01:24:28,WIN-038,internal.corp,A
D008872,2026-01-27 17:18:48,WIN-023,office.com,CNAME
D008873,2026-03-09 12:30:43,WIN-027,office.com,A
D008874,2026-05-13 21:43:29,WIN-007,github.com,AAAA
D008875,2026-05-28 01:48:00,WIN-029,internal.corp,A
D008876,2026-02-15 15:03:15,WIN-029,google.com,CNAME
D008877,2026-05-09 09:47:11,WIN-023,github.com,CNAME
D008878,2026-05-25 21:20:15,WIN-019,internal.corp,A
D008879,2026-02-11 21:07:22,WIN-024,google.com,A
D008880,2026-05-24 18:24:22,WIN-036,amazonaws.com,AAAA
D008881,2026-02-28 22:19:38,WIN-021,office.com,A
D008882,2026-02-07 18:40:03,WIN-023,office.com,A
D008883,2026-04-22 02:12:44,WIN-015,github.com,A
D008884,2026-01-12 07:32:24,WIN-039,google.com,CNAME
D008885,2026-05-08 13:31:59,WIN-039,microsoft.com,CNAME
D008886,2026-02-03 11:42:53,WIN-015,microsoft.com,A
D008887,2026-03-02 13:26:08,WIN-022,microsoft.com,CNAME
D008888,2026-05-28 00:07:18,WIN-036,google.com,CNAME
D008889,2026-04-14 17:36:55,WIN-024,internal.corp,AAAA
D008890,2026-02-03 00:08:12,WIN-005,google.com,AAAA
D008891,2026-06-19 05:02:16,WIN-006,amazonaws.com,CNAME
D008892,2026-01-02 11:22:27,WIN-025,cloudflare.com,CNAME
D008893,2026-04-13 03:42:08,WIN-010,office.com,AAAA
D008894,2026-03-23 23:20:40,WIN-006,office.com,CNAME
D008895,2026-06-21 19:34:07,WIN-013,office.com,CNAME
D008896,2026-02-07 00:20:28,WIN-031,amazonaws.com,CNAME
D008897,2026-06-04 02:12:36,WIN-009,github.com,CNAME
D008898,2026-05-25 00:32:51,WIN-032,amazonaws.com,A
D008899,2026-04-23 23:52:35,WIN-004,amazonaws.com,A
D008900,2026-01-04 09:06:55,WIN-025,office.com,CNAME
D008901,2026-04-19 06:43:06,WIN-038,office.com,A
D008902,2026-03-23 21:29:45,WIN-027,google.com,A
D008903,2026-05-19 01:47:46,WIN-021,cloudflare.com,A
D008904,2026-02-27 06:01:56,WIN-026,microsoft.com,A
D008905,2026-06-23 23:10:32,WIN-026,amazonaws.com,A
D008906,2026-03-30 14:02:20,WIN-034,office.com,CNAME
D008907,2026-03-02 05:12:06,WIN-031,github.com,CNAME
D008908,2026-01-10 11:17:09,WIN-032,github.com,CNAME
D008909,2026-04-03 10:41:32,WIN-033,google.com,AAAA
D008910,2026-05-02 20:52:42,WIN-001,github.com,AAAA
D008911,2026-04-24 20:31:36,WIN-035,github.com,A
D008912,2026-02-24 10:23:10,WIN-039,github.com,CNAME
D008913,2026-05-12 12:09:52,WIN-040,office.com,A
D008914,2026-02-28 22:31:54,WIN-008,google.com,CNAME
D008915,2026-06-27 11:43:10,WIN-007,internal.corp,A
D008916,2026-04-06 17:45:52,WIN-038,google.com,CNAME
D008917,2026-06-24 11:10:08,WIN-003,office.com,A
D008918,2026-03-18 06:20:11,WIN-040,microsoft.com,CNAME
D008919,2026-03-18 19:24:05,WIN-025,github.com,A
D008920,2026-03-08 14:11:06,WIN-020,office.com,A
D008921,2026-02-28 00:02:23,WIN-014,internal.corp,AAAA
D008922,2026-06-13 18:13:37,WIN-025,github.com,AAAA
D008923,2026-04-29 23:01:04,WIN-026,internal.corp,AAAA
D008924,2026-01-16 09:40:12,WIN-025,cloudflare.com,AAAA
D008925,2026-04-09 11:13:03,WIN-034,amazonaws.com,A
D008926,2026-03-19 00:32:36,WIN-025,internal.corp,A
D008927,2026-06-24 14:14:10,WIN-016,office.com,A
D008928,2026-01-22 00:36:26,WIN-013,github.com,AAAA
D008929,2026-02-17 20:41:37,WIN-003,github.com,AAAA
D008930,2026-02-22 10:24:13,WIN-010,amazonaws.com,CNAME
D008931,2026-06-08 23:11:11,WIN-023,amazonaws.com,A
D008932,2026-06-28 01:28:51,WIN-024,amazonaws.com,AAAA
D008933,2026-01-28 08:58:12,WIN-002,google.com,CNAME
D008934,2026-01-13 12:50:27,WIN-014,github.com,A
D008935,2026-02-02 21:34:10,WIN-007,github.com,CNAME
D008936,2026-01-01 06:31:37,WIN-017,microsoft.com,A
D008937,2026-03-16 00:40:34,WIN-028,office.com,A
D008938,2026-04-02 02:10:07,WIN-016,internal.corp,CNAME
D008939,2026-05-29 20:26:44,WIN-023,google.com,CNAME
D008940,2026-03-18 05:05:50,WIN-027,office.com,A
D008941,2026-02-19 15:25:24,WIN-020,amazonaws.com,A
D008942,2026-03-29 20:52:49,WIN-030,github.com,AAAA
D008943,2026-01-13 14:33:52,WIN-038,google.com,AAAA
D008944,2026-01-07 03:18:16,WIN-004,office.com,AAAA
D008945,2026-03-02 17:05:16,WIN-022,amazonaws.com,A
D008946,2026-04-18 23:46:03,WIN-016,cloudflare.com,AAAA
D008947,2026-04-22 01:03:42,WIN-009,internal.corp,CNAME
D008948,2026-05-15 08:28:34,WIN-035,internal.corp,CNAME
D008949,2026-03-31 04:32:55,WIN-022,office.com,CNAME
D008950,2026-02-23 10:03:06,WIN-018,office.com,AAAA
D008951,2026-06-04 06:56:10,WIN-039,amazonaws.com,A
D008952,2026-04-12 11:50:34,WIN-033,microsoft.com,AAAA
D008953,2026-01-21 14:04:31,WIN-022,google.com,AAAA
D008954,2026-06-12 14:39:22,WIN-037,internal.corp,AAAA
D008955,2026-03-07 22:09:54,WIN-015,microsoft.com,A
D008956,2026-04-26 03:03:54,WIN-031,internal.corp,AAAA
D008957,2026-01-17 06:09:49,WIN-015,microsoft.com,CNAME
D008958,2026-02-28 11:55:59,WIN-012,amazonaws.com,AAAA
D008959,2026-03-15 23:00:35,WIN-032,office.com,CNAME
D008960,2026-02-27 10:06:17,WIN-004,microsoft.com,AAAA
D008961,2026-06-23 21:04:11,WIN-012,amazonaws.com,CNAME
D008962,2026-04-02 00:54:45,WIN-004,google.com,CNAME
D008963,2026-03-30 02:01:26,WIN-006,office.com,AAAA
D008964,2026-03-01 09:03:06,WIN-036,github.com,AAAA
D008965,2026-03-05 23:06:19,WIN-009,amazonaws.com,A
D008966,2026-02-07 13:53:48,WIN-020,cloudflare.com,AAAA
D008967,2026-05-24 17:10:38,WIN-022,office.com,A
D008968,2026-05-14 16:54:04,WIN-028,microsoft.com,A
D008969,2026-04-28 17:03:15,WIN-021,microsoft.com,CNAME
D008970,2026-02-11 09:27:19,WIN-020,office.com,AAAA
D008971,2026-01-13 14:48:57,WIN-005,office.com,CNAME
D008972,2026-06-04 13:53:47,WIN-032,google.com,A
D008973,2026-04-18 05:06:28,WIN-030,office.com,A
D008974,2026-03-01 17:28:26,WIN-019,internal.corp,AAAA
D008975,2026-03-23 04:05:15,WIN-013,google.com,AAAA
D008976,2026-02-24 04:25:15,WIN-027,google.com,AAAA
D008977,2026-03-31 00:34:59,WIN-003,internal.corp,A
D008978,2026-05-18 10:43:13,WIN-013,github.com,AAAA
D008979,2026-06-13 00:10:31,WIN-022,internal.corp,A
D008980,2026-02-09 04:07:26,WIN-012,cloudflare.com,A
D008981,2026-01-14 04:58:10,WIN-038,google.com,A
D008982,2026-02-27 04:22:41,WIN-019,github.com,AAAA
D008983,2026-03-31 23:54:52,WIN-006,cloudflare.com,AAAA
D008984,2026-06-15 03:23:42,WIN-020,microsoft.com,AAAA
D008985,2026-05-30 00:27:28,WIN-039,microsoft.com,CNAME
D008986,2026-05-03 14:56:10,WIN-024,amazonaws.com,AAAA
D008987,2026-02-24 14:02:02,WIN-015,internal.corp,AAAA
D008988,2026-03-20 02:16:38,WIN-040,internal.corp,CNAME
D008989,2026-02-06 09:10:54,WIN-005,office.com,CNAME
D008990,2026-06-23 14:22:46,WIN-005,amazonaws.com,CNAME
D008991,2026-02-22 04:47:00,WIN-004,google.com,A
D008992,2026-01-21 10:01:59,WIN-024,internal.corp,AAAA
D008993,2026-04-26 17:04:34,WIN-034,internal.corp,AAAA
D008994,2026-05-27 14:18:25,WIN-011,internal.corp,AAAA
D008995,2026-03-28 01:43:39,WIN-023,github.com,CNAME
D008996,2026-01-20 23:05:27,WIN-039,office.com,AAAA
D008997,2026-01-25 01:27:16,WIN-001,microsoft.com,AAAA
D008998,2026-06-14 11:56:57,WIN-022,github.com,A
D008999,2026-05-09 03:24:09,WIN-033,office.com,AAAA
D009000,2026-01-28 08:29:06,WIN-019,amazonaws.com,A
D009001,2026-04-13 09:18:38,WIN-002,office.com,AAAA
D009002,2026-02-19 03:20:58,WIN-010,office.com,A
D009003,2026-06-26 09:18:20,WIN-028,office.com,A
D009004,2026-05-06 20:03:08,WIN-018,microsoft.com,AAAA
D009005,2026-06-17 23:02:05,WIN-035,internal.corp,A
D009006,2026-05-04 19:24:39,WIN-031,office.com,AAAA
D009007,2026-03-16 22:42:26,WIN-033,google.com,A
D009008,2026-06-18 11:52:40,WIN-010,cloudflare.com,A
D009009,2026-06-24 12:20:04,WIN-025,microsoft.com,CNAME
D009010,2026-03-21 18:42:06,WIN-037,microsoft.com,CNAME
D009011,2026-03-29 09:41:15,WIN-015,office.com,CNAME
D009012,2026-05-07 10:15:15,WIN-023,amazonaws.com,CNAME
D009013,2026-06-19 23:45:31,WIN-010,google.com,AAAA
D009014,2026-04-06 09:33:23,WIN-021,office.com,CNAME
D009015,2026-03-19 03:13:43,WIN-024,internal.corp,A
D009016,2026-03-05 06:15:57,WIN-011,amazonaws.com,CNAME
D009017,2026-02-13 09:27:35,WIN-016,google.com,CNAME
D009018,2026-05-11 11:22:13,WIN-023,office.com,A
D009019,2026-04-17 08:50:48,WIN-018,github.com,A
D009020,2026-04-24 19:23:48,WIN-007,cloudflare.com,CNAME
D009021,2026-01-21 15:16:42,WIN-023,office.com,AAAA
D009022,2026-06-09 14:45:55,WIN-003,office.com,CNAME
D009023,2026-01-02 18:33:59,WIN-037,office.com,A
D009024,2026-06-27 20:57:04,WIN-039,cloudflare.com,AAAA
D009025,2026-01-05 12:02:02,WIN-003,office.com,AAAA
D009026,2026-01-30 11:14:14,WIN-014,github.com,AAAA
D009027,2026-01-06 18:03:48,WIN-032,cloudflare.com,AAAA
D009028,2026-05-29 17:21:29,WIN-035,amazonaws.com,AAAA
D009029,2026-05-21 16:17:13,WIN-026,github.com,CNAME
D009030,2026-02-25 13:29:56,WIN-031,github.com,A
D009031,2026-04-08 11:31:30,WIN-037,github.com,AAAA
D009032,2026-01-10 06:38:17,WIN-017,amazonaws.com,CNAME
D009033,2026-06-04 06:04:59,WIN-007,microsoft.com,AAAA
D009034,2026-05-09 06:00:56,WIN-039,microsoft.com,AAAA
D009035,2026-02-09 02:48:03,WIN-028,amazonaws.com,AAAA
D009036,2026-02-10 00:29:11,WIN-029,google.com,A
D009037,2026-06-03 17:35:45,WIN-018,internal.corp,A
D009038,2026-05-12 02:53:03,WIN-040,cloudflare.com,CNAME
D009039,2026-05-11 07:09:50,WIN-029,internal.corp,AAAA
D009040,2026-02-21 12:06:40,WIN-011,github.com,A
D009041,2026-01-07 10:00:07,WIN-003,amazonaws.com,CNAME
D009042,2026-02-09 00:52:32,WIN-018,github.com,AAAA
D009043,2026-04-07 06:14:49,WIN-004,google.com,A
D009044,2026-03-08 00:00:52,WIN-008,google.com,AAAA
D009045,2026-02-23 16:23:07,WIN-036,github.com,A
D009046,2026-01-29 13:09:02,WIN-019,microsoft.com,AAAA
D009047,2026-06-17 00:36:02,WIN-040,office.com,A
D009048,2026-01-24 01:26:54,WIN-030,github.com,A
D009049,2026-05-18 00:20:53,WIN-003,internal.corp,A
D009050,2026-04-30 01:02:28,WIN-040,amazonaws.com,CNAME
D009051,2026-06-10 18:01:20,WIN-002,microsoft.com,A
D009052,2026-01-02 06:51:41,WIN-026,amazonaws.com,AAAA
D009053,2026-03-27 07:01:38,WIN-003,cloudflare.com,A
D009054,2026-04-25 05:34:36,WIN-006,office.com,A
D009055,2026-04-15 17:54:03,WIN-034,internal.corp,CNAME
D009056,2026-02-25 21:00:12,WIN-026,google.com,A
D009057,2026-01-25 07:35:34,WIN-020,office.com,CNAME
D009058,2026-02-22 14:25:45,WIN-018,amazonaws.com,CNAME
D009059,2026-03-30 04:03:39,WIN-017,office.com,AAAA
D009060,2026-05-09 23:59:28,WIN-009,microsoft.com,A
D009061,2026-01-10 02:37:10,WIN-024,cloudflare.com,AAAA
D009062,2026-03-16 20:08:54,WIN-031,cloudflare.com,AAAA
D009063,2026-02-05 02:32:51,WIN-004,microsoft.com,CNAME
D009064,2026-04-04 16:25:04,WIN-005,internal.corp,AAAA
D009065,2026-03-17 21:50:42,WIN-036,github.com,AAAA
D009066,2026-05-06 21:56:13,WIN-006,microsoft.com,CNAME
D009067,2026-05-23 03:21:06,WIN-020,microsoft.com,AAAA
D009068,2026-05-31 21:25:08,WIN-022,internal.corp,CNAME
D009069,2026-04-09 02:33:06,WIN-011,microsoft.com,AAAA
D009070,2026-05-20 18:33:16,WIN-033,internal.corp,CNAME
D009071,2026-03-27 18:36:14,WIN-017,github.com,A
D009072,2026-06-21 04:03:17,WIN-001,office.com,A
D009073,2026-02-06 05:01:01,WIN-008,github.com,A
D009074,2026-06-15 15:15:33,WIN-033,internal.corp,CNAME
D009075,2026-02-22 02:05:07,WIN-032,office.com,A
D009076,2026-01-21 19:22:08,WIN-025,google.com,A
D009077,2026-05-20 12:29:45,WIN-023,microsoft.com,CNAME
D009078,2026-04-18 21:07:47,WIN-039,amazonaws.com,A
D009079,2026-05-25 06:52:26,WIN-025,office.com,A
D009080,2026-02-06 19:03:34,WIN-011,office.com,AAAA
D009081,2026-05-05 11:15:27,WIN-040,microsoft.com,CNAME
D009082,2026-02-17 12:16:40,WIN-039,microsoft.com,AAAA
D009083,2026-04-26 14:36:01,WIN-027,microsoft.com,AAAA
D009084,2026-01-03 11:03:10,WIN-010,amazonaws.com,A
D009085,2026-01-12 04:39:01,WIN-019,cloudflare.com,AAAA
D009086,2026-03-10 09:48:45,WIN-027,cloudflare.com,A
D009087,2026-03-11 21:05:21,WIN-034,office.com,AAAA
D009088,2026-02-08 06:58:46,WIN-027,office.com,CNAME
D009089,2026-05-08 15:52:24,WIN-006,cloudflare.com,AAAA
D009090,2026-04-08 19:48:12,WIN-013,office.com,A
D009091,2026-06-21 12:38:13,WIN-009,google.com,A
D009092,2026-03-06 02:35:41,WIN-029,cloudflare.com,AAAA
D009093,2026-05-06 21:32:57,WIN-027,office.com,CNAME
D009094,2026-06-01 20:26:41,WIN-003,github.com,A
D009095,2026-05-01 10:32:43,WIN-007,office.com,CNAME
D009096,2026-05-04 17:13:04,WIN-003,amazonaws.com,A
D009097,2026-02-24 03:30:54,WIN-013,github.com,AAAA
D009098,2026-04-25 11:36:48,WIN-016,office.com,A
D009099,2026-05-21 03:46:59,WIN-021,office.com,A
D009100,2026-04-15 01:42:07,WIN-017,github.com,A
D009101,2026-04-02 03:54:49,WIN-013,microsoft.com,AAAA
D009102,2026-04-14 04:46:52,WIN-003,office.com,AAAA
D009103,2026-04-19 00:59:08,WIN-036,cloudflare.com,CNAME
D009104,2026-02-02 01:48:54,WIN-036,internal.corp,AAAA
D009105,2026-01-10 18:49:27,WIN-006,internal.corp,AAAA
D009106,2026-06-20 19:14:48,WIN-035,internal.corp,AAAA
D009107,2026-02-19 01:15:02,WIN-019,office.com,CNAME
D009108,2026-04-16 13:54:13,WIN-026,google.com,A
D009109,2026-04-30 01:53:30,WIN-029,google.com,A
D009110,2026-05-30 04:54:25,WIN-027,amazonaws.com,CNAME
D009111,2026-01-31 11:32:54,WIN-015,internal.corp,AAAA
D009112,2026-01-05 14:43:53,WIN-007,microsoft.com,A
D009113,2026-05-27 14:36:48,WIN-026,internal.corp,A
D009114,2026-06-24 19:09:14,WIN-030,microsoft.com,A
D009115,2026-02-09 21:13:38,WIN-020,amazonaws.com,AAAA
D009116,2026-02-05 12:15:56,WIN-026,microsoft.com,CNAME
D009117,2026-04-23 18:23:39,WIN-002,github.com,AAAA
D009118,2026-05-26 02:22:43,WIN-022,internal.corp,CNAME
D009119,2026-02-21 08:43:30,WIN-027,internal.corp,CNAME
D009120,2026-05-11 03:46:11,WIN-029,amazonaws.com,AAAA
D009121,2026-02-11 10:57:22,WIN-008,office.com,CNAME
D009122,2026-05-06 18:27:29,WIN-003,internal.corp,AAAA
D009123,2026-01-02 12:25:17,WIN-005,internal.corp,AAAA
D009124,2026-03-23 14:39:45,WIN-013,google.com,AAAA
D009125,2026-01-03 10:03:33,WIN-020,github.com,CNAME
D009126,2026-05-24 10:22:52,WIN-009,internal.corp,AAAA
D009127,2026-04-01 20:30:10,WIN-038,github.com,CNAME
D009128,2026-01-06 10:56:38,WIN-001,cloudflare.com,CNAME
D009129,2026-05-27 22:28:12,WIN-020,internal.corp,A
D009130,2026-06-04 15:47:35,WIN-032,google.com,AAAA
D009131,2026-02-23 06:55:31,WIN-002,google.com,AAAA
D009132,2026-03-08 02:56:44,WIN-020,amazonaws.com,A
D009133,2026-03-05 21:04:21,WIN-019,internal.corp,A
D009134,2026-03-04 08:06:30,WIN-016,office.com,A
D009135,2026-05-19 19:09:43,WIN-002,internal.corp,CNAME
D009136,2026-06-26 16:42:21,WIN-010,internal.corp,A
D009137,2026-04-21 19:10:30,WIN-029,internal.corp,CNAME
D009138,2026-02-13 01:37:56,WIN-015,amazonaws.com,A
D009139,2026-03-03 23:23:07,WIN-009,github.com,CNAME
D009140,2026-01-03 07:03:02,WIN-034,google.com,AAAA
D009141,2026-01-11 07:05:06,WIN-025,google.com,A
D009142,2026-03-09 09:30:05,WIN-034,internal.corp,A
D009143,2026-04-08 00:35:07,WIN-038,amazonaws.com,CNAME
D009144,2026-05-28 06:05:14,WIN-025,cloudflare.com,A
D009145,2026-02-26 20:12:22,WIN-015,cloudflare.com,A
D009146,2026-03-12 21:42:25,WIN-040,google.com,AAAA
D009147,2026-03-27 15:44:37,WIN-019,microsoft.com,AAAA
D009148,2026-06-20 12:33:27,WIN-038,cloudflare.com,AAAA
D009149,2026-04-17 00:59:44,WIN-030,internal.corp,A
D009150,2026-05-01 10:33:39,WIN-014,google.com,A
D009151,2026-05-19 02:00:41,WIN-017,google.com,A
D009152,2026-03-14 08:05:59,WIN-036,office.com,AAAA
D009153,2026-01-09 03:04:39,WIN-034,cloudflare.com,CNAME
D009154,2026-03-16 17:03:46,WIN-001,cloudflare.com,AAAA
D009155,2026-05-28 22:02:37,WIN-037,internal.corp,A
D009156,2026-05-10 05:04:37,WIN-014,amazonaws.com,A
D009157,2026-01-15 07:55:53,WIN-009,amazonaws.com,AAAA
D009158,2026-03-10 22:07:38,WIN-015,amazonaws.com,AAAA
D009159,2026-06-16 05:53:32,WIN-029,microsoft.com,CNAME
D009160,2026-03-11 22:43:16,WIN-024,internal.corp,A
D009161,2026-01-14 13:08:03,WIN-003,internal.corp,A
D009162,2026-06-13 21:21:14,WIN-005,microsoft.com,A
D009163,2026-05-08 08:54:54,WIN-008,github.com,A
D009164,2026-01-18 11:22:44,WIN-022,internal.corp,AAAA
D009165,2026-06-24 09:28:28,WIN-012,github.com,A
D009166,2026-05-20 17:51:53,WIN-003,amazonaws.com,AAAA
D009167,2026-04-30 11:10:10,WIN-010,internal.corp,A
D009168,2026-03-24 02:05:27,WIN-016,microsoft.com,CNAME
D009169,2026-04-01 22:29:36,WIN-030,microsoft.com,A
D009170,2026-02-17 12:19:58,WIN-009,internal.corp,CNAME
D009171,2026-04-28 07:58:13,WIN-008,internal.corp,AAAA
D009172,2026-01-21 05:24:09,WIN-018,amazonaws.com,A
D009173,2026-05-05 10:03:49,WIN-001,google.com,AAAA
D009174,2026-05-22 07:45:01,WIN-026,microsoft.com,AAAA
D009175,2026-03-07 07:25:18,WIN-022,cloudflare.com,CNAME
D009176,2026-04-11 22:51:47,WIN-029,microsoft.com,CNAME
D009177,2026-06-17 11:30:51,WIN-029,amazonaws.com,AAAA
D009178,2026-05-15 01:21:40,WIN-009,amazonaws.com,AAAA
D009179,2026-02-26 17:59:45,WIN-028,office.com,A
D009180,2026-04-25 15:28:26,WIN-015,microsoft.com,CNAME
D009181,2026-06-24 11:51:51,WIN-020,amazonaws.com,AAAA
D009182,2026-06-30 14:44:33,WIN-021,amazonaws.com,A
D009183,2026-01-16 01:11:14,WIN-016,microsoft.com,A
D009184,2026-06-16 06:09:32,WIN-024,cloudflare.com,A
D009185,2026-02-22 22:56:34,WIN-040,google.com,CNAME
D009186,2026-02-19 06:31:07,WIN-020,cloudflare.com,CNAME
D009187,2026-03-15 20:56:16,WIN-005,amazonaws.com,CNAME
D009188,2026-05-29 03:30:51,WIN-015,microsoft.com,AAAA
D009189,2026-01-19 22:22:09,WIN-025,cloudflare.com,A
D009190,2026-01-01 02:36:49,WIN-031,internal.corp,CNAME
D009191,2026-03-16 13:21:52,WIN-040,office.com,CNAME
D009192,2026-04-05 23:39:50,WIN-016,office.com,A
D009193,2026-01-14 15:30:26,WIN-006,internal.corp,A
D009194,2026-04-03 17:12:02,WIN-005,internal.corp,A
D009195,2026-01-05 20:09:09,WIN-020,amazonaws.com,A
D009196,2026-02-01 19:21:36,WIN-028,internal.corp,A
D009197,2026-03-29 07:27:21,WIN-033,amazonaws.com,A
D009198,2026-01-12 20:46:02,WIN-022,cloudflare.com,A
D009199,2026-03-13 05:44:20,WIN-040,microsoft.com,A
D009200,2026-04-22 13:44:02,WIN-030,cloudflare.com,A
D009201,2026-01-10 21:56:44,WIN-020,microsoft.com,A
D009202,2026-05-10 00:56:54,WIN-012,internal.corp,AAAA
D009203,2026-03-13 09:35:48,WIN-021,office.com,A
D009204,2026-06-11 20:53:59,WIN-007,amazonaws.com,CNAME
D009205,2026-01-08 20:05:16,WIN-027,office.com,AAAA
D009206,2026-04-03 19:27:29,WIN-037,google.com,A
D009207,2026-06-03 03:31:10,WIN-010,internal.corp,A
D009208,2026-03-08 04:15:38,WIN-003,office.com,CNAME
D009209,2026-01-06 09:01:23,WIN-029,google.com,CNAME
D009210,2026-05-02 22:09:31,WIN-025,office.com,A
D009211,2026-02-14 22:10:54,WIN-002,cloudflare.com,AAAA
D009212,2026-05-05 10:16:39,WIN-003,amazonaws.com,AAAA
D009213,2026-05-10 00:24:26,WIN-033,amazonaws.com,AAAA
D009214,2026-03-12 23:06:51,WIN-022,internal.corp,AAAA
D009215,2026-01-29 02:51:10,WIN-014,microsoft.com,CNAME
D009216,2026-01-15 11:28:17,WIN-010,google.com,AAAA
D009217,2026-02-18 19:57:28,WIN-024,office.com,CNAME
D009218,2026-06-28 00:48:45,WIN-003,google.com,AAAA
D009219,2026-05-13 02:02:42,WIN-007,microsoft.com,A
D009220,2026-04-02 13:25:44,WIN-004,cloudflare.com,A
D009221,2026-01-31 08:19:56,WIN-032,amazonaws.com,AAAA
D009222,2026-06-29 04:53:11,WIN-021,internal.corp,A
D009223,2026-02-07 12:23:10,WIN-007,microsoft.com,CNAME
D009224,2026-02-17 15:48:07,WIN-024,cloudflare.com,AAAA
D009225,2026-05-05 05:50:08,WIN-037,microsoft.com,CNAME
D009226,2026-04-10 16:19:50,WIN-034,microsoft.com,A
D009227,2026-05-10 14:47:51,WIN-012,amazonaws.com,A
D009228,2026-01-22 12:29:23,WIN-017,google.com,CNAME
D009229,2026-04-17 16:43:33,WIN-002,google.com,A
D009230,2026-04-19 23:21:15,WIN-017,google.com,CNAME
D009231,2026-04-01 15:32:59,WIN-009,amazonaws.com,AAAA
D009232,2026-05-09 18:58:58,WIN-018,internal.corp,A
D009233,2026-02-18 06:12:20,WIN-025,amazonaws.com,A
D009234,2026-02-13 02:12:43,WIN-003,office.com,CNAME
D009235,2026-05-07 10:44:36,WIN-040,amazonaws.com,A
D009236,2026-05-12 09:49:37,WIN-037,google.com,A
D009237,2026-01-10 08:26:16,WIN-006,office.com,A
D009238,2026-01-27 10:24:57,WIN-007,google.com,AAAA
D009239,2026-03-29 19:27:26,WIN-008,cloudflare.com,CNAME
D009240,2026-01-23 06:06:57,WIN-009,office.com,A
D009241,2026-06-18 10:19:16,WIN-025,internal.corp,CNAME
D009242,2026-05-24 08:22:49,WIN-013,cloudflare.com,CNAME
D009243,2026-02-28 00:55:01,WIN-034,office.com,A
D009244,2026-05-17 03:04:40,WIN-013,github.com,A
D009245,2026-02-04 08:55:09,WIN-029,office.com,CNAME
D009246,2026-03-30 09:35:56,WIN-008,github.com,AAAA
D009247,2026-04-07 07:48:05,WIN-036,cloudflare.com,A
D009248,2026-05-25 22:02:21,WIN-016,internal.corp,AAAA
D009249,2026-05-07 08:57:50,WIN-023,internal.corp,CNAME
D009250,2026-06-17 11:17:42,WIN-002,github.com,AAAA
D009251,2026-05-03 13:31:54,WIN-016,internal.corp,A
D009252,2026-01-23 00:45:49,WIN-031,office.com,AAAA
D009253,2026-02-21 21:51:10,WIN-024,cloudflare.com,AAAA
D009254,2026-06-19 09:27:35,WIN-023,google.com,CNAME
D009255,2026-03-11 22:59:55,WIN-005,internal.corp,A
D009256,2026-03-09 20:44:41,WIN-002,google.com,A
D009257,2026-04-20 14:33:47,WIN-010,office.com,A
D009258,2026-03-01 05:39:11,WIN-002,google.com,AAAA
D009259,2026-04-08 08:37:46,WIN-013,cloudflare.com,CNAME
D009260,2026-03-20 22:27:23,WIN-012,office.com,CNAME
D009261,2026-01-31 13:28:35,WIN-037,microsoft.com,AAAA
D009262,2026-05-02 08:05:07,WIN-009,amazonaws.com,AAAA
D009263,2026-01-08 10:31:40,WIN-029,cloudflare.com,CNAME
D009264,2026-01-05 07:38:37,WIN-017,cloudflare.com,CNAME
D009265,2026-04-11 17:38:06,WIN-040,cloudflare.com,A
D009266,2026-04-12 06:10:15,WIN-015,github.com,AAAA
D009267,2026-03-28 21:27:22,WIN-037,google.com,A
D009268,2026-01-28 00:35:15,WIN-013,google.com,A
D009269,2026-04-06 23:39:57,WIN-006,amazonaws.com,AAAA
D009270,2026-06-02 14:17:55,WIN-006,internal.corp,CNAME
D009271,2026-02-17 23:47:54,WIN-001,cloudflare.com,CNAME
D009272,2026-01-03 00:38:15,WIN-027,cloudflare.com,CNAME
D009273,2026-05-28 11:10:18,WIN-006,amazonaws.com,AAAA
D009274,2026-02-14 03:09:37,WIN-040,cloudflare.com,CNAME
D009275,2026-01-11 07:24:32,WIN-035,amazonaws.com,CNAME
D009276,2026-06-20 20:16:52,WIN-023,github.com,A
D009277,2026-02-05 21:44:48,WIN-017,microsoft.com,CNAME
D009278,2026-01-29 08:52:41,WIN-024,amazonaws.com,AAAA
D009279,2026-01-08 19:22:26,WIN-004,google.com,A
D009280,2026-01-02 00:04:21,WIN-007,google.com,A
D009281,2026-02-25 10:25:47,WIN-040,github.com,AAAA
D009282,2026-01-02 11:30:37,WIN-014,office.com,AAAA
D009283,2026-01-30 05:52:52,WIN-032,google.com,CNAME
D009284,2026-04-26 10:32:49,WIN-039,cloudflare.com,A
D009285,2026-06-19 04:23:51,WIN-029,internal.corp,A
D009286,2026-04-09 13:58:50,WIN-032,github.com,A
D009287,2026-04-26 02:02:23,WIN-010,google.com,A
D009288,2026-02-06 14:17:31,WIN-020,amazonaws.com,A
D009289,2026-04-26 08:02:29,WIN-006,amazonaws.com,A
D009290,2026-02-14 16:45:21,WIN-010,internal.corp,CNAME
D009291,2026-04-07 20:12:55,WIN-026,internal.corp,A
D009292,2026-01-21 05:59:49,WIN-006,office.com,A
D009293,2026-01-13 14:57:03,WIN-019,github.com,AAAA
D009294,2026-01-09 13:59:15,WIN-011,google.com,A
D009295,2026-06-16 13:02:03,WIN-020,internal.corp,CNAME
D009296,2026-03-26 11:48:35,WIN-024,cloudflare.com,AAAA
D009297,2026-03-02 08:07:11,WIN-025,internal.corp,CNAME
D009298,2026-01-14 02:53:53,WIN-031,office.com,AAAA
D009299,2026-04-03 19:27:58,WIN-014,google.com,A
D009300,2026-06-26 08:23:29,WIN-023,google.com,AAAA
D009301,2026-05-23 09:29:02,WIN-015,cloudflare.com,A
D009302,2026-01-17 01:42:54,WIN-023,internal.corp,A
D009303,2026-03-24 01:08:26,WIN-008,github.com,A
D009304,2026-05-23 07:55:39,WIN-018,amazonaws.com,AAAA
D009305,2026-05-16 14:59:51,WIN-003,office.com,CNAME
D009306,2026-05-01 02:24:01,WIN-030,google.com,A
D009307,2026-01-23 06:00:36,WIN-030,internal.corp,AAAA
D009308,2026-01-20 12:00:05,WIN-031,google.com,AAAA
D009309,2026-05-06 16:43:13,WIN-034,google.com,AAAA
D009310,2026-01-14 16:18:43,WIN-039,github.com,CNAME
D009311,2026-01-08 12:47:37,WIN-005,amazonaws.com,A
D009312,2026-03-28 20:32:48,WIN-028,microsoft.com,A
D009313,2026-04-06 03:08:36,WIN-034,github.com,A
D009314,2026-01-17 06:02:25,WIN-002,google.com,A
D009315,2026-03-05 20:08:55,WIN-019,office.com,CNAME
D009316,2026-06-03 10:01:15,WIN-023,microsoft.com,CNAME
D009317,2026-01-23 05:09:30,WIN-027,google.com,AAAA
D009318,2026-01-24 12:04:25,WIN-006,amazonaws.com,A
D009319,2026-06-27 13:37:15,WIN-022,github.com,A
D009320,2026-01-28 21:07:01,WIN-038,internal.corp,AAAA
D009321,2026-01-31 16:40:55,WIN-008,amazonaws.com,A
D009322,2026-01-26 04:11:12,WIN-037,github.com,A
D009323,2026-05-13 01:45:44,WIN-016,internal.corp,A
D009324,2026-04-23 10:52:49,WIN-032,microsoft.com,CNAME
D009325,2026-02-24 00:31:21,WIN-037,microsoft.com,A
D009326,2026-03-23 12:57:19,WIN-025,amazonaws.com,AAAA
D009327,2026-05-29 00:55:14,WIN-006,amazonaws.com,A
D009328,2026-03-10 22:57:20,WIN-034,google.com,AAAA
D009329,2026-01-08 10:02:07,WIN-012,office.com,AAAA
D009330,2026-05-19 04:49:07,WIN-035,amazonaws.com,A
D009331,2026-02-13 14:09:21,WIN-022,office.com,AAAA
D009332,2026-04-29 12:06:53,WIN-001,microsoft.com,A
D009333,2026-06-23 20:42:12,WIN-033,office.com,CNAME
D009334,2026-03-12 13:30:40,WIN-008,github.com,A
D009335,2026-01-10 12:59:59,WIN-033,office.com,A
D009336,2026-01-23 12:58:53,WIN-016,github.com,AAAA
D009337,2026-06-30 19:55:28,WIN-025,internal.corp,AAAA
D009338,2026-06-30 10:55:14,WIN-039,cloudflare.com,A
D009339,2026-01-21 18:35:46,WIN-036,google.com,CNAME
D009340,2026-04-02 01:29:46,WIN-038,github.com,CNAME
D009341,2026-03-08 09:55:12,WIN-030,internal.corp,AAAA
D009342,2026-01-19 22:06:51,WIN-029,microsoft.com,A
D009343,2026-04-08 06:28:24,WIN-015,github.com,CNAME
D009344,2026-06-26 19:03:48,WIN-040,cloudflare.com,CNAME
D009345,2026-01-01 04:19:49,WIN-029,office.com,A
D009346,2026-06-02 16:37:25,WIN-012,amazonaws.com,CNAME
D009347,2026-02-11 09:17:40,WIN-012,google.com,A
D009348,2026-04-23 06:55:46,WIN-016,google.com,CNAME
D009349,2026-01-08 14:37:36,WIN-039,microsoft.com,CNAME
D009350,2026-01-19 01:49:27,WIN-017,github.com,A
D009351,2026-01-06 13:31:47,WIN-016,internal.corp,A
D009352,2026-02-28 04:49:54,WIN-001,amazonaws.com,A
D009353,2026-05-20 08:00:02,WIN-039,office.com,A
D009354,2026-05-05 09:14:35,WIN-022,google.com,A
D009355,2026-04-06 16:28:13,WIN-023,google.com,A
D009356,2026-01-20 03:34:54,WIN-004,github.com,CNAME
D009357,2026-03-26 09:08:14,WIN-011,google.com,A
D009358,2026-05-20 15:19:56,WIN-001,amazonaws.com,CNAME
D009359,2026-05-11 02:34:16,WIN-015,cloudflare.com,A
D009360,2026-04-30 22:51:30,WIN-002,office.com,AAAA
D009361,2026-06-27 18:04:36,WIN-031,office.com,AAAA
D009362,2026-03-08 13:45:24,WIN-031,office.com,AAAA
D009363,2026-06-27 20:15:56,WIN-014,github.com,A
D009364,2026-06-24 22:36:47,WIN-039,google.com,AAAA
D009365,2026-03-17 02:59:21,WIN-039,github.com,AAAA
D009366,2026-04-26 15:27:36,WIN-010,google.com,AAAA
D009367,2026-03-10 07:56:16,WIN-029,amazonaws.com,CNAME
D009368,2026-03-29 00:13:52,WIN-006,google.com,CNAME
D009369,2026-06-21 21:32:30,WIN-012,google.com,AAAA
D009370,2026-01-14 23:21:26,WIN-030,github.com,A
D009371,2026-04-27 21:40:08,WIN-034,internal.corp,CNAME
D009372,2026-01-25 22:30:57,WIN-023,internal.corp,CNAME
D009373,2026-05-01 03:46:51,WIN-028,internal.corp,AAAA
D009374,2026-01-06 12:18:55,WIN-036,github.com,CNAME
D009375,2026-01-20 19:17:52,WIN-030,github.com,A
D009376,2026-06-07 15:28:22,WIN-039,google.com,A
D009377,2026-05-12 21:26:50,WIN-026,microsoft.com,A
D009378,2026-03-19 23:04:40,WIN-023,amazonaws.com,AAAA
D009379,2026-02-25 00:00:57,WIN-032,internal.corp,AAAA
D009380,2026-04-06 07:30:26,WIN-038,github.com,A
D009381,2026-05-29 00:11:16,WIN-017,microsoft.com,CNAME
D009382,2026-05-05 08:30:13,WIN-025,microsoft.com,CNAME
D009383,2026-03-22 06:49:58,WIN-013,amazonaws.com,CNAME
D009384,2026-02-17 05:29:06,WIN-022,internal.corp,AAAA
D009385,2026-01-21 13:41:36,WIN-001,microsoft.com,A
D009386,2026-03-19 07:40:53,WIN-038,amazonaws.com,AAAA
D009387,2026-02-12 08:04:54,WIN-021,github.com,A
D009388,2026-02-02 15:54:38,WIN-006,internal.corp,AAAA
D009389,2026-01-03 01:26:43,WIN-002,github.com,AAAA
D009390,2026-01-29 12:33:52,WIN-036,amazonaws.com,CNAME
D009391,2026-04-10 22:55:13,WIN-009,internal.corp,A
D009392,2026-01-16 07:25:48,WIN-023,cloudflare.com,AAAA
D009393,2026-03-06 23:09:02,WIN-030,amazonaws.com,AAAA
D009394,2026-03-15 13:00:42,WIN-016,google.com,CNAME
D009395,2026-05-22 08:10:53,WIN-029,microsoft.com,CNAME
D009396,2026-01-21 16:16:58,WIN-001,microsoft.com,CNAME
D009397,2026-05-15 02:53:45,WIN-038,github.com,A
D009398,2026-01-19 19:04:23,WIN-015,amazonaws.com,A
D009399,2026-06-04 01:48:52,WIN-004,cloudflare.com,AAAA
D009400,2026-06-24 18:16:43,WIN-028,github.com,AAAA
D009401,2026-01-08 08:57:54,WIN-040,google.com,CNAME
D009402,2026-05-03 19:27:58,WIN-015,microsoft.com,A
D009403,2026-04-22 21:59:16,WIN-035,cloudflare.com,CNAME
D009404,2026-06-25 00:24:05,WIN-012,office.com,A
D009405,2026-03-20 22:27:41,WIN-009,amazonaws.com,AAAA
D009406,2026-04-05 03:21:48,WIN-031,amazonaws.com,AAAA
D009407,2026-01-31 16:14:24,WIN-010,github.com,AAAA
D009408,2026-06-11 09:12:05,WIN-013,internal.corp,CNAME
D009409,2026-02-14 06:53:31,WIN-008,internal.corp,CNAME
D009410,2026-05-29 19:52:14,WIN-019,office.com,CNAME
D009411,2026-06-13 18:33:53,WIN-025,github.com,AAAA
D009412,2026-04-02 06:55:22,WIN-007,google.com,AAAA
D009413,2026-06-09 10:04:42,WIN-028,office.com,A
D009414,2026-02-02 22:12:02,WIN-013,github.com,A
D009415,2026-01-08 13:37:31,WIN-010,google.com,CNAME
D009416,2026-05-15 18:18:46,WIN-027,google.com,CNAME
D009417,2026-06-24 16:04:16,WIN-016,github.com,CNAME
D009418,2026-01-23 11:57:50,WIN-013,cloudflare.com,A
D009419,2026-06-21 09:36:37,WIN-009,internal.corp,CNAME
D009420,2026-04-24 10:27:29,WIN-038,amazonaws.com,A
D009421,2026-06-14 05:02:11,WIN-025,office.com,CNAME
D009422,2026-03-10 06:23:08,WIN-023,internal.corp,CNAME
D009423,2026-04-03 12:19:13,WIN-030,amazonaws.com,A
D009424,2026-06-03 02:56:42,WIN-027,microsoft.com,AAAA
D009425,2026-06-29 04:43:19,WIN-017,microsoft.com,AAAA
D009426,2026-01-18 18:53:05,WIN-027,github.com,AAAA
D009427,2026-06-11 15:36:45,WIN-001,cloudflare.com,A
D009428,2026-06-14 01:19:04,WIN-005,github.com,AAAA
D009429,2026-01-01 19:56:28,WIN-010,amazonaws.com,A
D009430,2026-04-22 00:03:42,WIN-038,cloudflare.com,CNAME
D009431,2026-02-15 08:03:22,WIN-013,amazonaws.com,AAAA
D009432,2026-06-16 15:27:18,WIN-023,office.com,A
D009433,2026-01-27 20:29:31,WIN-012,office.com,AAAA
D009434,2026-02-06 05:05:11,WIN-024,internal.corp,AAAA
D009435,2026-06-17 19:49:08,WIN-004,github.com,CNAME
D009436,2026-04-17 20:42:53,WIN-010,amazonaws.com,A
D009437,2026-02-15 19:13:22,WIN-036,google.com,AAAA
D009438,2026-06-23 00:44:01,WIN-039,office.com,A
D009439,2026-03-18 05:13:21,WIN-024,office.com,CNAME
D009440,2026-04-22 13:17:32,WIN-001,cloudflare.com,CNAME
D009441,2026-04-22 02:45:44,WIN-023,amazonaws.com,CNAME
D009442,2026-01-19 10:14:12,WIN-033,office.com,CNAME
D009443,2026-01-27 17:58:24,WIN-004,internal.corp,AAAA
D009444,2026-01-11 15:29:17,WIN-024,office.com,AAAA
D009445,2026-03-06 00:18:32,WIN-026,github.com,A
D009446,2026-01-29 08:02:01,WIN-002,microsoft.com,AAAA
D009447,2026-05-03 17:31:31,WIN-032,github.com,CNAME
D009448,2026-03-14 07:30:36,WIN-013,github.com,AAAA
D009449,2026-05-12 09:46:28,WIN-013,office.com,A
D009450,2026-03-15 11:36:39,WIN-018,cloudflare.com,A
D009451,2026-05-13 06:43:51,WIN-013,google.com,CNAME
D009452,2026-01-21 18:29:58,WIN-036,github.com,AAAA
D009453,2026-03-03 12:42:13,WIN-026,internal.corp,CNAME
D009454,2026-01-12 07:18:33,WIN-023,github.com,CNAME
D009455,2026-05-26 09:22:10,WIN-001,google.com,CNAME
D009456,2026-03-31 17:36:15,WIN-003,amazonaws.com,AAAA
D009457,2026-04-28 11:45:16,WIN-033,github.com,AAAA
D009458,2026-01-01 22:55:17,WIN-035,internal.corp,CNAME
D009459,2026-05-06 15:00:47,WIN-023,cloudflare.com,A
D009460,2026-03-15 23:45:07,WIN-017,cloudflare.com,A
D009461,2026-01-09 00:56:27,WIN-001,internal.corp,CNAME
D009462,2026-02-16 19:33:50,WIN-032,internal.corp,CNAME
D009463,2026-06-01 05:07:55,WIN-036,microsoft.com,CNAME
D009464,2026-06-28 00:06:53,WIN-009,amazonaws.com,CNAME
D009465,2026-02-13 11:15:45,WIN-032,office.com,CNAME
D009466,2026-04-28 16:49:28,WIN-029,google.com,A
D009467,2026-03-05 04:50:27,WIN-018,amazonaws.com,A
D009468,2026-01-22 00:19:59,WIN-027,github.com,AAAA
D009469,2026-03-09 18:29:29,WIN-023,amazonaws.com,A
D009470,2026-04-09 19:41:28,WIN-022,amazonaws.com,CNAME
D009471,2026-06-21 13:12:16,WIN-004,amazonaws.com,AAAA
D009472,2026-06-14 10:18:45,WIN-025,office.com,A
D009473,2026-02-19 13:40:51,WIN-003,amazonaws.com,CNAME
D009474,2026-05-07 07:05:35,WIN-035,internal.corp,A
D009475,2026-02-19 02:24:17,WIN-038,google.com,A
D009476,2026-04-16 03:33:20,WIN-021,amazonaws.com,AAAA
D009477,2026-03-22 10:31:51,WIN-011,github.com,CNAME
D009478,2026-06-04 10:12:57,WIN-019,office.com,A
D009479,2026-03-10 16:05:14,WIN-013,internal.corp,AAAA
D009480,2026-01-13 15:32:22,WIN-013,cloudflare.com,AAAA
D009481,2026-01-19 04:33:19,WIN-034,cloudflare.com,AAAA
D009482,2026-01-05 09:43:17,WIN-014,microsoft.com,AAAA
D009483,2026-03-12 07:30:26,WIN-025,github.com,CNAME
D009484,2026-04-02 16:15:46,WIN-022,internal.corp,A
D009485,2026-06-15 23:58:21,WIN-017,office.com,AAAA
D009486,2026-01-04 20:02:41,WIN-029,internal.corp,CNAME
D009487,2026-02-20 22:32:18,WIN-015,cloudflare.com,AAAA
D009488,2026-03-05 17:36:55,WIN-002,amazonaws.com,A
D009489,2026-06-20 22:49:27,WIN-019,google.com,AAAA
D009490,2026-04-13 23:04:21,WIN-036,github.com,CNAME
D009491,2026-04-28 11:29:49,WIN-022,google.com,AAAA
D009492,2026-02-09 03:22:14,WIN-035,internal.corp,AAAA
D009493,2026-02-23 06:39:12,WIN-008,internal.corp,AAAA
D009494,2026-03-11 03:53:04,WIN-016,office.com,CNAME
D009495,2026-03-20 01:01:18,WIN-006,office.com,A
D009496,2026-05-22 05:29:19,WIN-038,amazonaws.com,A
D009497,2026-04-02 14:33:38,WIN-003,office.com,CNAME
D009498,2026-04-15 22:46:02,WIN-032,microsoft.com,CNAME
D009499,2026-06-16 21:05:24,WIN-040,office.com,A
D009500,2026-05-12 04:06:14,WIN-018,amazonaws.com,A
D009501,2026-04-27 17:03:01,WIN-026,cloudflare.com,AAAA
D009502,2026-03-16 04:55:09,WIN-027,microsoft.com,AAAA
D009503,2026-06-10 18:30:26,WIN-040,amazonaws.com,CNAME
D009504,2026-01-22 16:03:33,WIN-036,github.com,AAAA
D009505,2026-04-03 08:58:17,WIN-019,office.com,A
D009506,2026-04-30 20:41:31,WIN-032,google.com,CNAME
D009507,2026-05-29 09:52:27,WIN-008,office.com,A
D009508,2026-03-07 06:45:21,WIN-021,office.com,CNAME
D009509,2026-03-08 18:09:34,WIN-037,github.com,AAAA
D009510,2026-04-01 09:36:05,WIN-033,amazonaws.com,CNAME
D009511,2026-06-05 15:34:58,WIN-022,microsoft.com,CNAME
D009512,2026-04-16 10:57:34,WIN-005,cloudflare.com,AAAA
D009513,2026-01-15 08:10:10,WIN-012,github.com,AAAA
D009514,2026-04-30 04:20:55,WIN-026,github.com,AAAA
D009515,2026-04-17 14:04:56,WIN-020,cloudflare.com,CNAME
D009516,2026-04-08 23:14:56,WIN-007,internal.corp,A
D009517,2026-05-03 19:41:28,WIN-036,google.com,AAAA
D009518,2026-01-27 02:16:48,WIN-023,github.com,A
D009519,2026-04-08 05:01:02,WIN-008,microsoft.com,CNAME
D009520,2026-06-20 22:58:44,WIN-018,amazonaws.com,AAAA
D009521,2026-06-26 04:08:30,WIN-021,internal.corp,AAAA
D009522,2026-03-25 18:10:20,WIN-039,cloudflare.com,CNAME
D009523,2026-01-12 03:52:05,WIN-002,google.com,CNAME
D009524,2026-06-13 12:44:42,WIN-030,cloudflare.com,CNAME
D009525,2026-03-16 05:58:40,WIN-032,amazonaws.com,A
D009526,2026-01-14 06:56:34,WIN-008,microsoft.com,AAAA
D009527,2026-01-30 06:20:41,WIN-037,amazonaws.com,CNAME
D009528,2026-05-24 10:49:43,WIN-011,amazonaws.com,AAAA
D009529,2026-06-16 22:31:56,WIN-006,github.com,AAAA
D009530,2026-02-06 10:20:49,WIN-017,cloudflare.com,CNAME
D009531,2026-02-10 00:21:43,WIN-029,github.com,AAAA
D009532,2026-02-18 16:30:03,WIN-039,google.com,AAAA
D009533,2026-02-11 20:16:50,WIN-032,amazonaws.com,A
D009534,2026-04-12 18:21:50,WIN-035,office.com,CNAME
D009535,2026-03-18 06:44:52,WIN-040,cloudflare.com,AAAA
D009536,2026-04-16 15:36:39,WIN-002,office.com,A
D009537,2026-01-10 13:13:20,WIN-039,cloudflare.com,CNAME
D009538,2026-01-16 08:37:28,WIN-038,cloudflare.com,CNAME
D009539,2026-01-20 20:01:54,WIN-012,amazonaws.com,A
D009540,2026-05-15 16:54:21,WIN-020,github.com,A
D009541,2026-01-25 23:19:25,WIN-005,amazonaws.com,AAAA
D009542,2026-05-09 06:53:29,WIN-019,office.com,AAAA
D009543,2026-02-23 11:29:14,WIN-026,microsoft.com,A
D009544,2026-04-19 02:33:55,WIN-007,github.com,A
D009545,2026-02-16 20:19:00,WIN-008,google.com,AAAA
D009546,2026-04-29 16:32:49,WIN-017,google.com,AAAA
D009547,2026-01-20 22:11:07,WIN-018,internal.corp,A
D009548,2026-01-11 10:10:26,WIN-006,amazonaws.com,CNAME
D009549,2026-01-22 14:36:44,WIN-011,microsoft.com,AAAA
D009550,2026-02-04 15:54:55,WIN-038,office.com,A
D009551,2026-05-13 20:03:14,WIN-031,microsoft.com,A
D009552,2026-05-26 05:30:12,WIN-032,office.com,CNAME
D009553,2026-03-07 03:11:24,WIN-022,amazonaws.com,AAAA
D009554,2026-01-15 23:29:54,WIN-029,internal.corp,AAAA
D009555,2026-05-29 07:42:34,WIN-019,cloudflare.com,AAAA
D009556,2026-01-09 20:56:58,WIN-011,amazonaws.com,A
D009557,2026-01-04 15:14:00,WIN-002,google.com,AAAA
D009558,2026-05-20 10:17:13,WIN-011,internal.corp,A
D009559,2026-02-05 07:35:08,WIN-020,amazonaws.com,AAAA
D009560,2026-05-10 21:35:04,WIN-030,office.com,CNAME
D009561,2026-02-10 00:10:36,WIN-024,microsoft.com,AAAA
D009562,2026-03-03 02:54:05,WIN-007,cloudflare.com,A
D009563,2026-02-09 21:51:59,WIN-026,microsoft.com,A
D009564,2026-02-05 04:32:09,WIN-020,office.com,A
D009565,2026-06-09 08:09:39,WIN-018,github.com,A
D009566,2026-03-18 12:07:35,WIN-028,microsoft.com,CNAME
D009567,2026-06-01 12:33:15,WIN-034,amazonaws.com,AAAA
D009568,2026-05-15 23:40:20,WIN-006,google.com,A
D009569,2026-05-01 05:22:33,WIN-027,internal.corp,CNAME
D009570,2026-03-26 11:17:20,WIN-032,office.com,AAAA
D009571,2026-02-26 01:02:49,WIN-034,internal.corp,CNAME
D009572,2026-06-18 00:41:54,WIN-018,office.com,CNAME
D009573,2026-01-04 12:32:29,WIN-028,amazonaws.com,AAAA
D009574,2026-02-21 23:06:40,WIN-034,office.com,AAAA
D009575,2026-04-25 03:19:26,WIN-039,google.com,A
D009576,2026-05-03 01:29:19,WIN-011,internal.corp,A
D009577,2026-01-31 22:02:59,WIN-036,office.com,CNAME
D009578,2026-02-27 02:00:07,WIN-034,google.com,A
D009579,2026-01-21 16:48:28,WIN-011,microsoft.com,AAAA
D009580,2026-01-19 01:39:30,WIN-007,amazonaws.com,AAAA
D009581,2026-06-10 10:37:18,WIN-020,microsoft.com,CNAME
D009582,2026-06-26 22:24:50,WIN-014,amazonaws.com,A
D009583,2026-05-13 15:18:08,WIN-031,google.com,A
D009584,2026-06-18 21:58:09,WIN-031,amazonaws.com,CNAME
D009585,2026-05-01 07:15:58,WIN-011,github.com,AAAA
D009586,2026-05-18 17:16:39,WIN-039,microsoft.com,CNAME
D009587,2026-02-25 05:11:59,WIN-033,google.com,AAAA
D009588,2026-06-04 09:53:05,WIN-033,internal.corp,AAAA
D009589,2026-01-31 13:56:46,WIN-036,internal.corp,A
D009590,2026-01-16 08:48:45,WIN-001,github.com,CNAME
D009591,2026-03-02 12:21:35,WIN-003,github.com,A
D009592,2026-02-28 09:47:01,WIN-010,microsoft.com,AAAA
D009593,2026-01-17 10:48:16,WIN-001,amazonaws.com,A
D009594,2026-06-26 12:27:16,WIN-031,cloudflare.com,CNAME
D009595,2026-01-28 21:51:22,WIN-004,github.com,CNAME
D009596,2026-06-28 18:59:12,WIN-036,office.com,AAAA
D009597,2026-06-18 06:04:44,WIN-026,google.com,AAAA
D009598,2026-05-01 21:11:44,WIN-011,microsoft.com,A
D009599,2026-06-26 01:34:39,WIN-026,cloudflare.com,CNAME
D009600,2026-06-27 23:51:31,WIN-005,amazonaws.com,AAAA
D009601,2026-05-11 04:41:31,WIN-003,github.com,AAAA
D009602,2026-02-16 14:15:51,WIN-002,github.com,CNAME
D009603,2026-03-06 11:40:19,WIN-020,office.com,AAAA
D009604,2026-04-04 02:08:28,WIN-028,github.com,A
D009605,2026-06-30 13:29:41,WIN-022,cloudflare.com,A
D009606,2026-02-07 02:53:24,WIN-018,internal.corp,CNAME
D009607,2026-05-28 20:02:45,WIN-038,google.com,AAAA
D009608,2026-05-29 05:59:17,WIN-013,cloudflare.com,AAAA
D009609,2026-02-22 16:10:02,WIN-017,cloudflare.com,A
D009610,2026-01-30 14:03:28,WIN-013,internal.corp,A
D009611,2026-06-15 13:12:18,WIN-028,cloudflare.com,A
D009612,2026-04-18 18:45:21,WIN-030,office.com,AAAA
D009613,2026-05-25 16:00:35,WIN-014,github.com,AAAA
D009614,2026-05-26 20:30:41,WIN-025,microsoft.com,CNAME
D009615,2026-02-17 20:14:09,WIN-028,google.com,CNAME
D009616,2026-02-05 04:13:21,WIN-015,github.com,AAAA
D009617,2026-05-10 19:53:44,WIN-032,microsoft.com,A
D009618,2026-02-10 23:29:30,WIN-030,microsoft.com,CNAME
D009619,2026-05-21 11:07:18,WIN-016,cloudflare.com,CNAME
D009620,2026-01-12 20:24:20,WIN-014,microsoft.com,AAAA
D009621,2026-02-26 13:52:53,WIN-040,office.com,CNAME
D009622,2026-02-28 18:14:45,WIN-005,github.com,CNAME
D009623,2026-05-23 23:33:22,WIN-019,microsoft.com,A
D009624,2026-06-24 20:52:42,WIN-007,amazonaws.com,AAAA
D009625,2026-05-22 22:23:30,WIN-011,cloudflare.com,CNAME
D009626,2026-05-21 01:46:13,WIN-010,internal.corp,CNAME
D009627,2026-02-28 00:14:03,WIN-037,internal.corp,CNAME
D009628,2026-02-28 19:25:28,WIN-025,cloudflare.com,AAAA
D009629,2026-01-15 15:49:55,WIN-032,office.com,CNAME
D009630,2026-06-02 19:40:30,WIN-039,microsoft.com,A
D009631,2026-03-27 02:02:13,WIN-034,cloudflare.com,CNAME
D009632,2026-05-23 07:50:43,WIN-003,github.com,A
D009633,2026-06-25 02:54:33,WIN-024,cloudflare.com,A
D009634,2026-06-07 21:54:13,WIN-022,amazonaws.com,AAAA
D009635,2026-04-08 14:37:33,WIN-005,google.com,CNAME
D009636,2026-05-24 09:25:08,WIN-026,office.com,AAAA
D009637,2026-06-19 10:42:42,WIN-031,internal.corp,AAAA
D009638,2026-06-13 23:38:16,WIN-027,internal.corp,AAAA
D009639,2026-03-01 16:39:50,WIN-036,internal.corp,CNAME
D009640,2026-06-06 12:30:44,WIN-027,google.com,CNAME
D009641,2026-05-13 05:24:39,WIN-035,amazonaws.com,A
D009642,2026-04-01 13:44:53,WIN-040,github.com,CNAME
D009643,2026-05-03 13:27:47,WIN-033,github.com,A
D009644,2026-02-10 14:13:47,WIN-032,github.com,A
D009645,2026-05-19 10:53:23,WIN-015,google.com,A
D009646,2026-04-29 21:41:44,WIN-020,github.com,AAAA
D009647,2026-02-12 16:09:05,WIN-004,google.com,AAAA
D009648,2026-03-02 12:56:16,WIN-037,office.com,AAAA
D009649,2026-06-21 23:22:12,WIN-018,cloudflare.com,A
D009650,2026-03-07 08:10:10,WIN-004,amazonaws.com,CNAME
D009651,2026-04-19 15:42:50,WIN-038,google.com,AAAA
D009652,2026-03-30 13:46:28,WIN-025,google.com,AAAA
D009653,2026-02-07 01:01:16,WIN-013,microsoft.com,A
D009654,2026-02-01 15:19:03,WIN-019,amazonaws.com,CNAME
D009655,2026-01-13 23:02:25,WIN-035,office.com,A
D009656,2026-03-27 19:02:18,WIN-015,internal.corp,CNAME
D009657,2026-03-11 03:09:24,WIN-020,amazonaws.com,CNAME
D009658,2026-01-26 01:43:51,WIN-015,github.com,A
D009659,2026-06-15 06:48:25,WIN-025,microsoft.com,A
D009660,2026-03-11 14:08:15,WIN-022,google.com,CNAME
D009661,2026-04-23 13:09:05,WIN-015,google.com,AAAA
D009662,2026-04-21 23:09:14,WIN-012,office.com,AAAA
D009663,2026-05-29 00:16:43,WIN-014,github.com,A
D009664,2026-04-02 20:53:07,WIN-016,cloudflare.com,CNAME
D009665,2026-01-14 22:46:42,WIN-013,cloudflare.com,A
D009666,2026-04-09 06:40:02,WIN-031,internal.corp,AAAA
D009667,2026-05-26 12:23:46,WIN-037,github.com,CNAME
D009668,2026-05-06 01:14:32,WIN-001,microsoft.com,AAAA
D009669,2026-06-30 06:16:25,WIN-027,github.com,AAAA
D009670,2026-03-27 10:29:25,WIN-029,office.com,A
D009671,2026-03-16 10:20:44,WIN-019,internal.corp,AAAA
D009672,2026-04-11 15:02:43,WIN-008,office.com,A
D009673,2026-04-22 11:06:11,WIN-023,internal.corp,CNAME
D009674,2026-03-26 22:48:26,WIN-018,cloudflare.com,A
D009675,2026-02-22 01:22:48,WIN-024,microsoft.com,A
D009676,2026-04-08 01:52:47,WIN-001,amazonaws.com,CNAME
D009677,2026-01-21 08:16:31,WIN-015,amazonaws.com,AAAA
D009678,2026-01-30 13:54:51,WIN-037,office.com,CNAME
D009679,2026-05-03 14:17:43,WIN-020,amazonaws.com,CNAME
D009680,2026-04-04 14:00:04,WIN-036,amazonaws.com,A
D009681,2026-02-21 05:42:39,WIN-001,google.com,A
D009682,2026-06-09 13:36:11,WIN-010,amazonaws.com,CNAME
D009683,2026-04-01 18:04:55,WIN-028,microsoft.com,A
D009684,2026-04-30 08:47:44,WIN-039,google.com,A
D009685,2026-02-13 13:36:01,WIN-033,cloudflare.com,AAAA
D009686,2026-02-03 12:32:44,WIN-019,google.com,AAAA
D009687,2026-05-29 01:46:57,WIN-015,google.com,AAAA
D009688,2026-01-09 06:38:57,WIN-012,cloudflare.com,A
D009689,2026-01-30 23:49:22,WIN-037,internal.corp,CNAME
D009690,2026-01-27 02:36:57,WIN-037,github.com,CNAME
D009691,2026-06-09 09:01:23,WIN-005,microsoft.com,CNAME
D009692,2026-04-06 18:14:17,WIN-018,office.com,AAAA
D009693,2026-01-01 22:30:11,WIN-001,google.com,CNAME
D009694,2026-02-08 04:56:27,WIN-008,amazonaws.com,A
D009695,2026-05-24 19:57:02,WIN-009,amazonaws.com,A
D009696,2026-06-22 15:58:25,WIN-002,microsoft.com,AAAA
D009697,2026-05-08 18:06:04,WIN-019,cloudflare.com,CNAME
D009698,2026-03-10 12:47:45,WIN-005,github.com,A
D009699,2026-06-30 12:59:52,WIN-020,office.com,A
D009700,2026-04-03 22:55:05,WIN-007,github.com,A
D009701,2026-05-03 12:42:15,WIN-022,internal.corp,AAAA
D009702,2026-01-01 23:04:50,WIN-040,github.com,A
D009703,2026-01-15 23:04:34,WIN-037,github.com,CNAME
D009704,2026-03-04 10:36:53,WIN-012,cloudflare.com,AAAA
D009705,2026-06-02 00:35:17,WIN-009,amazonaws.com,A
D009706,2026-01-20 19:08:24,WIN-014,amazonaws.com,A
D009707,2026-02-12 13:33:02,WIN-005,cloudflare.com,CNAME
D009708,2026-06-25 09:02:31,WIN-017,office.com,AAAA
D009709,2026-06-19 06:57:43,WIN-024,google.com,CNAME
D009710,2026-01-05 07:34:54,WIN-022,cloudflare.com,AAAA
D009711,2026-04-04 10:20:29,WIN-016,google.com,A
D009712,2026-04-08 04:37:19,WIN-012,cloudflare.com,A
D009713,2026-06-05 20:14:12,WIN-007,github.com,CNAME
D009714,2026-03-11 14:41:49,WIN-004,amazonaws.com,AAAA
D009715,2026-06-04 22:00:32,WIN-038,office.com,A
D009716,2026-02-20 04:08:46,WIN-009,office.com,CNAME
D009717,2026-03-05 22:22:25,WIN-021,cloudflare.com,AAAA
D009718,2026-01-17 05:13:07,WIN-007,microsoft.com,AAAA
D009719,2026-05-25 04:00:10,WIN-037,google.com,A
D009720,2026-06-30 13:42:54,WIN-039,google.com,CNAME
D009721,2026-05-04 00:05:00,WIN-033,internal.corp,AAAA
D009722,2026-04-02 00:37:57,WIN-001,internal.corp,CNAME
D009723,2026-02-27 09:54:48,WIN-029,amazonaws.com,CNAME
D009724,2026-03-17 23:54:34,WIN-001,microsoft.com,AAAA
D009725,2026-04-27 18:20:40,WIN-029,google.com,AAAA
D009726,2026-02-16 08:57:24,WIN-038,amazonaws.com,CNAME
D009727,2026-04-14 10:57:31,WIN-023,microsoft.com,AAAA
D009728,2026-02-13 19:52:30,WIN-039,github.com,A
D009729,2026-06-26 06:57:21,WIN-035,google.com,CNAME
D009730,2026-03-05 15:48:36,WIN-005,google.com,AAAA
D009731,2026-04-01 05:37:42,WIN-004,github.com,AAAA
D009732,2026-01-28 14:48:10,WIN-008,cloudflare.com,AAAA
D009733,2026-04-10 20:28:49,WIN-010,amazonaws.com,A
D009734,2026-03-20 05:16:00,WIN-032,github.com,A
D009735,2026-01-12 08:02:01,WIN-037,cloudflare.com,A
D009736,2026-05-06 17:27:26,WIN-038,office.com,A
D009737,2026-05-27 16:26:51,WIN-013,amazonaws.com,CNAME
D009738,2026-02-18 05:41:53,WIN-023,office.com,A
D009739,2026-01-31 14:58:38,WIN-030,github.com,AAAA
D009740,2026-04-08 02:17:04,WIN-017,github.com,A
D009741,2026-02-08 08:35:17,WIN-005,office.com,CNAME
D009742,2026-02-05 02:53:31,WIN-008,amazonaws.com,CNAME
D009743,2026-04-18 03:42:04,WIN-012,cloudflare.com,A
D009744,2026-02-19 18:43:57,WIN-003,github.com,AAAA
D009745,2026-01-28 08:12:19,WIN-031,github.com,A
D009746,2026-01-26 05:48:18,WIN-008,cloudflare.com,CNAME
D009747,2026-01-21 17:49:51,WIN-002,github.com,AAAA
D009748,2026-05-02 00:15:16,WIN-012,github.com,CNAME
D009749,2026-03-24 08:19:48,WIN-031,office.com,AAAA
D009750,2026-03-15 14:24:29,WIN-001,cloudflare.com,AAAA
D009751,2026-02-22 05:09:13,WIN-030,office.com,AAAA
D009752,2026-06-12 07:15:22,WIN-019,github.com,CNAME
D009753,2026-03-05 09:59:01,WIN-038,microsoft.com,AAAA
D009754,2026-01-01 03:41:51,WIN-008,cloudflare.com,AAAA
D009755,2026-03-30 19:23:53,WIN-040,amazonaws.com,CNAME
D009756,2026-01-17 19:42:21,WIN-019,github.com,AAAA
D009757,2026-02-10 06:24:55,WIN-029,office.com,CNAME
D009758,2026-01-01 17:17:49,WIN-018,microsoft.com,A
D009759,2026-04-27 03:49:32,WIN-031,office.com,A
D009760,2026-03-23 18:05:54,WIN-006,microsoft.com,A
D009761,2026-04-26 02:14:04,WIN-019,office.com,AAAA
D009762,2026-04-16 10:44:57,WIN-040,github.com,CNAME
D009763,2026-04-20 08:30:39,WIN-019,amazonaws.com,A
D009764,2026-04-22 02:17:01,WIN-016,office.com,CNAME
D009765,2026-04-24 19:28:07,WIN-004,cloudflare.com,A
D009766,2026-03-29 15:10:05,WIN-034,cloudflare.com,A
D009767,2026-03-03 21:29:10,WIN-037,github.com,AAAA
D009768,2026-01-22 21:02:09,WIN-008,office.com,A
D009769,2026-06-13 12:46:14,WIN-030,cloudflare.com,A
D009770,2026-05-26 10:58:45,WIN-028,office.com,A
D009771,2026-03-16 02:03:18,WIN-036,microsoft.com,AAAA
D009772,2026-01-15 20:05:15,WIN-001,microsoft.com,CNAME
D009773,2026-01-18 06:35:51,WIN-007,cloudflare.com,A
D009774,2026-01-29 14:40:19,WIN-038,office.com,AAAA
D009775,2026-03-18 15:00:39,WIN-021,internal.corp,CNAME
D009776,2026-04-23 18:21:57,WIN-038,microsoft.com,A
D009777,2026-04-11 08:45:37,WIN-039,google.com,CNAME
D009778,2026-05-29 03:05:29,WIN-021,github.com,A
D009779,2026-01-06 03:21:29,WIN-037,amazonaws.com,A
D009780,2026-02-03 08:30:07,WIN-016,github.com,AAAA
D009781,2026-06-22 03:12:15,WIN-007,internal.corp,A
D009782,2026-06-20 06:00:32,WIN-009,amazonaws.com,A
D009783,2026-04-14 13:23:24,WIN-001,office.com,AAAA
D009784,2026-01-12 09:48:34,WIN-006,cloudflare.com,A
D009785,2026-05-23 07:35:59,WIN-001,cloudflare.com,A
D009786,2026-01-06 17:22:11,WIN-009,internal.corp,CNAME
D009787,2026-03-11 00:29:27,WIN-037,github.com,A
D009788,2026-01-30 07:35:05,WIN-001,office.com,CNAME
D009789,2026-01-09 17:09:02,WIN-020,github.com,AAAA
D009790,2026-02-02 10:05:20,WIN-023,amazonaws.com,CNAME
D009791,2026-04-25 17:59:06,WIN-035,amazonaws.com,AAAA
D009792,2026-02-06 09:41:45,WIN-029,google.com,AAAA
D009793,2026-05-31 00:21:39,WIN-025,internal.corp,AAAA
D009794,2026-05-07 21:32:42,WIN-034,internal.corp,AAAA
D009795,2026-01-15 10:59:47,WIN-001,internal.corp,A
D009796,2026-01-20 19:22:00,WIN-021,amazonaws.com,A
D009797,2026-05-27 10:47:46,WIN-039,cloudflare.com,A
D009798,2026-06-12 17:29:25,WIN-007,internal.corp,A
D009799,2026-05-12 12:25:01,WIN-034,office.com,CNAME
D009800,2026-01-17 02:53:57,WIN-020,cloudflare.com,AAAA
D009801,2026-04-20 04:38:16,WIN-031,github.com,AAAA
D009802,2026-04-23 08:41:18,WIN-013,office.com,A
D009803,2026-02-13 06:34:14,WIN-030,google.com,A
D009804,2026-06-14 08:36:55,WIN-014,google.com,A
D009805,2026-04-25 00:47:23,WIN-030,cloudflare.com,A
D009806,2026-06-19 12:01:39,WIN-001,internal.corp,CNAME
D009807,2026-02-11 13:46:04,WIN-005,cloudflare.com,AAAA
D009808,2026-02-23 12:57:41,WIN-020,microsoft.com,CNAME
D009809,2026-03-29 14:40:42,WIN-033,office.com,AAAA
D009810,2026-06-25 13:22:00,WIN-019,google.com,AAAA
D009811,2026-03-05 21:45:55,WIN-017,microsoft.com,AAAA
D009812,2026-02-20 17:35:30,WIN-018,cloudflare.com,CNAME
D009813,2026-05-10 08:48:39,WIN-037,internal.corp,CNAME
D009814,2026-05-13 22:57:48,WIN-009,office.com,AAAA
D009815,2026-06-06 03:53:48,WIN-036,github.com,A
D009816,2026-02-20 00:09:44,WIN-003,github.com,AAAA
D009817,2026-05-23 14:34:06,WIN-035,internal.corp,AAAA
D009818,2026-06-04 08:26:18,WIN-002,microsoft.com,AAAA
D009819,2026-05-08 20:42:47,WIN-016,office.com,A
D009820,2026-01-10 03:25:44,WIN-015,microsoft.com,CNAME
D009821,2026-03-19 12:38:39,WIN-033,cloudflare.com,CNAME
D009822,2026-06-22 06:27:35,WIN-023,amazonaws.com,CNAME
D009823,2026-05-05 15:53:32,WIN-037,amazonaws.com,AAAA
D009824,2026-05-17 04:18:49,WIN-004,github.com,AAAA
D009825,2026-05-14 10:12:30,WIN-025,internal.corp,A
D009826,2026-06-02 22:03:58,WIN-013,microsoft.com,CNAME
D009827,2026-04-27 23:15:06,WIN-001,internal.corp,A
D009828,2026-06-26 09:53:02,WIN-023,microsoft.com,AAAA
D009829,2026-01-19 04:27:36,WIN-036,google.com,AAAA
D009830,2026-03-31 08:59:04,WIN-036,google.com,CNAME
D009831,2026-05-16 12:18:18,WIN-029,cloudflare.com,AAAA
D009832,2026-03-06 08:05:16,WIN-034,amazonaws.com,CNAME
D009833,2026-03-01 15:17:24,WIN-032,microsoft.com,CNAME
D009834,2026-06-06 07:06:59,WIN-014,cloudflare.com,AAAA
D009835,2026-02-18 20:31:19,WIN-003,amazonaws.com,A
D009836,2026-05-29 16:14:42,WIN-008,internal.corp,AAAA
D009837,2026-05-14 13:48:02,WIN-036,amazonaws.com,CNAME
D009838,2026-05-05 14:06:09,WIN-010,amazonaws.com,CNAME
D009839,2026-03-27 16:05:28,WIN-021,github.com,A
D009840,2026-04-27 13:50:08,WIN-026,amazonaws.com,A
D009841,2026-04-13 01:47:51,WIN-029,cloudflare.com,AAAA
D009842,2026-04-25 14:17:32,WIN-016,github.com,A
D009843,2026-04-20 04:28:41,WIN-011,amazonaws.com,CNAME
D009844,2026-04-05 22:18:06,WIN-011,office.com,CNAME
D009845,2026-01-17 14:52:31,WIN-037,cloudflare.com,CNAME
D009846,2026-06-09 21:09:48,WIN-008,microsoft.com,AAAA
D009847,2026-04-30 10:39:23,WIN-028,github.com,AAAA
D009848,2026-04-08 09:57:15,WIN-036,google.com,CNAME
D009849,2026-06-28 18:01:11,WIN-028,github.com,CNAME
D009850,2026-01-21 01:22:42,WIN-016,microsoft.com,AAAA
D009851,2026-02-12 13:36:39,WIN-033,amazonaws.com,A
D009852,2026-01-08 10:47:52,WIN-010,microsoft.com,A
D009853,2026-01-06 06:58:34,WIN-030,microsoft.com,A
D009854,2026-03-24 01:44:17,WIN-028,internal.corp,CNAME
D009855,2026-03-14 05:40:39,WIN-029,office.com,AAAA
D009856,2026-04-23 00:32:20,WIN-011,office.com,CNAME
D009857,2026-02-28 00:13:14,WIN-036,google.com,AAAA
D009858,2026-02-01 20:06:05,WIN-023,internal.corp,CNAME
D009859,2026-06-14 17:02:16,WIN-039,amazonaws.com,CNAME
D009860,2026-02-22 17:05:49,WIN-011,office.com,CNAME
D009861,2026-03-16 06:05:10,WIN-011,internal.corp,AAAA
D009862,2026-05-15 14:30:45,WIN-003,cloudflare.com,AAAA
D009863,2026-02-20 05:53:42,WIN-036,google.com,CNAME
D009864,2026-01-20 18:37:50,WIN-015,cloudflare.com,AAAA
D009865,2026-05-23 20:14:37,WIN-019,amazonaws.com,CNAME
D009866,2026-06-05 06:24:11,WIN-029,cloudflare.com,CNAME
D009867,2026-02-26 02:27:16,WIN-003,microsoft.com,CNAME
D009868,2026-04-13 18:17:23,WIN-034,google.com,AAAA
D009869,2026-05-21 05:01:58,WIN-017,amazonaws.com,AAAA
D009870,2026-05-25 15:01:57,WIN-008,internal.corp,AAAA
D009871,2026-04-23 18:38:34,WIN-040,amazonaws.com,A
D009872,2026-02-28 16:07:57,WIN-007,github.com,CNAME
D009873,2026-06-10 07:22:58,WIN-004,amazonaws.com,AAAA
D009874,2026-05-29 13:06:52,WIN-018,google.com,CNAME
D009875,2026-04-09 12:53:16,WIN-005,cloudflare.com,A
D009876,2026-05-06 03:56:25,WIN-024,amazonaws.com,CNAME
D009877,2026-03-29 22:47:07,WIN-013,github.com,A
D009878,2026-01-05 02:32:46,WIN-032,microsoft.com,CNAME
D009879,2026-03-18 11:32:29,WIN-031,google.com,A
D009880,2026-01-18 03:13:02,WIN-039,office.com,AAAA
D009881,2026-01-20 12:31:30,WIN-039,internal.corp,CNAME
D009882,2026-04-16 22:27:09,WIN-025,office.com,CNAME
D009883,2026-06-03 07:55:15,WIN-017,internal.corp,CNAME
D009884,2026-01-20 08:57:10,WIN-036,amazonaws.com,AAAA
D009885,2026-03-14 02:37:30,WIN-032,amazonaws.com,A
D009886,2026-05-23 22:36:23,WIN-037,google.com,CNAME
D009887,2026-06-03 09:19:45,WIN-011,github.com,AAAA
D009888,2026-06-11 13:34:32,WIN-018,office.com,CNAME
D009889,2026-01-03 15:40:52,WIN-001,amazonaws.com,CNAME
D009890,2026-02-09 23:10:03,WIN-035,office.com,A
D009891,2026-05-04 23:39:36,WIN-038,office.com,AAAA
D009892,2026-01-02 11:01:24,WIN-027,github.com,CNAME
D009893,2026-04-13 04:40:32,WIN-001,internal.corp,A
D009894,2026-06-18 18:16:17,WIN-022,cloudflare.com,CNAME
D009895,2026-02-09 22:58:13,WIN-035,internal.corp,A
D009896,2026-06-17 18:27:48,WIN-027,google.com,AAAA
D009897,2026-01-20 01:56:48,WIN-023,amazonaws.com,CNAME
D009898,2026-03-01 08:53:00,WIN-007,internal.corp,AAAA
D009899,2026-06-21 20:11:13,WIN-011,cloudflare.com,AAAA
D009900,2026-03-20 13:28:07,WIN-019,internal.corp,AAAA
D009901,2026-01-30 10:49:05,WIN-010,cloudflare.com,A
D009902,2026-04-04 11:45:24,WIN-006,office.com,A
D009903,2026-03-08 01:12:57,WIN-035,github.com,CNAME
D009904,2026-06-25 04:50:43,WIN-029,office.com,CNAME
D009905,2026-05-11 16:32:44,WIN-035,office.com,AAAA
D009906,2026-02-22 14:01:59,WIN-014,office.com,A
D009907,2026-04-05 18:41:34,WIN-022,github.com,AAAA
D009908,2026-06-16 14:25:09,WIN-003,github.com,CNAME
D009909,2026-02-22 22:18:07,WIN-015,internal.corp,CNAME
D009910,2026-03-27 14:25:52,WIN-005,internal.corp,A
D009911,2026-04-28 08:19:04,WIN-019,office.com,CNAME
D009912,2026-05-05 11:34:05,WIN-014,google.com,A
D009913,2026-06-04 15:19:07,WIN-040,github.com,A
D009914,2026-05-22 05:27:24,WIN-005,internal.corp,CNAME
D009915,2026-05-28 04:00:37,WIN-019,microsoft.com,CNAME
D009916,2026-05-21 19:47:59,WIN-032,cloudflare.com,CNAME
D009917,2026-06-26 02:25:06,WIN-008,microsoft.com,A
D009918,2026-02-21 16:37:59,WIN-002,internal.corp,A
D009919,2026-05-04 12:07:16,WIN-012,internal.corp,AAAA
D009920,2026-01-15 02:28:54,WIN-024,amazonaws.com,A
D009921,2026-04-22 22:45:35,WIN-017,office.com,AAAA
D009922,2026-06-28 00:49:56,WIN-011,microsoft.com,A
D009923,2026-03-05 16:10:28,WIN-016,internal.corp,CNAME
D009924,2026-02-15 05:23:53,WIN-039,google.com,CNAME
D009925,2026-01-26 03:45:59,WIN-014,office.com,CNAME
D009926,2026-04-26 01:43:11,WIN-001,microsoft.com,AAAA
D009927,2026-03-29 10:59:41,WIN-004,office.com,A
D009928,2026-04-05 07:09:25,WIN-026,microsoft.com,A
D009929,2026-06-23 13:40:50,WIN-020,github.com,AAAA
D009930,2026-03-28 19:04:48,WIN-029,office.com,AAAA
D009931,2026-05-15 22:30:36,WIN-019,google.com,A
D009932,2026-05-16 06:38:14,WIN-006,amazonaws.com,CNAME
D009933,2026-02-12 00:35:38,WIN-014,microsoft.com,CNAME
D009934,2026-02-04 12:40:24,WIN-020,office.com,CNAME
D009935,2026-02-02 19:21:16,WIN-004,amazonaws.com,AAAA
D009936,2026-04-01 11:03:50,WIN-025,cloudflare.com,A
D009937,2026-03-07 19:01:08,WIN-007,cloudflare.com,CNAME
D009938,2026-01-31 05:08:52,WIN-025,office.com,AAAA
D009939,2026-05-24 20:55:25,WIN-027,github.com,CNAME
D009940,2026-03-02 20:30:16,WIN-029,google.com,CNAME
D009941,2026-02-16 15:03:00,WIN-035,github.com,A
D009942,2026-05-11 08:44:14,WIN-022,github.com,CNAME
D009943,2026-01-25 12:11:49,WIN-035,internal.corp,CNAME
D009944,2026-03-23 11:24:35,WIN-027,internal.corp,CNAME
D009945,2026-03-30 11:07:08,WIN-016,google.com,A
D009946,2026-04-29 07:12:32,WIN-019,internal.corp,AAAA
D009947,2026-01-27 08:53:05,WIN-012,github.com,A
D009948,2026-05-12 01:07:18,WIN-035,internal.corp,AAAA
D009949,2026-06-07 12:16:38,WIN-002,google.com,CNAME
D009950,2026-04-04 10:58:36,WIN-022,google.com,CNAME
D009951,2026-04-06 07:33:09,WIN-008,google.com,A
D009952,2026-01-27 15:00:07,WIN-023,cloudflare.com,AAAA
D009953,2026-03-24 21:07:37,WIN-005,google.com,AAAA
D009954,2026-05-09 04:01:17,WIN-030,github.com,AAAA
D009955,2026-05-28 20:41:57,WIN-040,cloudflare.com,A
D009956,2026-01-13 12:24:10,WIN-010,internal.corp,A
D009957,2026-05-13 03:04:59,WIN-034,office.com,A
D009958,2026-04-20 23:51:11,WIN-040,github.com,A
D009959,2026-03-28 16:22:52,WIN-007,amazonaws.com,A
D009960,2026-05-23 12:35:29,WIN-016,office.com,AAAA
D009961,2026-04-27 05:27:42,WIN-005,amazonaws.com,CNAME
D009962,2026-02-08 18:56:04,WIN-016,office.com,CNAME
D009963,2026-02-09 17:42:57,WIN-018,google.com,AAAA
D009964,2026-05-12 00:31:57,WIN-019,github.com,A
D009965,2026-04-13 07:12:34,WIN-037,amazonaws.com,CNAME
D009966,2026-01-16 12:50:41,WIN-002,office.com,CNAME
D009967,2026-05-31 20:38:28,WIN-003,internal.corp,A
D009968,2026-03-22 08:56:03,WIN-016,amazonaws.com,AAAA
D009969,2026-01-18 04:41:14,WIN-015,microsoft.com,A
D009970,2026-03-21 11:55:05,WIN-035,internal.corp,AAAA
D009971,2026-06-24 00:47:25,WIN-003,amazonaws.com,CNAME
D009972,2026-01-08 06:20:32,WIN-029,amazonaws.com,AAAA
D009973,2026-05-10 09:45:44,WIN-009,cloudflare.com,CNAME
D009974,2026-06-24 16:53:34,WIN-038,github.com,AAAA
D009975,2026-04-11 08:27:26,WIN-032,microsoft.com,A
D009976,2026-01-26 16:52:13,WIN-035,microsoft.com,A
D009977,2026-06-10 05:55:16,WIN-021,google.com,CNAME
D009978,2026-02-08 08:54:19,WIN-039,amazonaws.com,A
D009979,2026-01-20 05:55:30,WIN-036,office.com,AAAA
D009980,2026-02-19 21:57:01,WIN-033,cloudflare.com,AAAA
D009981,2026-06-05 17:40:45,WIN-020,office.com,A
D009982,2026-02-13 11:46:08,WIN-016,internal.corp,AAAA
D009983,2026-01-14 21:56:47,WIN-037,amazonaws.com,CNAME
D009984,2026-05-31 19:12:08,WIN-024,github.com,A
D009985,2026-01-14 21:35:33,WIN-012,amazonaws.com,CNAME
D009986,2026-05-31 19:25:29,WIN-012,amazonaws.com,A
D009987,2026-06-30 00:09:01,WIN-016,office.com,AAAA
D009988,2026-06-02 07:12:51,WIN-030,microsoft.com,AAAA
D009989,2026-03-20 16:20:31,WIN-017,amazonaws.com,CNAME
D009990,2026-05-27 03:25:30,WIN-038,cloudflare.com,CNAME
D009991,2026-02-17 09:23:43,WIN-040,google.com,A
D009992,2026-06-15 07:57:22,WIN-028,google.com,A
D009993,2026-01-30 00:25:39,WIN-021,microsoft.com,CNAME
D009994,2026-02-05 19:05:04,WIN-030,google.com,AAAA
D009995,2026-01-04 22:27:37,WIN-024,google.com,CNAME
D009996,2026-03-30 12:54:09,WIN-017,internal.corp,CNAME
D009997,2026-03-31 02:10:36,WIN-031,amazonaws.com,CNAME
D009998,2026-03-20 02:08:48,WIN-026,cloudflare.com,CNAME
D009999,2026-03-14 02:50:24,WIN-034,google.com,AAAA
D010000,2026-04-22 02:48:56,WIN-037,cloudflare.com,AAAA
D010001,2026-05-05 05:50:25,WIN-014,microsoft.com,CNAME
D010002,2026-05-06 16:49:06,WIN-010,office.com,AAAA
D010003,2026-06-30 04:38:05,WIN-012,amazonaws.com,A
D010004,2026-01-28 14:52:01,WIN-008,google.com,AAAA
D010005,2026-03-10 20:53:46,WIN-009,microsoft.com,A
D010006,2026-06-02 10:13:09,WIN-011,internal.corp,A
D010007,2026-04-18 16:33:41,WIN-037,office.com,A
D010008,2026-04-04 07:00:48,WIN-016,cloudflare.com,AAAA
D010009,2026-02-05 12:10:53,WIN-022,microsoft.com,A
D010010,2026-05-30 10:33:35,WIN-027,amazonaws.com,CNAME
D010011,2026-03-08 04:11:59,WIN-017,office.com,A
D010012,2026-05-14 10:25:19,WIN-007,amazonaws.com,CNAME
D010013,2026-06-10 12:15:25,WIN-011,microsoft.com,A
D010014,2026-01-03 22:30:00,WIN-028,google.com,A
D010015,2026-03-30 20:35:38,WIN-034,cloudflare.com,AAAA
D010016,2026-02-10 03:46:17,WIN-035,github.com,AAAA
D010017,2026-01-22 03:11:02,WIN-006,google.com,AAAA
D010018,2026-04-07 21:10:40,WIN-008,amazonaws.com,A
D010019,2026-01-13 03:17:14,WIN-031,cloudflare.com,A
D010020,2026-03-07 20:50:00,WIN-012,google.com,AAAA
D010021,2026-06-27 13:03:31,WIN-014,office.com,A
D010022,2026-02-01 02:47:17,WIN-038,office.com,CNAME
D010023,2026-02-12 15:55:00,WIN-001,google.com,A
D010024,2026-04-04 15:25:01,WIN-013,github.com,AAAA
D010025,2026-02-08 12:22:38,WIN-001,github.com,AAAA
D010026,2026-06-28 05:21:13,WIN-022,amazonaws.com,A
D010027,2026-05-30 02:04:18,WIN-017,internal.corp,CNAME
D010028,2026-01-20 05:12:24,WIN-037,google.com,CNAME
D010029,2026-04-03 22:03:09,WIN-037,amazonaws.com,CNAME
D010030,2026-05-07 00:05:48,WIN-026,microsoft.com,CNAME
D010031,2026-01-01 11:07:28,WIN-008,office.com,CNAME
D010032,2026-03-17 17:20:40,WIN-021,microsoft.com,AAAA
D010033,2026-02-22 19:41:31,WIN-016,amazonaws.com,CNAME
D010034,2026-02-09 02:24:01,WIN-013,google.com,A
D010035,2026-04-30 22:47:59,WIN-037,amazonaws.com,A
D010036,2026-03-27 02:50:48,WIN-024,office.com,CNAME
D010037,2026-06-09 05:53:50,WIN-027,amazonaws.com,AAAA
D010038,2026-05-01 22:13:51,WIN-003,amazonaws.com,CNAME
D010039,2026-02-06 02:44:47,WIN-026,google.com,AAAA
D010040,2026-04-20 18:45:46,WIN-001,google.com,AAAA
D010041,2026-03-16 02:52:03,WIN-021,github.com,CNAME
D010042,2026-03-03 18:18:08,WIN-039,google.com,CNAME
D010043,2026-01-18 07:57:25,WIN-027,office.com,A
D010044,2026-06-25 02:05:57,WIN-007,microsoft.com,A
D010045,2026-06-17 20:14:40,WIN-027,cloudflare.com,AAAA
D010046,2026-01-17 04:21:11,WIN-030,google.com,A
D010047,2026-01-23 13:35:41,WIN-040,amazonaws.com,CNAME
D010048,2026-01-05 13:09:43,WIN-039,microsoft.com,AAAA
D010049,2026-02-18 10:53:38,WIN-001,microsoft.com,AAAA
D010050,2026-06-20 06:00:24,WIN-033,cloudflare.com,AAAA
D010051,2026-04-22 17:34:42,WIN-039,amazonaws.com,CNAME
D010052,2026-05-22 20:36:26,WIN-023,amazonaws.com,AAAA
D010053,2026-01-12 03:58:43,WIN-022,amazonaws.com,A
D010054,2026-06-18 07:11:15,WIN-032,cloudflare.com,CNAME
D010055,2026-05-02 22:54:05,WIN-007,amazonaws.com,A
D010056,2026-01-12 05:32:14,WIN-022,amazonaws.com,CNAME
D010057,2026-01-14 13:47:25,WIN-019,microsoft.com,CNAME
D010058,2026-06-20 19:16:44,WIN-006,cloudflare.com,CNAME
D010059,2026-01-08 06:33:12,WIN-038,microsoft.com,CNAME
D010060,2026-06-25 08:20:56,WIN-036,github.com,CNAME
D010061,2026-02-21 17:45:46,WIN-034,microsoft.com,AAAA
D010062,2026-04-08 04:43:47,WIN-040,microsoft.com,AAAA
D010063,2026-04-14 01:18:06,WIN-038,internal.corp,CNAME
D010064,2026-04-13 00:05:39,WIN-017,github.com,AAAA
D010065,2026-02-06 12:08:02,WIN-026,internal.corp,A
D010066,2026-04-26 07:35:57,WIN-024,amazonaws.com,CNAME
D010067,2026-01-03 12:39:12,WIN-014,internal.corp,CNAME
D010068,2026-06-16 12:22:42,WIN-034,office.com,CNAME
D010069,2026-03-24 20:41:20,WIN-028,microsoft.com,A
D010070,2026-06-25 01:35:45,WIN-011,cloudflare.com,CNAME
D010071,2026-01-14 09:35:30,WIN-022,google.com,AAAA
D010072,2026-05-15 05:32:16,WIN-031,internal.corp,AAAA
D010073,2026-01-26 11:12:41,WIN-032,cloudflare.com,CNAME
D010074,2026-04-14 08:53:30,WIN-031,internal.corp,AAAA
D010075,2026-06-23 12:51:42,WIN-033,github.com,A
D010076,2026-06-29 18:01:25,WIN-020,internal.corp,AAAA
D010077,2026-04-08 16:30:28,WIN-002,google.com,AAAA
D010078,2026-03-15 09:02:11,WIN-016,google.com,CNAME
D010079,2026-01-27 01:53:16,WIN-025,office.com,CNAME
D010080,2026-01-05 21:00:42,WIN-035,amazonaws.com,AAAA
D010081,2026-03-08 18:39:56,WIN-013,microsoft.com,A
D010082,2026-04-11 20:25:26,WIN-029,office.com,AAAA
D010083,2026-04-17 00:26:26,WIN-024,github.com,AAAA
D010084,2026-04-03 21:11:40,WIN-009,cloudflare.com,AAAA
D010085,2026-03-29 02:45:29,WIN-038,microsoft.com,AAAA
D010086,2026-01-24 22:28:23,WIN-009,internal.corp,CNAME
D010087,2026-03-24 17:46:43,WIN-004,cloudflare.com,A
D010088,2026-06-26 23:47:23,WIN-005,github.com,A
D010089,2026-03-21 15:40:35,WIN-033,cloudflare.com,AAAA
D010090,2026-02-16 04:38:04,WIN-019,amazonaws.com,AAAA
D010091,2026-02-02 07:52:32,WIN-022,internal.corp,AAAA
D010092,2026-01-04 19:44:23,WIN-019,cloudflare.com,AAAA
D010093,2026-04-30 01:28:32,WIN-036,amazonaws.com,AAAA
D010094,2026-01-22 01:02:53,WIN-005,internal.corp,AAAA
D010095,2026-01-03 06:41:27,WIN-023,cloudflare.com,CNAME
D010096,2026-06-17 06:58:08,WIN-004,internal.corp,AAAA
D010097,2026-03-01 12:46:40,WIN-016,cloudflare.com,A
D010098,2026-01-20 07:20:28,WIN-032,internal.corp,AAAA
D010099,2026-02-05 18:48:24,WIN-029,office.com,A
D010100,2026-05-19 04:42:10,WIN-029,cloudflare.com,CNAME
D010101,2026-02-22 10:30:08,WIN-029,office.com,CNAME
D010102,2026-03-04 15:41:21,WIN-030,microsoft.com,CNAME
D010103,2026-02-05 16:55:55,WIN-016,google.com,AAAA
D010104,2026-01-23 00:23:50,WIN-027,internal.corp,A
D010105,2026-05-11 17:47:41,WIN-001,office.com,AAAA
D010106,2026-05-10 00:13:52,WIN-017,google.com,A
D010107,2026-05-27 20:21:30,WIN-029,github.com,CNAME
D010108,2026-03-13 04:09:47,WIN-031,microsoft.com,AAAA
D010109,2026-01-17 14:43:57,WIN-028,google.com,A
D010110,2026-05-11 22:28:36,WIN-006,google.com,A
D010111,2026-06-14 01:04:12,WIN-027,microsoft.com,CNAME
D010112,2026-04-08 22:59:58,WIN-039,cloudflare.com,AAAA
D010113,2026-03-03 17:43:54,WIN-020,github.com,A
D010114,2026-02-09 05:08:37,WIN-028,amazonaws.com,CNAME
D010115,2026-06-19 05:42:27,WIN-028,google.com,CNAME
D010116,2026-03-31 02:42:46,WIN-031,microsoft.com,CNAME
D010117,2026-02-02 11:32:27,WIN-001,github.com,A
D010118,2026-04-04 18:21:30,WIN-005,cloudflare.com,A
D010119,2026-02-27 20:23:22,WIN-005,cloudflare.com,A
D010120,2026-01-11 17:04:10,WIN-035,github.com,AAAA
D010121,2026-06-15 11:57:26,WIN-002,github.com,CNAME
D010122,2026-01-04 13:24:13,WIN-025,microsoft.com,CNAME
D010123,2026-01-27 18:54:32,WIN-005,microsoft.com,CNAME
D010124,2026-05-24 14:57:24,WIN-012,cloudflare.com,CNAME
D010125,2026-03-12 22:03:50,WIN-016,amazonaws.com,CNAME
D010126,2026-05-22 03:22:59,WIN-015,office.com,A
D010127,2026-01-02 08:18:37,WIN-033,office.com,CNAME
D010128,2026-02-01 05:51:36,WIN-002,cloudflare.com,A
D010129,2026-02-25 12:10:57,WIN-028,microsoft.com,CNAME
D010130,2026-03-25 04:07:29,WIN-040,microsoft.com,CNAME
D010131,2026-01-21 11:00:25,WIN-037,google.com,A
D010132,2026-03-16 16:00:50,WIN-015,microsoft.com,CNAME
D010133,2026-03-26 17:28:03,WIN-038,amazonaws.com,CNAME
D010134,2026-02-11 02:10:18,WIN-031,microsoft.com,AAAA
D010135,2026-03-05 19:12:38,WIN-024,amazonaws.com,AAAA
D010136,2026-05-07 21:42:18,WIN-033,amazonaws.com,A
D010137,2026-06-19 12:25:05,WIN-015,github.com,CNAME
D010138,2026-03-23 05:05:39,WIN-003,google.com,A
D010139,2026-03-03 16:54:06,WIN-001,cloudflare.com,CNAME
D010140,2026-04-20 15:31:50,WIN-014,cloudflare.com,A
D010141,2026-05-05 20:00:51,WIN-034,microsoft.com,A
D010142,2026-02-10 10:54:43,WIN-014,cloudflare.com,AAAA
D010143,2026-03-22 04:15:59,WIN-014,internal.corp,AAAA
D010144,2026-05-26 22:42:50,WIN-033,amazonaws.com,A
D010145,2026-05-06 16:40:05,WIN-017,internal.corp,AAAA
D010146,2026-04-27 11:28:57,WIN-033,google.com,A
D010147,2026-06-07 09:21:53,WIN-009,github.com,A
D010148,2026-04-26 09:39:48,WIN-009,cloudflare.com,A
D010149,2026-02-28 08:55:09,WIN-026,github.com,A
D010150,2026-04-09 23:36:32,WIN-034,github.com,CNAME
D010151,2026-03-07 16:46:52,WIN-022,internal.corp,A
D010152,2026-04-05 10:11:41,WIN-016,github.com,CNAME
D010153,2026-02-05 16:30:42,WIN-001,cloudflare.com,CNAME
D010154,2026-06-08 11:39:09,WIN-031,google.com,CNAME
D010155,2026-06-19 10:52:03,WIN-010,microsoft.com,AAAA
D010156,2026-06-30 01:05:06,WIN-011,internal.corp,CNAME
D010157,2026-02-11 04:58:50,WIN-031,amazonaws.com,AAAA
D010158,2026-05-28 05:40:29,WIN-012,github.com,AAAA
D010159,2026-06-15 23:05:02,WIN-010,microsoft.com,A
D010160,2026-06-05 15:18:56,WIN-013,cloudflare.com,CNAME
D010161,2026-05-26 02:29:08,WIN-025,google.com,A
D010162,2026-01-09 10:54:25,WIN-012,github.com,AAAA
D010163,2026-06-08 22:37:17,WIN-028,microsoft.com,A
D010164,2026-04-02 10:28:17,WIN-032,github.com,AAAA
D010165,2026-03-26 09:20:50,WIN-036,google.com,AAAA
D010166,2026-03-19 00:36:49,WIN-004,microsoft.com,A
D010167,2026-04-17 03:19:00,WIN-037,microsoft.com,AAAA
D010168,2026-05-07 19:13:38,WIN-036,amazonaws.com,CNAME
D010169,2026-03-31 17:47:09,WIN-021,amazonaws.com,A
D010170,2026-03-27 21:45:54,WIN-026,office.com,CNAME
D010171,2026-03-17 11:36:48,WIN-040,github.com,AAAA
D010172,2026-04-10 08:02:04,WIN-039,amazonaws.com,AAAA
D010173,2026-06-27 18:22:09,WIN-015,github.com,CNAME
D010174,2026-01-28 20:05:36,WIN-002,github.com,A
D010175,2026-05-30 15:19:55,WIN-020,amazonaws.com,AAAA
D010176,2026-05-06 07:21:10,WIN-013,office.com,A
D010177,2026-02-06 12:03:12,WIN-035,amazonaws.com,A
D010178,2026-03-24 06:45:52,WIN-009,cloudflare.com,AAAA
D010179,2026-03-23 02:34:41,WIN-004,microsoft.com,CNAME
D010180,2026-02-28 05:29:00,WIN-012,office.com,A
D010181,2026-02-18 11:35:55,WIN-033,amazonaws.com,A
D010182,2026-01-01 20:13:18,WIN-006,office.com,CNAME
D010183,2026-01-18 00:37:24,WIN-029,internal.corp,CNAME
D010184,2026-03-21 04:54:52,WIN-017,amazonaws.com,A
D010185,2026-06-03 17:08:36,WIN-004,google.com,A
D010186,2026-04-25 05:34:17,WIN-024,microsoft.com,A
D010187,2026-04-17 06:27:11,WIN-007,cloudflare.com,A
D010188,2026-03-13 02:13:14,WIN-023,google.com,AAAA
D010189,2026-06-05 03:51:17,WIN-012,office.com,CNAME
D010190,2026-05-22 22:53:49,WIN-025,cloudflare.com,AAAA
D010191,2026-02-03 18:11:48,WIN-032,microsoft.com,AAAA
D010192,2026-02-24 13:17:04,WIN-036,amazonaws.com,AAAA
D010193,2026-04-16 18:22:16,WIN-024,internal.corp,CNAME
D010194,2026-05-30 00:28:40,WIN-038,google.com,A
D010195,2026-03-01 23:59:16,WIN-035,github.com,AAAA
D010196,2026-01-16 12:48:15,WIN-016,office.com,CNAME
D010197,2026-02-07 12:19:45,WIN-017,microsoft.com,CNAME
D010198,2026-04-23 16:04:21,WIN-022,cloudflare.com,A
D010199,2026-03-10 21:12:45,WIN-018,internal.corp,AAAA
D010200,2026-04-15 15:58:15,WIN-038,internal.corp,CNAME
D010201,2026-01-16 17:44:50,WIN-028,github.com,A
D010202,2026-02-27 01:11:50,WIN-026,internal.corp,AAAA
D010203,2026-03-24 08:09:52,WIN-028,cloudflare.com,AAAA
D010204,2026-01-24 23:12:05,WIN-028,amazonaws.com,AAAA
D010205,2026-05-30 00:32:30,WIN-035,google.com,AAAA
D010206,2026-01-15 17:31:52,WIN-002,internal.corp,A
D010207,2026-05-02 07:02:35,WIN-022,amazonaws.com,CNAME
D010208,2026-01-20 15:40:11,WIN-007,google.com,CNAME
D010209,2026-03-10 00:17:31,WIN-033,microsoft.com,AAAA
D010210,2026-05-05 12:45:21,WIN-031,office.com,CNAME
D010211,2026-02-05 08:44:40,WIN-032,github.com,A
D010212,2026-05-23 17:38:28,WIN-032,github.com,CNAME
D010213,2026-01-31 10:26:32,WIN-016,amazonaws.com,AAAA
D010214,2026-02-23 10:38:54,WIN-029,office.com,AAAA
D010215,2026-04-22 19:32:18,WIN-035,google.com,CNAME
D010216,2026-03-22 19:30:18,WIN-040,office.com,AAAA
D010217,2026-02-09 20:11:51,WIN-013,google.com,CNAME
D010218,2026-04-01 22:13:37,WIN-025,microsoft.com,CNAME
D010219,2026-04-24 23:33:13,WIN-040,github.com,A
D010220,2026-04-13 21:47:10,WIN-004,github.com,AAAA
D010221,2026-03-25 06:14:19,WIN-008,office.com,CNAME
D010222,2026-03-22 12:53:44,WIN-032,cloudflare.com,AAAA
D010223,2026-05-19 10:18:46,WIN-010,internal.corp,CNAME
D010224,2026-03-24 19:31:51,WIN-036,cloudflare.com,A
D010225,2026-05-28 10:41:32,WIN-022,cloudflare.com,A
D010226,2026-04-22 11:14:51,WIN-012,amazonaws.com,AAAA
D010227,2026-06-02 15:31:14,WIN-005,github.com,A
D010228,2026-05-24 09:19:00,WIN-017,cloudflare.com,CNAME
D010229,2026-04-26 08:34:25,WIN-020,office.com,CNAME
D010230,2026-04-02 00:50:01,WIN-011,office.com,CNAME
D010231,2026-01-20 07:37:31,WIN-040,internal.corp,AAAA
D010232,2026-01-06 02:15:27,WIN-029,microsoft.com,A
D010233,2026-01-01 15:13:15,WIN-014,github.com,CNAME
D010234,2026-06-01 22:24:03,WIN-009,microsoft.com,AAAA
D010235,2026-03-06 17:51:44,WIN-013,google.com,CNAME
D010236,2026-03-19 09:29:33,WIN-006,github.com,CNAME
D010237,2026-03-10 19:01:04,WIN-014,github.com,A
D010238,2026-06-30 14:19:17,WIN-014,cloudflare.com,A
D010239,2026-06-23 15:27:35,WIN-006,office.com,AAAA
D010240,2026-04-11 04:28:19,WIN-016,google.com,A
D010241,2026-04-28 02:01:55,WIN-001,internal.corp,CNAME
D010242,2026-03-28 20:31:04,WIN-038,internal.corp,AAAA
D010243,2026-03-13 04:48:53,WIN-040,amazonaws.com,A
D010244,2026-03-31 15:04:37,WIN-001,office.com,A
D010245,2026-05-05 04:08:47,WIN-013,microsoft.com,AAAA
D010246,2026-05-08 11:30:39,WIN-005,amazonaws.com,A
D010247,2026-03-24 15:47:17,WIN-013,internal.corp,AAAA
D010248,2026-02-21 21:20:01,WIN-034,cloudflare.com,A
D010249,2026-05-30 01:30:15,WIN-021,google.com,AAAA
D010250,2026-04-17 07:40:33,WIN-040,github.com,A
D010251,2026-05-19 17:41:42,WIN-034,google.com,A
D010252,2026-03-30 00:49:37,WIN-035,internal.corp,A
D010253,2026-06-28 21:48:41,WIN-018,amazonaws.com,CNAME
D010254,2026-06-19 20:16:15,WIN-032,microsoft.com,A
D010255,2026-04-30 04:27:29,WIN-029,office.com,AAAA
D010256,2026-04-27 17:40:47,WIN-003,cloudflare.com,CNAME
D010257,2026-03-27 13:08:15,WIN-029,github.com,A
D010258,2026-02-10 10:24:53,WIN-013,google.com,AAAA
D010259,2026-03-10 06:30:01,WIN-011,office.com,A
D010260,2026-01-27 09:47:17,WIN-016,google.com,AAAA
D010261,2026-04-14 00:20:01,WIN-022,internal.corp,AAAA
D010262,2026-04-17 11:13:53,WIN-034,cloudflare.com,CNAME
D010263,2026-03-11 03:55:44,WIN-039,google.com,AAAA
D010264,2026-06-28 14:40:23,WIN-021,google.com,CNAME
D010265,2026-01-10 09:06:12,WIN-032,internal.corp,CNAME
D010266,2026-06-22 22:59:43,WIN-005,github.com,AAAA
D010267,2026-01-24 18:11:21,WIN-028,amazonaws.com,A
D010268,2026-03-06 14:37:46,WIN-020,office.com,CNAME
D010269,2026-06-12 09:26:42,WIN-005,github.com,AAAA
D010270,2026-05-12 13:19:22,WIN-024,office.com,AAAA
D010271,2026-01-29 11:43:29,WIN-030,google.com,A
D010272,2026-01-15 02:01:08,WIN-037,office.com,CNAME
D010273,2026-03-08 12:56:51,WIN-015,google.com,A
D010274,2026-05-13 18:20:09,WIN-026,internal.corp,AAAA
D010275,2026-05-25 15:45:54,WIN-036,internal.corp,CNAME
D010276,2026-05-02 17:57:10,WIN-029,github.com,AAAA
D010277,2026-04-27 18:33:51,WIN-018,microsoft.com,A
D010278,2026-02-18 22:58:38,WIN-019,amazonaws.com,AAAA
D010279,2026-02-21 15:20:53,WIN-037,microsoft.com,A
D010280,2026-01-27 06:00:09,WIN-018,amazonaws.com,A
D010281,2026-05-01 08:39:39,WIN-024,internal.corp,CNAME
D010282,2026-05-05 03:46:42,WIN-039,cloudflare.com,CNAME
D010283,2026-06-07 19:02:18,WIN-037,cloudflare.com,A
D010284,2026-03-13 09:22:42,WIN-002,amazonaws.com,AAAA
D010285,2026-05-18 23:58:44,WIN-009,github.com,CNAME
D010286,2026-01-20 20:18:34,WIN-019,cloudflare.com,A
D010287,2026-05-03 15:24:02,WIN-031,amazonaws.com,AAAA
D010288,2026-05-16 19:24:51,WIN-024,office.com,CNAME
D010289,2026-04-28 02:49:31,WIN-024,microsoft.com,AAAA
D010290,2026-04-30 10:59:36,WIN-005,internal.corp,AAAA
D010291,2026-03-17 08:04:30,WIN-010,microsoft.com,AAAA
D010292,2026-02-12 04:55:59,WIN-026,office.com,CNAME
D010293,2026-05-21 04:11:35,WIN-024,cloudflare.com,CNAME
D010294,2026-05-04 00:48:57,WIN-026,github.com,CNAME
D010295,2026-05-21 06:44:16,WIN-006,microsoft.com,AAAA
D010296,2026-06-23 03:13:25,WIN-014,amazonaws.com,CNAME
D010297,2026-01-15 05:05:57,WIN-025,microsoft.com,AAAA
D010298,2026-02-10 21:03:57,WIN-031,github.com,A
D010299,2026-01-11 19:52:57,WIN-031,office.com,A
D010300,2026-03-04 03:26:36,WIN-011,internal.corp,A
D010301,2026-04-15 09:18:30,WIN-031,google.com,A
D010302,2026-03-29 14:43:09,WIN-005,amazonaws.com,AAAA
D010303,2026-05-15 20:09:28,WIN-034,internal.corp,CNAME
D010304,2026-01-29 08:58:43,WIN-036,google.com,AAAA
D010305,2026-06-27 10:56:53,WIN-033,amazonaws.com,CNAME
D010306,2026-04-14 14:09:55,WIN-039,internal.corp,A
D010307,2026-05-11 00:15:46,WIN-009,office.com,A
D010308,2026-01-04 14:19:00,WIN-003,microsoft.com,A
D010309,2026-06-21 13:57:06,WIN-017,google.com,CNAME
D010310,2026-05-09 09:08:14,WIN-001,cloudflare.com,CNAME
D010311,2026-03-04 23:41:13,WIN-001,microsoft.com,A
D010312,2026-06-21 20:36:44,WIN-020,cloudflare.com,AAAA
D010313,2026-04-09 23:50:35,WIN-019,cloudflare.com,AAAA
D010314,2026-04-22 22:35:09,WIN-001,office.com,AAAA
D010315,2026-05-18 07:37:59,WIN-006,github.com,CNAME
D010316,2026-05-16 13:21:15,WIN-011,internal.corp,AAAA
D010317,2026-04-30 01:19:29,WIN-025,google.com,AAAA
D010318,2026-01-01 07:02:47,WIN-018,cloudflare.com,CNAME
D010319,2026-02-20 23:31:15,WIN-003,cloudflare.com,AAAA
D010320,2026-04-05 03:30:31,WIN-026,github.com,AAAA
D010321,2026-04-01 12:35:40,WIN-030,github.com,AAAA
D010322,2026-03-22 05:49:18,WIN-035,amazonaws.com,A
D010323,2026-01-19 01:44:14,WIN-038,office.com,CNAME
D010324,2026-03-28 18:42:19,WIN-028,office.com,AAAA
D010325,2026-02-18 13:39:54,WIN-010,amazonaws.com,A
D010326,2026-06-18 19:02:42,WIN-034,github.com,A
D010327,2026-05-09 15:36:39,WIN-020,github.com,AAAA
D010328,2026-01-06 08:25:28,WIN-029,office.com,AAAA
D010329,2026-01-12 14:19:40,WIN-035,internal.corp,AAAA
D010330,2026-02-14 17:49:58,WIN-003,microsoft.com,CNAME
D010331,2026-03-23 13:16:12,WIN-038,office.com,AAAA
D010332,2026-02-05 22:51:56,WIN-011,cloudflare.com,CNAME
D010333,2026-05-30 03:08:14,WIN-001,microsoft.com,CNAME
D010334,2026-04-20 21:18:56,WIN-029,cloudflare.com,CNAME
D010335,2026-01-24 10:10:28,WIN-027,microsoft.com,CNAME
D010336,2026-04-29 19:43:52,WIN-008,github.com,A
D010337,2026-06-01 22:32:40,WIN-020,microsoft.com,CNAME
D010338,2026-02-17 16:48:47,WIN-035,google.com,AAAA
D010339,2026-01-02 02:04:29,WIN-033,cloudflare.com,AAAA
D010340,2026-02-08 20:59:38,WIN-039,google.com,AAAA
D010341,2026-03-21 13:24:50,WIN-022,github.com,A
D010342,2026-01-21 11:22:43,WIN-032,internal.corp,CNAME
D010343,2026-06-30 10:43:28,WIN-030,internal.corp,AAAA
D010344,2026-02-07 11:02:23,WIN-020,internal.corp,A
D010345,2026-04-09 05:55:29,WIN-007,github.com,AAAA
D010346,2026-01-18 17:57:01,WIN-004,microsoft.com,CNAME
D010347,2026-02-26 23:41:41,WIN-014,github.com,A
D010348,2026-03-25 20:00:17,WIN-009,google.com,AAAA
D010349,2026-06-28 19:05:54,WIN-033,google.com,AAAA
D010350,2026-04-07 18:07:45,WIN-029,google.com,AAAA
D010351,2026-01-03 03:28:39,WIN-034,github.com,A
D010352,2026-01-25 09:37:24,WIN-002,amazonaws.com,CNAME
D010353,2026-05-08 20:26:54,WIN-009,internal.corp,A
D010354,2026-02-09 18:01:20,WIN-010,github.com,CNAME
D010355,2026-06-30 12:59:39,WIN-035,amazonaws.com,CNAME
D010356,2026-05-06 17:31:00,WIN-016,office.com,A
D010357,2026-03-31 08:12:40,WIN-033,office.com,CNAME
D010358,2026-01-19 14:13:10,WIN-020,cloudflare.com,A
D010359,2026-04-30 17:15:19,WIN-021,github.com,CNAME
D010360,2026-03-23 14:43:13,WIN-004,cloudflare.com,CNAME
D010361,2026-04-28 20:27:35,WIN-026,github.com,CNAME
D010362,2026-06-09 16:21:04,WIN-036,amazonaws.com,AAAA
D010363,2026-01-02 09:20:11,WIN-035,internal.corp,CNAME
D010364,2026-06-11 14:37:59,WIN-002,amazonaws.com,A
D010365,2026-05-14 01:22:28,WIN-039,internal.corp,AAAA
D010366,2026-05-09 01:25:18,WIN-036,microsoft.com,AAAA
D010367,2026-06-24 15:58:14,WIN-018,cloudflare.com,CNAME
D010368,2026-04-28 04:43:29,WIN-032,office.com,A
D010369,2026-04-13 12:24:50,WIN-019,internal.corp,AAAA
D010370,2026-06-11 18:37:20,WIN-007,cloudflare.com,AAAA
D010371,2026-04-09 14:42:16,WIN-003,cloudflare.com,AAAA
D010372,2026-06-30 02:13:58,WIN-024,microsoft.com,A
D010373,2026-06-09 09:31:57,WIN-006,github.com,A
D010374,2026-03-06 02:13:07,WIN-009,amazonaws.com,A
D010375,2026-03-04 18:39:36,WIN-035,cloudflare.com,A
D010376,2026-04-03 08:04:46,WIN-026,cloudflare.com,AAAA
D010377,2026-03-17 04:17:51,WIN-027,github.com,A
D010378,2026-06-27 02:30:09,WIN-031,google.com,A
D010379,2026-05-27 04:56:10,WIN-008,amazonaws.com,AAAA
D010380,2026-01-04 07:36:51,WIN-035,github.com,AAAA
D010381,2026-01-21 15:12:34,WIN-033,github.com,AAAA
D010382,2026-06-18 21:30:18,WIN-038,microsoft.com,A
D010383,2026-04-30 08:24:20,WIN-032,internal.corp,AAAA
D010384,2026-04-20 21:26:27,WIN-014,internal.corp,AAAA
D010385,2026-04-18 19:23:29,WIN-010,cloudflare.com,A
D010386,2026-06-21 16:44:10,WIN-007,amazonaws.com,A
D010387,2026-02-11 11:53:24,WIN-031,google.com,CNAME
D010388,2026-02-19 13:35:46,WIN-025,google.com,AAAA
D010389,2026-01-24 09:14:01,WIN-031,microsoft.com,CNAME
D010390,2026-01-28 10:39:17,WIN-034,amazonaws.com,AAAA
D010391,2026-04-05 17:12:16,WIN-011,internal.corp,A
D010392,2026-06-03 21:50:08,WIN-031,google.com,A
D010393,2026-06-25 02:52:52,WIN-004,cloudflare.com,A
D010394,2026-03-23 05:39:45,WIN-006,amazonaws.com,CNAME
D010395,2026-01-23 04:22:08,WIN-007,microsoft.com,AAAA
D010396,2026-02-24 08:13:09,WIN-019,cloudflare.com,CNAME
D010397,2026-01-22 19:59:00,WIN-009,github.com,AAAA
D010398,2026-01-30 23:34:33,WIN-038,internal.corp,A
D010399,2026-01-06 11:10:09,WIN-020,office.com,A
D010400,2026-03-24 09:30:28,WIN-002,office.com,CNAME
D010401,2026-06-13 03:51:41,WIN-017,google.com,AAAA
D010402,2026-05-25 10:26:55,WIN-032,internal.corp,A
D010403,2026-04-05 00:33:54,WIN-028,google.com,A
D010404,2026-05-18 20:53:50,WIN-010,amazonaws.com,CNAME
D010405,2026-02-09 20:20:23,WIN-011,office.com,CNAME
D010406,2026-04-23 14:16:11,WIN-031,github.com,CNAME
D010407,2026-05-27 01:35:46,WIN-016,cloudflare.com,AAAA
D010408,2026-01-08 06:39:15,WIN-018,cloudflare.com,CNAME
D010409,2026-04-29 04:49:11,WIN-021,microsoft.com,AAAA
D010410,2026-02-26 03:00:22,WIN-034,github.com,A
D010411,2026-02-17 04:25:56,WIN-024,microsoft.com,CNAME
D010412,2026-05-02 08:33:46,WIN-003,internal.corp,CNAME
D010413,2026-01-28 17:41:02,WIN-001,office.com,A
D010414,2026-06-26 19:54:41,WIN-032,amazonaws.com,AAAA
D010415,2026-02-14 19:46:41,WIN-004,cloudflare.com,A
D010416,2026-03-12 07:23:34,WIN-030,microsoft.com,A
D010417,2026-06-17 20:03:44,WIN-019,google.com,CNAME
D010418,2026-02-21 04:30:46,WIN-039,github.com,A
D010419,2026-01-04 21:42:20,WIN-003,microsoft.com,CNAME
D010420,2026-06-19 01:13:39,WIN-030,github.com,AAAA
D010421,2026-04-26 09:17:13,WIN-008,internal.corp,AAAA
D010422,2026-05-29 06:59:09,WIN-023,google.com,A
D010423,2026-05-29 22:21:24,WIN-025,internal.corp,CNAME
D010424,2026-01-20 13:56:38,WIN-019,github.com,A
D010425,2026-02-13 23:21:32,WIN-005,google.com,A
D010426,2026-03-22 05:27:49,WIN-019,microsoft.com,CNAME
D010427,2026-05-07 14:38:14,WIN-034,microsoft.com,CNAME
D010428,2026-04-12 01:44:46,WIN-031,internal.corp,AAAA
D010429,2026-04-15 18:49:25,WIN-030,office.com,A
D010430,2026-05-26 19:06:45,WIN-034,microsoft.com,AAAA
D010431,2026-05-26 08:58:33,WIN-004,github.com,CNAME
D010432,2026-03-23 10:32:38,WIN-039,google.com,AAAA
D010433,2026-06-10 15:43:15,WIN-013,office.com,AAAA
D010434,2026-06-08 21:43:56,WIN-005,internal.corp,A
D010435,2026-02-21 01:47:40,WIN-040,microsoft.com,CNAME
D010436,2026-05-15 10:31:39,WIN-001,amazonaws.com,A
D010437,2026-06-29 04:12:51,WIN-040,cloudflare.com,CNAME
D010438,2026-03-21 16:40:13,WIN-008,google.com,A
D010439,2026-03-06 22:47:45,WIN-019,internal.corp,A
D010440,2026-01-18 08:59:54,WIN-028,google.com,CNAME
D010441,2026-06-28 12:03:53,WIN-040,google.com,CNAME
D010442,2026-03-29 10:21:12,WIN-038,office.com,A
D010443,2026-05-08 04:04:56,WIN-002,office.com,AAAA
D010444,2026-02-16 08:59:35,WIN-015,microsoft.com,CNAME
D010445,2026-01-01 23:48:36,WIN-038,cloudflare.com,A
D010446,2026-04-09 22:54:10,WIN-009,internal.corp,CNAME
D010447,2026-03-12 11:26:33,WIN-035,cloudflare.com,AAAA
D010448,2026-05-04 12:58:30,WIN-020,internal.corp,CNAME
D010449,2026-03-27 04:29:24,WIN-007,cloudflare.com,AAAA
D010450,2026-06-07 23:20:48,WIN-008,internal.corp,A
D010451,2026-03-08 11:39:21,WIN-009,cloudflare.com,A
D010452,2026-04-06 15:27:42,WIN-011,google.com,A
D010453,2026-01-04 14:20:12,WIN-026,internal.corp,AAAA
D010454,2026-05-23 22:04:53,WIN-023,github.com,A
D010455,2026-05-25 18:57:10,WIN-024,internal.corp,CNAME
D010456,2026-04-07 17:55:57,WIN-001,internal.corp,A
D010457,2026-03-09 13:57:31,WIN-005,cloudflare.com,CNAME
D010458,2026-01-05 07:47:03,WIN-015,cloudflare.com,CNAME
D010459,2026-04-09 03:07:10,WIN-031,amazonaws.com,AAAA
D010460,2026-06-28 05:37:17,WIN-029,office.com,A
D010461,2026-05-06 07:26:02,WIN-037,microsoft.com,AAAA
D010462,2026-06-03 08:32:12,WIN-015,internal.corp,A
D010463,2026-06-01 18:57:04,WIN-024,github.com,CNAME
D010464,2026-02-26 15:57:11,WIN-008,google.com,AAAA
D010465,2026-01-27 04:58:00,WIN-033,microsoft.com,A
D010466,2026-02-14 22:51:20,WIN-004,microsoft.com,AAAA
D010467,2026-01-31 09:01:07,WIN-038,github.com,A
D010468,2026-01-17 23:31:42,WIN-029,microsoft.com,A
D010469,2026-02-02 00:28:26,WIN-001,cloudflare.com,CNAME
D010470,2026-06-01 21:46:18,WIN-008,cloudflare.com,A
D010471,2026-01-21 11:32:45,WIN-011,github.com,A
D010472,2026-02-06 02:41:30,WIN-010,google.com,AAAA
D010473,2026-01-17 12:12:26,WIN-038,cloudflare.com,CNAME
D010474,2026-01-28 12:11:37,WIN-037,github.com,AAAA
D010475,2026-02-14 19:26:05,WIN-026,github.com,AAAA
D010476,2026-02-02 10:17:41,WIN-038,amazonaws.com,CNAME
D010477,2026-02-01 07:42:30,WIN-020,github.com,CNAME
D010478,2026-06-14 02:49:10,WIN-031,microsoft.com,CNAME
D010479,2026-04-17 15:08:55,WIN-025,microsoft.com,CNAME
D010480,2026-01-01 17:19:48,WIN-001,github.com,CNAME
D010481,2026-06-02 03:05:47,WIN-020,internal.corp,AAAA
D010482,2026-01-03 14:05:12,WIN-039,cloudflare.com,AAAA
D010483,2026-04-07 16:33:44,WIN-026,google.com,CNAME
D010484,2026-04-10 05:12:36,WIN-006,google.com,AAAA
D010485,2026-02-03 20:37:55,WIN-017,amazonaws.com,CNAME
D010486,2026-06-28 04:09:19,WIN-027,google.com,A
D010487,2026-01-23 12:18:13,WIN-036,cloudflare.com,CNAME
D010488,2026-05-24 22:59:38,WIN-008,amazonaws.com,AAAA
D010489,2026-03-10 18:03:21,WIN-012,github.com,CNAME
D010490,2026-02-12 23:29:34,WIN-014,google.com,A
D010491,2026-06-10 16:55:02,WIN-021,cloudflare.com,CNAME
D010492,2026-03-27 00:19:51,WIN-037,amazonaws.com,AAAA
D010493,2026-05-20 00:10:11,WIN-015,microsoft.com,AAAA
D010494,2026-03-19 04:48:38,WIN-010,github.com,A
D010495,2026-05-31 13:17:00,WIN-037,github.com,A
D010496,2026-06-22 17:23:55,WIN-010,github.com,AAAA
D010497,2026-01-02 12:10:35,WIN-008,cloudflare.com,AAAA
D010498,2026-05-26 18:08:45,WIN-030,internal.corp,AAAA
D010499,2026-01-19 13:07:22,WIN-036,internal.corp,AAAA
D010500,2026-03-21 19:16:06,WIN-028,microsoft.com,A
D010501,2026-06-16 04:27:39,WIN-028,internal.corp,AAAA
D010502,2026-05-04 02:16:55,WIN-007,google.com,CNAME
D010503,2026-05-21 06:38:15,WIN-027,google.com,AAAA
D010504,2026-03-24 19:21:18,WIN-023,cloudflare.com,CNAME
D010505,2026-04-29 18:03:20,WIN-004,cloudflare.com,CNAME
D010506,2026-01-11 05:57:47,WIN-040,amazonaws.com,CNAME
D010507,2026-06-04 09:12:56,WIN-024,office.com,A
D010508,2026-04-12 21:33:57,WIN-023,cloudflare.com,A
D010509,2026-04-24 19:20:05,WIN-040,amazonaws.com,AAAA
D010510,2026-04-23 08:55:41,WIN-014,cloudflare.com,AAAA
D010511,2026-03-08 16:04:35,WIN-005,microsoft.com,A
D010512,2026-04-19 17:54:18,WIN-006,amazonaws.com,AAAA
D010513,2026-06-14 20:28:53,WIN-024,amazonaws.com,A
D010514,2026-04-30 09:52:49,WIN-040,amazonaws.com,AAAA
D010515,2026-02-20 16:21:16,WIN-005,google.com,AAAA
D010516,2026-06-30 12:15:54,WIN-001,google.com,CNAME
D010517,2026-01-13 13:22:48,WIN-009,cloudflare.com,AAAA
D010518,2026-03-18 19:28:57,WIN-014,google.com,AAAA
D010519,2026-05-23 03:01:15,WIN-019,amazonaws.com,CNAME
D010520,2026-01-31 23:59:16,WIN-008,office.com,CNAME
D010521,2026-04-05 02:57:31,WIN-023,cloudflare.com,CNAME
D010522,2026-04-30 03:25:40,WIN-006,amazonaws.com,AAAA
D010523,2026-04-26 06:17:02,WIN-006,github.com,CNAME
D010524,2026-06-18 06:45:03,WIN-005,amazonaws.com,AAAA
D010525,2026-04-06 14:57:42,WIN-033,office.com,AAAA
D010526,2026-02-24 03:38:30,WIN-006,internal.corp,A
D010527,2026-03-18 19:50:13,WIN-033,office.com,AAAA
D010528,2026-04-01 13:19:35,WIN-034,internal.corp,CNAME
D010529,2026-06-07 23:43:46,WIN-009,microsoft.com,CNAME
D010530,2026-02-02 07:30:04,WIN-016,office.com,CNAME
D010531,2026-06-30 04:04:49,WIN-014,google.com,AAAA
D010532,2026-06-24 10:00:31,WIN-017,microsoft.com,A
D010533,2026-06-03 22:45:14,WIN-020,office.com,A
D010534,2026-05-16 16:22:41,WIN-002,github.com,A
D010535,2026-04-13 21:13:00,WIN-014,github.com,CNAME
D010536,2026-04-02 14:17:10,WIN-014,office.com,AAAA
D010537,2026-05-14 14:36:56,WIN-001,amazonaws.com,AAAA
D010538,2026-03-02 04:49:19,WIN-023,amazonaws.com,CNAME
D010539,2026-05-17 18:57:58,WIN-031,internal.corp,AAAA
D010540,2026-05-16 17:01:57,WIN-029,amazonaws.com,CNAME
D010541,2026-04-07 14:54:35,WIN-016,cloudflare.com,A
D010542,2026-02-06 20:51:47,WIN-007,google.com,A
D010543,2026-02-10 16:14:28,WIN-027,amazonaws.com,AAAA
D010544,2026-06-30 01:08:12,WIN-003,cloudflare.com,AAAA
D010545,2026-03-31 15:19:48,WIN-026,microsoft.com,CNAME
D010546,2026-03-08 17:38:52,WIN-017,cloudflare.com,AAAA
D010547,2026-02-06 00:06:46,WIN-022,microsoft.com,A
D010548,2026-03-07 07:55:24,WIN-033,amazonaws.com,CNAME
D010549,2026-06-28 10:41:42,WIN-030,internal.corp,AAAA
D010550,2026-04-21 15:23:27,WIN-019,microsoft.com,A
D010551,2026-02-21 07:24:50,WIN-009,amazonaws.com,A
D010552,2026-06-26 15:07:42,WIN-038,office.com,A
D010553,2026-01-03 08:16:34,WIN-013,office.com,AAAA
D010554,2026-05-10 22:03:15,WIN-035,microsoft.com,CNAME
D010555,2026-06-14 06:22:25,WIN-030,google.com,A
D010556,2026-06-25 02:59:41,WIN-037,github.com,A
D010557,2026-03-15 20:53:27,WIN-012,internal.corp,CNAME
D010558,2026-01-20 17:34:00,WIN-016,amazonaws.com,A
D010559,2026-02-02 13:36:31,WIN-033,amazonaws.com,A
D010560,2026-05-03 13:58:41,WIN-003,cloudflare.com,CNAME
D010561,2026-05-26 01:32:59,WIN-030,amazonaws.com,AAAA
D010562,2026-03-23 15:31:08,WIN-007,amazonaws.com,AAAA
D010563,2026-05-04 02:08:41,WIN-040,office.com,AAAA
D010564,2026-03-04 02:30:09,WIN-012,cloudflare.com,A
D010565,2026-05-19 10:24:15,WIN-001,google.com,AAAA
D010566,2026-04-27 17:18:49,WIN-021,amazonaws.com,A
D010567,2026-03-08 13:36:56,WIN-021,internal.corp,A
D010568,2026-01-01 03:19:08,WIN-023,cloudflare.com,A
D010569,2026-01-21 02:57:04,WIN-004,cloudflare.com,CNAME
D010570,2026-03-11 07:02:31,WIN-001,microsoft.com,CNAME
D010571,2026-06-26 09:28:13,WIN-033,office.com,AAAA
D010572,2026-02-01 07:12:34,WIN-002,google.com,CNAME
D010573,2026-04-17 23:52:33,WIN-022,office.com,CNAME
D010574,2026-05-10 00:46:57,WIN-023,cloudflare.com,CNAME
D010575,2026-02-24 16:50:28,WIN-016,office.com,AAAA
D010576,2026-04-06 18:42:13,WIN-032,github.com,CNAME
D010577,2026-05-10 05:06:31,WIN-032,internal.corp,A
D010578,2026-04-18 16:02:45,WIN-037,cloudflare.com,AAAA
D010579,2026-01-29 08:12:04,WIN-036,amazonaws.com,AAAA
D010580,2026-04-25 15:09:29,WIN-019,amazonaws.com,CNAME
D010581,2026-03-22 05:21:23,WIN-032,microsoft.com,CNAME
D010582,2026-05-13 18:41:22,WIN-023,internal.corp,AAAA
D010583,2026-03-06 15:32:15,WIN-011,google.com,CNAME
D010584,2026-06-13 11:17:42,WIN-039,cloudflare.com,CNAME
D010585,2026-06-01 04:27:03,WIN-024,amazonaws.com,AAAA
D010586,2026-05-19 14:58:16,WIN-009,github.com,AAAA
D010587,2026-02-28 13:26:03,WIN-028,github.com,A
D010588,2026-04-24 17:10:44,WIN-025,microsoft.com,AAAA
D010589,2026-05-08 02:06:36,WIN-027,cloudflare.com,CNAME
D010590,2026-02-08 13:10:37,WIN-017,cloudflare.com,CNAME
D010591,2026-04-21 10:31:45,WIN-036,google.com,AAAA
D010592,2026-05-12 11:19:22,WIN-021,office.com,A
D010593,2026-03-10 11:09:56,WIN-040,github.com,AAAA
D010594,2026-02-09 16:21:42,WIN-031,office.com,CNAME
D010595,2026-06-01 02:39:29,WIN-037,microsoft.com,AAAA
D010596,2026-03-10 20:56:21,WIN-035,internal.corp,AAAA
D010597,2026-03-03 18:40:02,WIN-038,google.com,AAAA
D010598,2026-02-23 14:51:07,WIN-039,microsoft.com,AAAA
D010599,2026-01-29 21:01:55,WIN-013,amazonaws.com,CNAME
D010600,2026-04-26 12:17:24,WIN-033,microsoft.com,A
D010601,2026-06-26 13:25:09,WIN-021,microsoft.com,CNAME
D010602,2026-05-03 13:53:20,WIN-005,cloudflare.com,CNAME
D010603,2026-04-30 08:54:24,WIN-034,internal.corp,CNAME
D010604,2026-01-30 14:28:18,WIN-030,github.com,A
D010605,2026-02-07 11:56:13,WIN-004,internal.corp,CNAME
D010606,2026-05-30 14:09:36,WIN-030,github.com,A
D010607,2026-05-11 02:48:07,WIN-006,github.com,CNAME
D010608,2026-01-19 16:03:42,WIN-007,github.com,CNAME
D010609,2026-02-07 17:34:39,WIN-038,amazonaws.com,A
D010610,2026-03-28 14:29:03,WIN-001,cloudflare.com,A
D010611,2026-05-11 04:41:54,WIN-002,amazonaws.com,AAAA
D010612,2026-05-19 11:39:51,WIN-031,office.com,AAAA
D010613,2026-06-08 19:24:30,WIN-007,internal.corp,CNAME
D010614,2026-03-24 12:38:47,WIN-028,cloudflare.com,AAAA
D010615,2026-01-20 17:00:41,WIN-040,amazonaws.com,CNAME
D010616,2026-06-27 15:50:01,WIN-025,google.com,A
D010617,2026-01-28 09:46:59,WIN-006,microsoft.com,A
D010618,2026-02-16 02:30:48,WIN-016,amazonaws.com,AAAA
D010619,2026-02-26 11:14:05,WIN-032,internal.corp,CNAME
D010620,2026-01-30 11:44:53,WIN-028,cloudflare.com,CNAME
D010621,2026-06-12 21:19:29,WIN-025,google.com,CNAME
D010622,2026-01-01 07:21:57,WIN-028,amazonaws.com,CNAME
D010623,2026-06-16 17:27:46,WIN-027,office.com,AAAA
D010624,2026-03-12 13:21:09,WIN-008,internal.corp,A
D010625,2026-04-21 16:55:42,WIN-027,cloudflare.com,A
D010626,2026-06-24 07:52:24,WIN-007,internal.corp,AAAA
D010627,2026-04-09 17:54:29,WIN-021,office.com,A
D010628,2026-02-05 05:08:46,WIN-009,github.com,AAAA
D010629,2026-03-12 19:31:42,WIN-035,microsoft.com,CNAME
D010630,2026-01-03 09:31:40,WIN-010,amazonaws.com,A
D010631,2026-06-11 14:00:50,WIN-016,amazonaws.com,AAAA
D010632,2026-03-27 00:38:47,WIN-031,office.com,AAAA
D010633,2026-03-31 01:44:21,WIN-012,office.com,AAAA
D010634,2026-05-21 17:53:51,WIN-026,google.com,AAAA
D010635,2026-03-16 22:47:05,WIN-035,amazonaws.com,CNAME
D010636,2026-03-12 04:40:18,WIN-028,github.com,A
D010637,2026-05-11 05:45:59,WIN-036,cloudflare.com,CNAME
D010638,2026-04-06 15:41:19,WIN-003,cloudflare.com,CNAME
D010639,2026-01-14 01:07:04,WIN-015,office.com,AAAA
D010640,2026-04-30 22:55:21,WIN-023,internal.corp,AAAA
D010641,2026-05-08 04:58:40,WIN-014,github.com,AAAA
D010642,2026-02-14 04:04:55,WIN-008,github.com,A
D010643,2026-04-16 22:51:53,WIN-009,github.com,AAAA
D010644,2026-03-02 22:08:45,WIN-023,amazonaws.com,AAAA
D010645,2026-03-22 08:27:22,WIN-015,google.com,AAAA
D010646,2026-04-21 13:18:52,WIN-008,cloudflare.com,A
D010647,2026-02-12 20:01:48,WIN-032,github.com,CNAME
D010648,2026-03-17 01:53:49,WIN-029,microsoft.com,A
D010649,2026-02-19 09:15:25,WIN-031,internal.corp,A
D010650,2026-02-12 05:47:29,WIN-036,github.com,A
D010651,2026-03-08 15:39:08,WIN-035,microsoft.com,A
D010652,2026-03-04 10:21:00,WIN-024,amazonaws.com,CNAME
D010653,2026-01-18 21:37:57,WIN-006,microsoft.com,A
D010654,2026-02-02 04:49:06,WIN-027,microsoft.com,AAAA
D010655,2026-05-30 07:14:52,WIN-021,cloudflare.com,A
D010656,2026-06-22 17:25:43,WIN-029,amazonaws.com,A
D010657,2026-06-20 23:56:32,WIN-006,github.com,A
D010658,2026-05-26 03:33:32,WIN-029,github.com,CNAME
D010659,2026-03-28 22:50:36,WIN-015,internal.corp,AAAA
D010660,2026-04-27 23:41:08,WIN-026,github.com,AAAA
D010661,2026-06-26 17:28:58,WIN-011,internal.corp,AAAA
D010662,2026-06-16 19:12:34,WIN-011,github.com,AAAA
D010663,2026-02-18 01:16:01,WIN-029,cloudflare.com,AAAA
D010664,2026-04-18 05:33:50,WIN-015,microsoft.com,A
D010665,2026-06-04 05:26:57,WIN-004,amazonaws.com,A
D010666,2026-05-30 06:23:17,WIN-011,amazonaws.com,CNAME
D010667,2026-05-06 18:59:31,WIN-035,cloudflare.com,CNAME
D010668,2026-01-21 13:31:37,WIN-034,microsoft.com,CNAME
D010669,2026-04-16 20:10:50,WIN-023,google.com,A
D010670,2026-05-07 02:39:31,WIN-035,amazonaws.com,CNAME
D010671,2026-03-06 07:33:24,WIN-031,google.com,A
D010672,2026-02-11 12:09:04,WIN-024,internal.corp,A
D010673,2026-04-29 12:35:45,WIN-026,office.com,A
D010674,2026-03-14 00:59:34,WIN-024,microsoft.com,AAAA
D010675,2026-01-14 02:22:31,WIN-034,google.com,AAAA
D010676,2026-01-03 08:34:49,WIN-008,internal.corp,AAAA
D010677,2026-03-18 10:14:40,WIN-009,google.com,A
D010678,2026-05-16 14:37:20,WIN-010,office.com,CNAME
D010679,2026-06-08 08:24:43,WIN-028,amazonaws.com,A
D010680,2026-03-19 19:00:32,WIN-003,cloudflare.com,CNAME
D010681,2026-03-18 19:11:55,WIN-037,office.com,AAAA
D010682,2026-02-17 00:36:48,WIN-019,microsoft.com,CNAME
D010683,2026-01-20 20:34:19,WIN-012,amazonaws.com,A
D010684,2026-06-01 08:18:33,WIN-014,github.com,A
D010685,2026-05-12 14:52:34,WIN-033,internal.corp,CNAME
D010686,2026-01-09 18:27:11,WIN-012,internal.corp,CNAME
D010687,2026-02-25 10:32:41,WIN-036,microsoft.com,CNAME
D010688,2026-04-02 01:22:03,WIN-017,github.com,AAAA
D010689,2026-02-01 16:39:24,WIN-006,cloudflare.com,AAAA
D010690,2026-06-07 04:23:15,WIN-027,office.com,CNAME
D010691,2026-06-28 20:12:54,WIN-016,google.com,AAAA
D010692,2026-03-21 07:50:00,WIN-016,microsoft.com,CNAME
D010693,2026-01-27 01:35:02,WIN-013,amazonaws.com,A
D010694,2026-01-22 06:42:00,WIN-001,microsoft.com,CNAME
D010695,2026-02-05 21:59:49,WIN-014,microsoft.com,CNAME
D010696,2026-03-16 19:32:05,WIN-010,office.com,A
D010697,2026-03-04 18:08:13,WIN-025,microsoft.com,A
D010698,2026-03-02 16:42:04,WIN-013,office.com,A
D010699,2026-03-15 07:28:50,WIN-020,github.com,AAAA
D010700,2026-06-13 00:38:06,WIN-005,microsoft.com,AAAA
D010701,2026-06-25 14:53:00,WIN-030,microsoft.com,A
D010702,2026-03-22 18:51:24,WIN-007,office.com,A
D010703,2026-02-09 18:34:52,WIN-040,google.com,CNAME
D010704,2026-01-28 11:18:12,WIN-030,github.com,CNAME
D010705,2026-06-27 10:30:11,WIN-040,amazonaws.com,AAAA
D010706,2026-04-13 19:15:13,WIN-032,amazonaws.com,AAAA
D010707,2026-01-12 03:08:57,WIN-039,internal.corp,CNAME
D010708,2026-05-05 05:36:07,WIN-038,google.com,A
D010709,2026-01-29 19:16:52,WIN-030,google.com,CNAME
D010710,2026-04-16 08:20:14,WIN-004,cloudflare.com,A
D010711,2026-05-12 04:29:00,WIN-033,microsoft.com,CNAME
D010712,2026-02-16 13:30:33,WIN-040,internal.corp,CNAME
D010713,2026-05-13 00:38:22,WIN-018,microsoft.com,CNAME
D010714,2026-02-22 12:42:54,WIN-026,office.com,AAAA
D010715,2026-01-10 19:27:52,WIN-016,google.com,CNAME
D010716,2026-05-11 11:51:57,WIN-028,amazonaws.com,A
D010717,2026-05-12 06:12:34,WIN-011,cloudflare.com,AAAA
D010718,2026-06-26 16:32:45,WIN-023,github.com,A
D010719,2026-04-25 09:19:21,WIN-019,cloudflare.com,AAAA
D010720,2026-01-01 16:54:01,WIN-006,google.com,A
D010721,2026-03-31 00:48:20,WIN-034,google.com,A
D010722,2026-05-02 22:44:50,WIN-018,internal.corp,CNAME
D010723,2026-04-11 00:18:51,WIN-006,internal.corp,AAAA
D010724,2026-06-24 05:58:34,WIN-019,internal.corp,AAAA
D010725,2026-05-27 02:18:56,WIN-038,cloudflare.com,A
D010726,2026-01-30 17:38:53,WIN-017,google.com,AAAA
D010727,2026-02-26 19:51:14,WIN-021,cloudflare.com,A
D010728,2026-03-17 10:15:07,WIN-035,internal.corp,CNAME
D010729,2026-02-11 13:04:20,WIN-037,github.com,A
D010730,2026-04-09 09:56:18,WIN-020,office.com,A
D010731,2026-06-23 04:51:17,WIN-039,github.com,AAAA
D010732,2026-02-16 18:12:42,WIN-002,cloudflare.com,AAAA
D010733,2026-05-08 17:30:57,WIN-025,github.com,CNAME
D010734,2026-05-26 21:35:27,WIN-039,github.com,A
D010735,2026-03-27 19:55:34,WIN-026,office.com,AAAA
D010736,2026-02-26 18:23:36,WIN-002,github.com,AAAA
D010737,2026-03-27 20:49:55,WIN-036,microsoft.com,CNAME
D010738,2026-04-06 04:46:45,WIN-001,cloudflare.com,AAAA
D010739,2026-03-18 19:54:00,WIN-038,microsoft.com,A
D010740,2026-05-24 05:43:11,WIN-003,cloudflare.com,A
D010741,2026-01-28 02:46:52,WIN-014,office.com,A
D010742,2026-05-16 09:57:14,WIN-020,github.com,A
D010743,2026-02-23 21:32:26,WIN-039,internal.corp,AAAA
D010744,2026-04-04 06:52:35,WIN-039,cloudflare.com,CNAME
D010745,2026-02-05 18:14:05,WIN-015,microsoft.com,CNAME
D010746,2026-06-28 14:34:40,WIN-039,amazonaws.com,CNAME
D010747,2026-03-14 07:31:03,WIN-018,cloudflare.com,AAAA
D010748,2026-01-01 07:21:07,WIN-034,cloudflare.com,CNAME
D010749,2026-03-25 13:14:00,WIN-020,google.com,A
D010750,2026-06-18 15:36:25,WIN-022,internal.corp,CNAME
D010751,2026-05-14 04:40:06,WIN-034,internal.corp,AAAA
D010752,2026-02-12 11:23:36,WIN-035,amazonaws.com,CNAME
D010753,2026-04-28 17:42:43,WIN-025,github.com,A
D010754,2026-01-06 08:50:42,WIN-014,google.com,CNAME
D010755,2026-04-15 05:57:16,WIN-015,amazonaws.com,CNAME
D010756,2026-06-29 16:00:29,WIN-030,office.com,A
D010757,2026-06-20 14:57:21,WIN-040,cloudflare.com,A
D010758,2026-05-30 04:43:41,WIN-040,github.com,AAAA
D010759,2026-04-16 08:02:17,WIN-012,internal.corp,CNAME
D010760,2026-05-17 16:59:53,WIN-025,amazonaws.com,AAAA
D010761,2026-04-02 05:07:07,WIN-013,microsoft.com,CNAME
D010762,2026-02-17 02:30:44,WIN-029,internal.corp,CNAME
D010763,2026-04-27 02:51:21,WIN-015,cloudflare.com,CNAME
D010764,2026-04-09 02:34:49,WIN-024,microsoft.com,AAAA
D010765,2026-05-11 03:17:03,WIN-002,amazonaws.com,CNAME
D010766,2026-05-22 06:52:22,WIN-016,internal.corp,CNAME
D010767,2026-06-09 01:57:04,WIN-039,google.com,AAAA
D010768,2026-02-09 07:35:19,WIN-018,internal.corp,CNAME
D010769,2026-01-30 13:38:16,WIN-009,google.com,AAAA
D010770,2026-01-23 06:45:30,WIN-008,github.com,CNAME
D010771,2026-06-29 11:00:13,WIN-006,office.com,AAAA
D010772,2026-04-24 13:17:27,WIN-036,office.com,CNAME
D010773,2026-05-07 02:06:32,WIN-008,google.com,AAAA
D010774,2026-04-25 20:26:50,WIN-031,office.com,AAAA
D010775,2026-02-09 11:51:20,WIN-035,office.com,A
D010776,2026-06-13 14:42:34,WIN-001,internal.corp,A
D010777,2026-05-08 18:55:26,WIN-030,github.com,A
D010778,2026-01-30 23:02:10,WIN-023,cloudflare.com,AAAA
D010779,2026-01-01 16:50:42,WIN-001,microsoft.com,CNAME
D010780,2026-02-25 04:27:13,WIN-017,office.com,CNAME
D010781,2026-02-06 13:14:24,WIN-003,office.com,A
D010782,2026-03-27 15:59:04,WIN-018,google.com,AAAA
D010783,2026-06-18 19:12:10,WIN-033,amazonaws.com,CNAME
D010784,2026-04-12 15:39:50,WIN-007,amazonaws.com,AAAA
D010785,2026-04-05 01:02:53,WIN-039,google.com,A
D010786,2026-05-02 11:07:16,WIN-026,google.com,AAAA
D010787,2026-05-04 07:57:51,WIN-012,internal.corp,CNAME
D010788,2026-06-24 06:36:06,WIN-029,google.com,CNAME
D010789,2026-06-19 10:34:01,WIN-027,microsoft.com,AAAA
D010790,2026-01-24 09:00:56,WIN-034,internal.corp,CNAME
D010791,2026-03-17 01:28:47,WIN-034,internal.corp,AAAA
D010792,2026-03-06 07:30:53,WIN-010,office.com,CNAME
D010793,2026-04-06 01:57:07,WIN-005,office.com,CNAME
D010794,2026-06-09 00:10:48,WIN-006,microsoft.com,AAAA
D010795,2026-04-30 05:57:22,WIN-027,google.com,CNAME
D010796,2026-01-22 09:45:06,WIN-029,cloudflare.com,A
D010797,2026-01-23 14:30:00,WIN-035,google.com,A
D010798,2026-05-20 02:15:52,WIN-012,google.com,CNAME
D010799,2026-02-13 05:32:24,WIN-026,microsoft.com,A
D010800,2026-03-07 11:26:51,WIN-032,internal.corp,AAAA
D010801,2026-06-07 05:56:47,WIN-034,github.com,A
D010802,2026-02-01 21:27:35,WIN-001,internal.corp,CNAME
D010803,2026-01-08 03:38:55,WIN-014,office.com,AAAA
D010804,2026-03-30 17:53:49,WIN-019,amazonaws.com,CNAME
D010805,2026-05-01 13:06:26,WIN-012,github.com,A
D010806,2026-01-29 02:30:47,WIN-001,google.com,A
D010807,2026-02-22 03:03:29,WIN-033,cloudflare.com,A
D010808,2026-06-26 09:12:17,WIN-037,google.com,CNAME
D010809,2026-03-22 08:46:04,WIN-013,office.com,AAAA
D010810,2026-04-14 18:43:44,WIN-035,cloudflare.com,CNAME
D010811,2026-04-15 06:47:35,WIN-035,cloudflare.com,A
D010812,2026-04-30 12:49:22,WIN-013,office.com,A
D010813,2026-05-09 08:28:38,WIN-021,microsoft.com,CNAME
D010814,2026-02-15 20:48:21,WIN-013,office.com,AAAA
D010815,2026-06-10 16:34:50,WIN-025,github.com,AAAA
D010816,2026-06-29 02:05:30,WIN-018,google.com,A
D010817,2026-04-05 13:24:58,WIN-010,amazonaws.com,CNAME
D010818,2026-01-06 20:44:41,WIN-019,microsoft.com,CNAME
D010819,2026-03-07 08:46:45,WIN-030,github.com,CNAME
D010820,2026-02-22 21:12:58,WIN-027,cloudflare.com,A
D010821,2026-01-06 15:40:19,WIN-019,microsoft.com,CNAME
D010822,2026-03-15 13:56:28,WIN-020,microsoft.com,AAAA
D010823,2026-06-26 17:45:00,WIN-002,office.com,A
D010824,2026-04-08 12:19:15,WIN-004,amazonaws.com,CNAME
D010825,2026-06-22 04:10:39,WIN-013,google.com,A
D010826,2026-03-13 23:48:59,WIN-004,github.com,AAAA
D010827,2026-04-23 14:17:34,WIN-007,cloudflare.com,A
D010828,2026-05-29 02:45:39,WIN-012,amazonaws.com,CNAME
D010829,2026-05-05 11:11:51,WIN-020,amazonaws.com,A
D010830,2026-05-30 18:23:38,WIN-038,internal.corp,AAAA
D010831,2026-05-12 02:43:29,WIN-014,internal.corp,AAAA
D010832,2026-06-01 09:23:11,WIN-009,google.com,AAAA
D010833,2026-04-26 19:38:18,WIN-024,amazonaws.com,CNAME
D010834,2026-02-24 08:45:30,WIN-021,office.com,AAAA
D010835,2026-02-02 18:35:26,WIN-019,microsoft.com,AAAA
D010836,2026-04-27 04:19:14,WIN-034,cloudflare.com,CNAME
D010837,2026-06-10 03:58:20,WIN-024,google.com,CNAME
D010838,2026-01-08 21:07:34,WIN-022,amazonaws.com,CNAME
D010839,2026-03-13 05:35:49,WIN-007,github.com,A
D010840,2026-01-18 22:01:24,WIN-008,github.com,CNAME
D010841,2026-04-18 14:58:52,WIN-009,office.com,CNAME
D010842,2026-04-25 02:57:40,WIN-017,amazonaws.com,CNAME
D010843,2026-06-06 10:20:48,WIN-016,microsoft.com,CNAME
D010844,2026-03-29 10:52:54,WIN-033,office.com,AAAA
D010845,2026-01-26 18:05:04,WIN-025,internal.corp,A
D010846,2026-06-25 06:31:36,WIN-005,google.com,AAAA
D010847,2026-04-13 21:48:44,WIN-032,internal.corp,AAAA
D010848,2026-04-27 03:49:00,WIN-023,google.com,AAAA
D010849,2026-06-04 07:22:30,WIN-015,github.com,AAAA
D010850,2026-06-29 06:29:48,WIN-011,github.com,CNAME
D010851,2026-03-15 15:32:12,WIN-023,internal.corp,AAAA
D010852,2026-03-01 19:09:09,WIN-039,cloudflare.com,A
D010853,2026-05-26 00:26:50,WIN-002,cloudflare.com,AAAA
D010854,2026-03-01 07:45:46,WIN-022,internal.corp,CNAME
D010855,2026-01-12 02:20:11,WIN-017,internal.corp,AAAA
D010856,2026-06-04 11:57:24,WIN-001,google.com,CNAME
D010857,2026-06-17 10:42:22,WIN-038,internal.corp,AAAA
D010858,2026-03-31 00:25:32,WIN-023,internal.corp,CNAME
D010859,2026-05-05 09:26:25,WIN-032,internal.corp,CNAME
D010860,2026-01-13 06:28:24,WIN-012,internal.corp,AAAA
D010861,2026-06-29 01:44:27,WIN-040,google.com,A
D010862,2026-02-09 16:14:42,WIN-036,cloudflare.com,CNAME
D010863,2026-06-21 12:42:20,WIN-007,internal.corp,A
D010864,2026-02-18 11:02:01,WIN-031,google.com,A
D010865,2026-05-12 02:18:42,WIN-014,office.com,CNAME
D010866,2026-06-25 01:42:05,WIN-013,microsoft.com,AAAA
D010867,2026-01-27 00:35:10,WIN-001,amazonaws.com,AAAA
D010868,2026-03-29 22:45:25,WIN-018,internal.corp,CNAME
D010869,2026-05-29 14:43:39,WIN-037,microsoft.com,CNAME
D010870,2026-05-20 22:40:30,WIN-038,microsoft.com,CNAME
D010871,2026-06-05 09:28:50,WIN-009,google.com,CNAME
D010872,2026-05-09 01:05:10,WIN-022,google.com,AAAA
D010873,2026-06-09 06:49:40,WIN-039,office.com,A
D010874,2026-02-13 00:56:44,WIN-031,office.com,CNAME
D010875,2026-04-11 19:44:55,WIN-028,internal.corp,CNAME
D010876,2026-06-08 17:00:36,WIN-019,microsoft.com,AAAA
D010877,2026-04-14 22:08:58,WIN-015,microsoft.com,A
D010878,2026-02-16 20:23:43,WIN-019,microsoft.com,CNAME
D010879,2026-05-01 04:30:24,WIN-001,github.com,CNAME
D010880,2026-05-25 14:28:23,WIN-022,microsoft.com,A
D010881,2026-01-25 03:09:08,WIN-001,cloudflare.com,CNAME
D010882,2026-05-10 10:58:49,WIN-038,microsoft.com,A
D010883,2026-06-25 07:25:22,WIN-039,cloudflare.com,A
D010884,2026-06-16 16:36:48,WIN-036,cloudflare.com,A
D010885,2026-04-15 21:57:09,WIN-003,office.com,A
D010886,2026-06-01 22:41:03,WIN-039,microsoft.com,CNAME
D010887,2026-06-28 15:55:30,WIN-032,microsoft.com,A
D010888,2026-06-25 10:01:04,WIN-022,office.com,CNAME
D010889,2026-05-26 15:33:24,WIN-024,office.com,CNAME
D010890,2026-05-10 17:40:59,WIN-034,amazonaws.com,CNAME
D010891,2026-05-09 15:04:21,WIN-016,microsoft.com,AAAA
D010892,2026-03-20 06:15:49,WIN-039,microsoft.com,A
D010893,2026-01-02 14:17:20,WIN-036,internal.corp,CNAME
D010894,2026-01-03 04:42:14,WIN-013,internal.corp,AAAA
D010895,2026-01-30 22:05:55,WIN-035,github.com,CNAME
D010896,2026-03-11 22:52:07,WIN-014,internal.corp,A
D010897,2026-02-06 19:39:21,WIN-027,internal.corp,CNAME
D010898,2026-06-20 11:59:08,WIN-015,github.com,A
D010899,2026-06-15 02:30:59,WIN-034,microsoft.com,CNAME
D010900,2026-03-31 18:57:51,WIN-005,github.com,A
D010901,2026-01-03 08:11:44,WIN-020,office.com,A
D010902,2026-06-11 22:41:37,WIN-001,google.com,A
D010903,2026-02-01 13:43:17,WIN-026,amazonaws.com,AAAA
D010904,2026-06-27 19:50:27,WIN-024,microsoft.com,AAAA
D010905,2026-03-25 09:23:58,WIN-040,amazonaws.com,A
D010906,2026-02-04 13:31:57,WIN-030,internal.corp,CNAME
D010907,2026-04-29 06:29:29,WIN-011,microsoft.com,CNAME
D010908,2026-04-19 20:31:59,WIN-038,office.com,A
D010909,2026-04-07 07:40:01,WIN-032,cloudflare.com,CNAME
D010910,2026-06-05 03:58:59,WIN-029,amazonaws.com,AAAA
D010911,2026-05-17 02:15:40,WIN-002,office.com,CNAME
D010912,2026-05-25 23:46:10,WIN-029,microsoft.com,CNAME
D010913,2026-03-06 09:02:36,WIN-015,github.com,A
D010914,2026-04-23 10:12:30,WIN-023,internal.corp,A
D010915,2026-06-10 04:21:31,WIN-019,cloudflare.com,A
D010916,2026-06-05 20:13:03,WIN-033,office.com,A
D010917,2026-05-16 01:29:25,WIN-022,internal.corp,CNAME
D010918,2026-02-27 15:26:39,WIN-037,amazonaws.com,AAAA
D010919,2026-04-11 20:31:01,WIN-038,google.com,CNAME
D010920,2026-05-31 06:33:11,WIN-023,microsoft.com,A
D010921,2026-02-07 00:47:51,WIN-033,internal.corp,CNAME
D010922,2026-05-23 10:05:24,WIN-040,google.com,AAAA
D010923,2026-02-27 07:38:15,WIN-003,amazonaws.com,A
D010924,2026-03-12 17:58:07,WIN-022,cloudflare.com,CNAME
D010925,2026-01-21 00:35:03,WIN-003,google.com,A
D010926,2026-03-02 08:34:46,WIN-019,microsoft.com,A
D010927,2026-05-26 02:09:24,WIN-027,office.com,A
D010928,2026-04-10 22:22:37,WIN-033,internal.corp,CNAME
D010929,2026-04-19 08:47:13,WIN-031,amazonaws.com,CNAME
D010930,2026-01-25 05:58:36,WIN-024,microsoft.com,A
D010931,2026-04-18 09:05:07,WIN-015,microsoft.com,A
D010932,2026-06-24 02:27:59,WIN-003,internal.corp,CNAME
D010933,2026-04-28 18:43:42,WIN-029,amazonaws.com,CNAME
D010934,2026-01-04 09:15:58,WIN-016,google.com,AAAA
D010935,2026-05-06 01:03:59,WIN-018,amazonaws.com,AAAA
D010936,2026-06-19 01:30:57,WIN-007,amazonaws.com,AAAA
D010937,2026-03-23 16:57:15,WIN-038,github.com,CNAME
D010938,2026-04-19 03:24:35,WIN-035,amazonaws.com,A
D010939,2026-03-18 03:18:15,WIN-028,github.com,AAAA
D010940,2026-05-17 05:57:00,WIN-028,cloudflare.com,CNAME
D010941,2026-04-29 03:54:35,WIN-007,cloudflare.com,CNAME
D010942,2026-03-12 18:12:33,WIN-020,microsoft.com,A
D010943,2026-01-15 17:39:47,WIN-035,amazonaws.com,CNAME
D010944,2026-03-13 10:33:11,WIN-018,internal.corp,AAAA
D010945,2026-02-14 19:54:55,WIN-005,internal.corp,A
D010946,2026-04-29 03:45:56,WIN-003,office.com,AAAA
D010947,2026-01-21 22:12:07,WIN-025,amazonaws.com,CNAME
D010948,2026-05-19 06:11:47,WIN-014,google.com,CNAME
D010949,2026-03-07 04:44:24,WIN-038,office.com,A
D010950,2026-06-17 19:14:38,WIN-024,cloudflare.com,CNAME
D010951,2026-06-21 00:15:08,WIN-022,microsoft.com,A
D010952,2026-06-17 19:12:23,WIN-039,microsoft.com,AAAA
D010953,2026-03-22 06:01:14,WIN-002,internal.corp,A
D010954,2026-01-19 03:18:31,WIN-037,amazonaws.com,A
D010955,2026-04-03 04:51:13,WIN-016,google.com,CNAME
D010956,2026-05-12 01:26:51,WIN-003,amazonaws.com,AAAA
D010957,2026-05-19 10:19:12,WIN-030,office.com,A
D010958,2026-06-12 17:45:06,WIN-033,cloudflare.com,CNAME
D010959,2026-02-15 18:54:56,WIN-002,amazonaws.com,CNAME
D010960,2026-04-09 15:18:18,WIN-002,office.com,CNAME
D010961,2026-03-02 09:01:10,WIN-037,microsoft.com,AAAA
D010962,2026-05-25 14:04:56,WIN-029,github.com,A
D010963,2026-03-12 05:01:26,WIN-007,internal.corp,A
D010964,2026-01-30 08:45:48,WIN-008,google.com,CNAME
D010965,2026-05-10 12:16:41,WIN-036,office.com,A
D010966,2026-02-01 02:49:39,WIN-038,amazonaws.com,AAAA
D010967,2026-03-24 00:18:56,WIN-035,github.com,AAAA
D010968,2026-03-30 19:33:54,WIN-031,amazonaws.com,AAAA
D010969,2026-04-24 16:57:25,WIN-023,internal.corp,CNAME
D010970,2026-03-24 15:58:09,WIN-004,amazonaws.com,CNAME
D010971,2026-04-17 16:24:19,WIN-036,internal.corp,A
D010972,2026-02-11 20:15:29,WIN-015,cloudflare.com,CNAME
D010973,2026-01-20 18:19:53,WIN-008,internal.corp,CNAME
D010974,2026-03-05 09:51:45,WIN-025,office.com,CNAME
D010975,2026-05-29 00:04:52,WIN-013,office.com,A
D010976,2026-05-31 06:23:02,WIN-026,internal.corp,A
D010977,2026-03-31 19:19:12,WIN-017,office.com,A
D010978,2026-05-01 07:51:23,WIN-021,amazonaws.com,CNAME
D010979,2026-01-18 17:31:46,WIN-029,office.com,A
D010980,2026-03-29 09:49:45,WIN-030,office.com,CNAME
D010981,2026-01-19 11:31:02,WIN-025,cloudflare.com,A
D010982,2026-02-19 23:39:27,WIN-039,google.com,A
D010983,2026-01-21 10:25:26,WIN-029,google.com,A
D010984,2026-01-25 06:59:21,WIN-027,office.com,CNAME
D010985,2026-06-14 12:26:09,WIN-028,google.com,AAAA
D010986,2026-03-25 08:49:28,WIN-025,internal.corp,AAAA
D010987,2026-03-01 09:40:56,WIN-032,cloudflare.com,AAAA
D010988,2026-01-11 20:41:29,WIN-009,github.com,CNAME
D010989,2026-05-25 03:39:37,WIN-035,google.com,A
D010990,2026-06-28 12:41:13,WIN-014,cloudflare.com,AAAA
D010991,2026-01-17 00:18:00,WIN-020,github.com,A
D010992,2026-05-13 11:02:58,WIN-032,google.com,AAAA
D010993,2026-02-01 02:58:44,WIN-040,office.com,A
D010994,2026-03-25 15:08:41,WIN-021,cloudflare.com,CNAME
D010995,2026-03-19 21:47:46,WIN-027,github.com,CNAME
D010996,2026-05-31 02:55:16,WIN-009,github.com,AAAA
D010997,2026-05-14 12:58:21,WIN-031,github.com,A
D010998,2026-04-27 18:43:25,WIN-025,internal.corp,CNAME
D010999,2026-06-22 08:33:47,WIN-036,office.com,AAAA
D011000,2026-02-16 02:51:27,WIN-007,google.com,CNAME
D011001,2026-02-26 13:02:51,WIN-006,cloudflare.com,A
D011002,2026-06-25 13:35:13,WIN-033,github.com,CNAME
D011003,2026-02-28 13:23:01,WIN-017,amazonaws.com,CNAME
D011004,2026-03-01 01:10:11,WIN-008,amazonaws.com,A
D011005,2026-06-03 02:59:57,WIN-023,microsoft.com,AAAA
D011006,2026-05-02 20:26:10,WIN-029,microsoft.com,CNAME
D011007,2026-05-08 13:14:50,WIN-019,google.com,AAAA
D011008,2026-06-04 03:40:06,WIN-012,google.com,CNAME
D011009,2026-06-10 17:42:31,WIN-036,amazonaws.com,A
D011010,2026-01-29 09:46:40,WIN-028,github.com,CNAME
D011011,2026-01-12 20:06:34,WIN-003,cloudflare.com,CNAME
D011012,2026-04-28 17:54:29,WIN-018,office.com,AAAA
D011013,2026-02-03 21:35:58,WIN-019,internal.corp,AAAA
D011014,2026-01-01 21:40:07,WIN-025,internal.corp,AAAA
D011015,2026-01-02 12:02:44,WIN-010,amazonaws.com,AAAA
D011016,2026-01-04 11:32:41,WIN-004,cloudflare.com,CNAME
D011017,2026-06-01 04:45:31,WIN-018,internal.corp,CNAME
D011018,2026-03-30 05:25:28,WIN-035,github.com,A
D011019,2026-04-04 02:56:10,WIN-012,microsoft.com,AAAA
D011020,2026-05-12 23:19:38,WIN-008,office.com,AAAA
D011021,2026-06-14 16:43:46,WIN-006,office.com,CNAME
D011022,2026-01-08 04:10:50,WIN-027,google.com,A
D011023,2026-03-11 05:01:08,WIN-009,github.com,A
D011024,2026-02-01 03:58:26,WIN-034,cloudflare.com,AAAA
D011025,2026-03-31 15:31:00,WIN-020,github.com,A
D011026,2026-03-29 10:15:09,WIN-023,github.com,AAAA
D011027,2026-03-15 13:12:34,WIN-001,amazonaws.com,AAAA
D011028,2026-06-15 18:09:33,WIN-018,internal.corp,AAAA
D011029,2026-05-16 22:14:27,WIN-040,cloudflare.com,AAAA
D011030,2026-06-26 17:23:19,WIN-029,microsoft.com,CNAME
D011031,2026-01-06 10:22:14,WIN-040,amazonaws.com,A
D011032,2026-03-06 09:42:01,WIN-017,office.com,A
D011033,2026-05-28 15:32:05,WIN-015,amazonaws.com,AAAA
D011034,2026-03-28 18:41:29,WIN-024,microsoft.com,AAAA
D011035,2026-05-13 11:38:19,WIN-020,cloudflare.com,CNAME
D011036,2026-02-24 20:34:34,WIN-033,office.com,CNAME
D011037,2026-02-15 04:56:26,WIN-018,office.com,CNAME
D011038,2026-05-02 20:53:13,WIN-023,google.com,CNAME
D011039,2026-06-25 04:34:12,WIN-019,github.com,CNAME
D011040,2026-03-02 01:31:09,WIN-014,github.com,CNAME
D011041,2026-01-30 21:48:36,WIN-024,internal.corp,AAAA
D011042,2026-03-03 21:29:09,WIN-022,amazonaws.com,CNAME
D011043,2026-03-25 16:06:17,WIN-004,google.com,A
D011044,2026-01-13 06:12:04,WIN-008,amazonaws.com,AAAA
D011045,2026-03-07 12:46:47,WIN-011,cloudflare.com,CNAME
D011046,2026-01-25 22:30:03,WIN-008,github.com,A
D011047,2026-03-06 19:41:28,WIN-022,internal.corp,A
D011048,2026-04-23 11:58:57,WIN-040,amazonaws.com,AAAA
D011049,2026-01-13 03:12:33,WIN-020,office.com,CNAME
D011050,2026-05-04 16:49:34,WIN-019,github.com,CNAME
D011051,2026-03-20 01:21:29,WIN-018,github.com,AAAA
D011052,2026-05-05 19:27:07,WIN-003,internal.corp,CNAME
D011053,2026-05-02 03:47:03,WIN-014,internal.corp,A
D011054,2026-04-22 12:01:53,WIN-009,cloudflare.com,AAAA
D011055,2026-06-21 05:35:04,WIN-022,office.com,CNAME
D011056,2026-03-03 19:00:27,WIN-038,microsoft.com,A
D011057,2026-05-19 23:48:38,WIN-034,cloudflare.com,CNAME
D011058,2026-03-06 16:24:17,WIN-034,microsoft.com,A
D011059,2026-01-01 03:25:54,WIN-033,cloudflare.com,CNAME
D011060,2026-03-28 11:43:32,WIN-024,microsoft.com,CNAME
D011061,2026-05-07 11:30:21,WIN-037,amazonaws.com,AAAA
D011062,2026-05-10 16:22:37,WIN-011,office.com,CNAME
D011063,2026-02-26 16:16:01,WIN-003,amazonaws.com,A
D011064,2026-04-16 05:47:40,WIN-023,github.com,CNAME
D011065,2026-02-22 09:03:12,WIN-022,amazonaws.com,CNAME
D011066,2026-04-13 01:57:00,WIN-033,cloudflare.com,AAAA
D011067,2026-02-16 19:07:40,WIN-017,github.com,A
D011068,2026-06-18 21:45:30,WIN-026,github.com,CNAME
D011069,2026-01-15 13:53:12,WIN-019,microsoft.com,CNAME
D011070,2026-04-25 02:38:32,WIN-033,google.com,A
D011071,2026-06-01 10:48:59,WIN-032,github.com,A
D011072,2026-03-09 02:53:58,WIN-027,google.com,AAAA
D011073,2026-01-13 07:33:23,WIN-024,internal.corp,CNAME
D011074,2026-02-16 09:08:41,WIN-005,microsoft.com,AAAA
D011075,2026-03-07 20:44:45,WIN-023,google.com,CNAME
D011076,2026-01-24 16:32:50,WIN-005,github.com,CNAME
D011077,2026-03-05 04:46:23,WIN-010,internal.corp,CNAME
D011078,2026-03-26 13:17:12,WIN-036,internal.corp,CNAME
D011079,2026-06-21 14:35:51,WIN-036,internal.corp,A
D011080,2026-02-25 21:57:29,WIN-020,amazonaws.com,A
D011081,2026-03-08 04:49:25,WIN-029,amazonaws.com,CNAME
D011082,2026-06-23 00:05:53,WIN-027,google.com,CNAME
D011083,2026-03-11 22:27:22,WIN-034,google.com,CNAME
D011084,2026-01-25 18:33:27,WIN-012,internal.corp,AAAA
D011085,2026-06-29 20:23:00,WIN-040,cloudflare.com,A
D011086,2026-01-15 07:48:31,WIN-002,github.com,A
D011087,2026-04-13 23:05:00,WIN-004,amazonaws.com,CNAME
D011088,2026-04-09 19:18:22,WIN-027,amazonaws.com,AAAA
D011089,2026-01-15 14:35:06,WIN-016,google.com,CNAME
D011090,2026-02-27 11:26:39,WIN-002,amazonaws.com,A
D011091,2026-04-29 13:28:25,WIN-026,internal.corp,CNAME
D011092,2026-03-16 20:02:48,WIN-017,office.com,A
D011093,2026-03-06 10:32:52,WIN-014,cloudflare.com,A
D011094,2026-05-11 12:49:45,WIN-037,github.com,AAAA
D011095,2026-05-31 05:50:39,WIN-017,github.com,AAAA
D011096,2026-03-13 22:19:14,WIN-010,github.com,A
D011097,2026-02-13 16:55:17,WIN-022,microsoft.com,A
D011098,2026-06-22 22:56:13,WIN-004,microsoft.com,A
D011099,2026-03-26 12:06:02,WIN-022,internal.corp,AAAA
D011100,2026-01-28 04:42:47,WIN-010,cloudflare.com,A
D011101,2026-05-20 05:13:56,WIN-006,amazonaws.com,AAAA
D011102,2026-04-15 20:23:07,WIN-013,google.com,AAAA
D011103,2026-03-22 09:37:35,WIN-029,office.com,AAAA
D011104,2026-04-04 19:47:54,WIN-026,google.com,CNAME
D011105,2026-05-13 16:48:54,WIN-007,microsoft.com,CNAME
D011106,2026-03-15 05:52:44,WIN-032,github.com,CNAME
D011107,2026-04-04 14:07:56,WIN-032,internal.corp,AAAA
D011108,2026-05-24 13:54:27,WIN-021,amazonaws.com,CNAME
D011109,2026-03-01 21:12:59,WIN-027,office.com,CNAME
D011110,2026-01-30 22:42:20,WIN-003,microsoft.com,AAAA
D011111,2026-04-21 07:18:37,WIN-036,amazonaws.com,A
D011112,2026-03-21 19:47:46,WIN-017,internal.corp,A
D011113,2026-03-02 05:17:42,WIN-010,internal.corp,AAAA
D011114,2026-06-04 00:59:37,WIN-012,google.com,A
D011115,2026-05-23 15:54:23,WIN-008,google.com,CNAME
D011116,2026-05-27 04:36:18,WIN-031,google.com,CNAME
D011117,2026-05-19 19:37:18,WIN-002,amazonaws.com,CNAME
D011118,2026-02-17 08:34:26,WIN-019,amazonaws.com,A
D011119,2026-03-02 05:33:25,WIN-018,amazonaws.com,CNAME
D011120,2026-05-13 15:44:55,WIN-034,office.com,A
D011121,2026-01-16 06:41:57,WIN-007,github.com,AAAA
D011122,2026-01-16 12:54:57,WIN-001,internal.corp,A
D011123,2026-03-11 14:31:21,WIN-038,google.com,CNAME
D011124,2026-01-08 14:27:12,WIN-015,github.com,AAAA
D011125,2026-02-17 01:30:54,WIN-007,office.com,A
D011126,2026-05-06 00:54:18,WIN-020,google.com,A
D011127,2026-02-25 09:57:02,WIN-030,github.com,CNAME
D011128,2026-04-14 03:59:58,WIN-017,google.com,A
D011129,2026-02-11 01:04:01,WIN-030,google.com,AAAA
D011130,2026-01-31 20:59:33,WIN-030,amazonaws.com,CNAME
D011131,2026-03-24 22:12:57,WIN-022,office.com,AAAA
D011132,2026-06-24 16:01:19,WIN-013,github.com,A
D011133,2026-02-24 09:48:39,WIN-020,google.com,CNAME
D011134,2026-04-17 17:47:57,WIN-037,internal.corp,AAAA
D011135,2026-05-02 05:46:34,WIN-010,github.com,AAAA
D011136,2026-03-21 13:37:45,WIN-027,amazonaws.com,AAAA
D011137,2026-05-18 10:22:48,WIN-030,office.com,AAAA
D011138,2026-02-16 13:54:24,WIN-010,internal.corp,CNAME
D011139,2026-01-13 18:35:42,WIN-012,amazonaws.com,AAAA
D011140,2026-05-24 12:51:18,WIN-028,cloudflare.com,AAAA
D011141,2026-05-30 12:37:35,WIN-002,office.com,A
D011142,2026-06-19 12:49:38,WIN-002,google.com,A
D011143,2026-01-30 03:58:11,WIN-021,github.com,A
D011144,2026-04-05 09:36:10,WIN-035,amazonaws.com,A
D011145,2026-02-02 23:30:21,WIN-016,office.com,CNAME
D011146,2026-01-30 23:30:37,WIN-031,google.com,CNAME
D011147,2026-05-01 06:20:41,WIN-040,google.com,CNAME
D011148,2026-01-08 05:45:39,WIN-009,office.com,AAAA
D011149,2026-01-29 12:06:42,WIN-031,github.com,CNAME
D011150,2026-01-15 09:47:46,WIN-014,github.com,A
D011151,2026-01-04 20:36:59,WIN-040,cloudflare.com,CNAME
D011152,2026-06-27 10:59:56,WIN-033,internal.corp,A
D011153,2026-02-23 15:16:15,WIN-012,cloudflare.com,CNAME
D011154,2026-02-25 00:26:17,WIN-033,internal.corp,CNAME
D011155,2026-06-01 15:55:04,WIN-015,office.com,AAAA
D011156,2026-02-20 16:06:15,WIN-026,cloudflare.com,AAAA
D011157,2026-03-11 19:00:39,WIN-014,internal.corp,CNAME
D011158,2026-02-08 11:25:06,WIN-011,github.com,CNAME
D011159,2026-04-09 12:40:30,WIN-021,microsoft.com,A
D011160,2026-06-12 17:09:03,WIN-015,cloudflare.com,A
D011161,2026-01-22 10:05:32,WIN-013,microsoft.com,A
D011162,2026-03-29 19:08:15,WIN-040,microsoft.com,A
D011163,2026-02-22 23:49:39,WIN-023,amazonaws.com,CNAME
D011164,2026-02-28 21:54:24,WIN-005,microsoft.com,CNAME
D011165,2026-06-03 09:45:29,WIN-022,internal.corp,AAAA
D011166,2026-02-21 20:35:42,WIN-017,github.com,A
D011167,2026-01-07 17:27:35,WIN-018,github.com,AAAA
D011168,2026-02-15 22:22:39,WIN-019,amazonaws.com,CNAME
D011169,2026-02-16 22:31:17,WIN-022,cloudflare.com,AAAA
D011170,2026-06-14 16:18:59,WIN-002,office.com,A
D011171,2026-06-28 22:32:33,WIN-020,cloudflare.com,A
D011172,2026-01-05 15:12:48,WIN-035,google.com,CNAME
D011173,2026-06-06 02:15:39,WIN-008,amazonaws.com,A
D011174,2026-05-23 09:49:45,WIN-028,github.com,AAAA
D011175,2026-04-04 22:12:05,WIN-024,google.com,CNAME
D011176,2026-05-16 23:01:09,WIN-002,amazonaws.com,AAAA
D011177,2026-03-15 06:27:01,WIN-002,google.com,CNAME
D011178,2026-04-05 21:03:46,WIN-035,google.com,CNAME
D011179,2026-05-26 20:14:29,WIN-016,github.com,CNAME
D011180,2026-05-02 21:35:31,WIN-013,google.com,CNAME
D011181,2026-03-19 01:26:34,WIN-008,microsoft.com,AAAA
D011182,2026-02-27 06:27:36,WIN-015,office.com,A
D011183,2026-03-04 14:53:33,WIN-001,microsoft.com,CNAME
D011184,2026-01-09 19:13:32,WIN-012,cloudflare.com,AAAA
D011185,2026-05-07 20:30:10,WIN-018,office.com,A
D011186,2026-05-08 01:57:47,WIN-011,github.com,CNAME
D011187,2026-06-25 04:11:40,WIN-029,google.com,AAAA
D011188,2026-06-25 08:32:55,WIN-003,internal.corp,CNAME
D011189,2026-04-26 23:09:51,WIN-019,amazonaws.com,AAAA
D011190,2026-04-01 16:23:02,WIN-005,amazonaws.com,AAAA
D011191,2026-02-14 10:16:21,WIN-040,google.com,A
D011192,2026-06-04 10:51:45,WIN-028,github.com,AAAA
D011193,2026-05-18 08:09:50,WIN-027,github.com,AAAA
D011194,2026-03-18 12:46:35,WIN-016,office.com,CNAME
D011195,2026-06-20 15:27:38,WIN-024,cloudflare.com,AAAA
D011196,2026-06-19 09:21:40,WIN-006,cloudflare.com,A
D011197,2026-04-07 06:38:06,WIN-025,internal.corp,A
D011198,2026-02-24 11:19:48,WIN-033,cloudflare.com,AAAA
D011199,2026-01-21 10:22:10,WIN-008,internal.corp,CNAME
D011200,2026-03-25 02:00:54,WIN-019,github.com,CNAME
D011201,2026-01-20 23:39:51,WIN-002,internal.corp,AAAA
D011202,2026-05-26 15:09:18,WIN-011,amazonaws.com,AAAA
D011203,2026-02-12 00:02:26,WIN-011,github.com,CNAME
D011204,2026-02-28 14:45:11,WIN-003,internal.corp,A
D011205,2026-05-20 13:15:50,WIN-012,github.com,A
D011206,2026-02-28 11:13:52,WIN-028,github.com,A
D011207,2026-02-21 18:31:28,WIN-002,internal.corp,A
D011208,2026-05-03 13:25:54,WIN-022,cloudflare.com,A
D011209,2026-04-06 02:44:45,WIN-031,amazonaws.com,CNAME
D011210,2026-05-13 20:14:28,WIN-029,office.com,AAAA
D011211,2026-04-29 01:35:46,WIN-027,office.com,AAAA
D011212,2026-06-22 09:40:34,WIN-032,cloudflare.com,AAAA
D011213,2026-05-01 19:20:20,WIN-001,office.com,A
D011214,2026-01-31 20:05:42,WIN-030,amazonaws.com,CNAME
D011215,2026-05-05 23:20:57,WIN-003,cloudflare.com,CNAME
D011216,2026-05-14 01:10:31,WIN-020,internal.corp,CNAME
D011217,2026-05-29 15:10:13,WIN-019,cloudflare.com,A
D011218,2026-04-25 12:49:56,WIN-017,github.com,CNAME
D011219,2026-04-17 11:49:32,WIN-027,google.com,A
D011220,2026-05-05 01:34:11,WIN-033,internal.corp,AAAA
D011221,2026-01-31 08:37:45,WIN-012,internal.corp,A
D011222,2026-02-16 11:10:55,WIN-035,office.com,A
D011223,2026-03-31 22:05:11,WIN-025,internal.corp,CNAME
D011224,2026-04-28 22:39:28,WIN-015,cloudflare.com,AAAA
D011225,2026-02-19 21:44:37,WIN-030,internal.corp,CNAME
D011226,2026-03-12 20:46:23,WIN-022,cloudflare.com,AAAA
D011227,2026-06-28 10:00:51,WIN-024,office.com,AAAA
D011228,2026-03-13 04:46:30,WIN-035,office.com,AAAA
D011229,2026-02-19 05:29:48,WIN-001,office.com,CNAME
D011230,2026-06-10 15:51:57,WIN-033,amazonaws.com,CNAME
D011231,2026-04-23 22:37:15,WIN-012,microsoft.com,AAAA
D011232,2026-04-25 03:27:26,WIN-007,microsoft.com,A
D011233,2026-06-11 02:14:48,WIN-011,amazonaws.com,AAAA
D011234,2026-05-19 10:56:00,WIN-003,google.com,CNAME
D011235,2026-05-26 02:19:33,WIN-038,microsoft.com,CNAME
D011236,2026-05-08 06:47:49,WIN-036,internal.corp,CNAME
D011237,2026-05-23 22:49:47,WIN-005,github.com,CNAME
D011238,2026-04-22 06:53:18,WIN-035,google.com,CNAME
D011239,2026-01-20 06:23:18,WIN-028,google.com,AAAA
D011240,2026-04-10 17:28:45,WIN-009,github.com,AAAA
D011241,2026-02-02 21:29:30,WIN-021,github.com,A
D011242,2026-04-09 20:05:01,WIN-027,office.com,CNAME
D011243,2026-04-03 05:57:12,WIN-021,office.com,AAAA
D011244,2026-04-06 19:06:12,WIN-001,office.com,A
D011245,2026-04-25 03:55:20,WIN-013,internal.corp,A
D011246,2026-06-06 17:25:44,WIN-017,amazonaws.com,A
D011247,2026-02-27 09:39:30,WIN-008,amazonaws.com,A
D011248,2026-06-26 09:23:21,WIN-029,microsoft.com,CNAME
D011249,2026-04-23 01:36:24,WIN-038,amazonaws.com,A
D011250,2026-01-28 00:35:07,WIN-019,cloudflare.com,CNAME
D011251,2026-04-23 11:53:58,WIN-023,cloudflare.com,CNAME
D011252,2026-03-20 07:40:28,WIN-018,microsoft.com,A
D011253,2026-02-10 22:27:06,WIN-029,google.com,A
D011254,2026-02-26 03:56:51,WIN-016,internal.corp,CNAME
D011255,2026-05-01 10:20:46,WIN-022,google.com,AAAA
D011256,2026-03-25 14:39:19,WIN-020,internal.corp,AAAA
D011257,2026-05-06 01:52:35,WIN-030,google.com,CNAME
D011258,2026-03-03 21:35:36,WIN-023,internal.corp,CNAME
D011259,2026-04-06 21:05:23,WIN-006,google.com,A
D011260,2026-03-09 18:33:29,WIN-015,google.com,A
D011261,2026-03-20 13:01:54,WIN-001,office.com,CNAME
D011262,2026-01-07 16:00:30,WIN-018,office.com,AAAA
D011263,2026-01-04 12:56:41,WIN-032,internal.corp,A
D011264,2026-05-23 01:44:40,WIN-025,microsoft.com,AAAA
D011265,2026-02-01 22:25:45,WIN-011,google.com,AAAA
D011266,2026-06-10 09:06:17,WIN-009,github.com,AAAA
D011267,2026-06-13 06:50:33,WIN-029,microsoft.com,A
D011268,2026-06-17 02:31:58,WIN-018,internal.corp,CNAME
D011269,2026-03-21 18:09:35,WIN-030,github.com,AAAA
D011270,2026-02-01 00:50:43,WIN-027,cloudflare.com,AAAA
D011271,2026-05-15 07:01:29,WIN-040,google.com,CNAME
D011272,2026-06-16 01:13:14,WIN-021,amazonaws.com,CNAME
D011273,2026-03-19 01:03:26,WIN-036,office.com,CNAME
D011274,2026-02-08 21:01:27,WIN-021,github.com,CNAME
D011275,2026-03-08 14:22:26,WIN-031,microsoft.com,CNAME
D011276,2026-04-28 23:57:34,WIN-007,amazonaws.com,CNAME
D011277,2026-02-27 07:47:13,WIN-014,internal.corp,CNAME
D011278,2026-05-18 17:58:23,WIN-009,internal.corp,AAAA
D011279,2026-01-17 22:29:40,WIN-037,internal.corp,A
D011280,2026-02-10 17:31:37,WIN-034,cloudflare.com,AAAA
D011281,2026-03-11 03:06:56,WIN-024,microsoft.com,AAAA
D011282,2026-02-03 03:52:49,WIN-018,office.com,CNAME
D011283,2026-05-04 03:41:03,WIN-035,google.com,CNAME
D011284,2026-04-09 16:17:23,WIN-025,internal.corp,AAAA
D011285,2026-05-13 06:19:34,WIN-023,microsoft.com,AAAA
D011286,2026-06-22 11:08:13,WIN-007,cloudflare.com,CNAME
D011287,2026-04-26 19:32:22,WIN-032,internal.corp,CNAME
D011288,2026-04-25 12:18:14,WIN-011,office.com,CNAME
D011289,2026-06-18 00:09:15,WIN-017,microsoft.com,CNAME
D011290,2026-03-15 03:31:04,WIN-002,office.com,AAAA
D011291,2026-05-12 03:55:33,WIN-002,amazonaws.com,CNAME
D011292,2026-06-24 09:11:06,WIN-027,amazonaws.com,CNAME
D011293,2026-01-31 17:17:28,WIN-012,github.com,AAAA
D011294,2026-01-03 23:22:33,WIN-008,github.com,A
D011295,2026-02-22 13:38:03,WIN-025,office.com,CNAME
D011296,2026-05-14 16:07:54,WIN-004,google.com,CNAME
D011297,2026-03-26 01:21:53,WIN-007,github.com,AAAA
D011298,2026-02-05 18:26:48,WIN-015,cloudflare.com,A
D011299,2026-05-10 18:01:00,WIN-020,office.com,CNAME
D011300,2026-06-25 11:29:37,WIN-003,microsoft.com,AAAA
D011301,2026-04-26 16:58:32,WIN-029,internal.corp,CNAME
D011302,2026-04-09 19:14:26,WIN-011,internal.corp,CNAME
D011303,2026-01-19 17:51:39,WIN-035,office.com,CNAME
D011304,2026-04-15 20:01:05,WIN-004,google.com,CNAME
D011305,2026-05-10 20:30:03,WIN-028,internal.corp,CNAME
D011306,2026-01-14 16:41:52,WIN-007,amazonaws.com,CNAME
D011307,2026-04-03 04:17:05,WIN-001,amazonaws.com,CNAME
D011308,2026-04-11 00:24:32,WIN-026,google.com,AAAA
D011309,2026-06-16 07:11:35,WIN-028,github.com,A
D011310,2026-03-19 02:18:45,WIN-007,github.com,CNAME
D011311,2026-05-06 10:52:50,WIN-026,microsoft.com,CNAME
D011312,2026-02-15 15:49:07,WIN-040,office.com,A
D011313,2026-06-30 05:45:58,WIN-020,google.com,CNAME
D011314,2026-01-05 17:11:47,WIN-003,office.com,CNAME
D011315,2026-01-25 12:31:57,WIN-034,google.com,A
D011316,2026-05-25 18:59:07,WIN-031,microsoft.com,AAAA
D011317,2026-01-20 06:18:16,WIN-033,internal.corp,CNAME
D011318,2026-04-11 18:25:59,WIN-003,cloudflare.com,AAAA
D011319,2026-03-03 05:12:11,WIN-038,office.com,A
D011320,2026-02-26 10:06:13,WIN-020,microsoft.com,AAAA
D011321,2026-03-13 03:41:14,WIN-014,microsoft.com,A
D011322,2026-03-23 08:09:31,WIN-021,office.com,AAAA
D011323,2026-06-10 05:21:37,WIN-016,internal.corp,A
D011324,2026-03-28 23:18:26,WIN-031,google.com,A
D011325,2026-03-20 18:03:41,WIN-015,internal.corp,AAAA
D011326,2026-03-01 12:04:16,WIN-027,internal.corp,A
D011327,2026-03-23 15:09:25,WIN-014,internal.corp,AAAA
D011328,2026-02-06 12:05:43,WIN-034,cloudflare.com,CNAME
D011329,2026-05-27 03:19:12,WIN-040,github.com,AAAA
D011330,2026-06-11 21:11:35,WIN-012,cloudflare.com,AAAA
D011331,2026-02-16 13:43:01,WIN-040,microsoft.com,AAAA
D011332,2026-04-07 06:09:37,WIN-019,microsoft.com,A
D011333,2026-05-13 02:05:53,WIN-031,office.com,AAAA
D011334,2026-04-09 20:26:56,WIN-008,office.com,AAAA
D011335,2026-01-17 00:43:51,WIN-019,google.com,AAAA
D011336,2026-06-12 02:32:59,WIN-037,office.com,A
D011337,2026-02-06 05:03:17,WIN-010,cloudflare.com,CNAME
D011338,2026-01-12 06:47:36,WIN-006,microsoft.com,CNAME
D011339,2026-05-17 20:53:10,WIN-032,microsoft.com,CNAME
D011340,2026-02-08 07:14:04,WIN-015,microsoft.com,AAAA
D011341,2026-05-08 23:36:46,WIN-002,internal.corp,AAAA
D011342,2026-05-03 09:57:44,WIN-024,cloudflare.com,A
D011343,2026-04-18 07:49:18,WIN-018,microsoft.com,A
D011344,2026-03-14 12:16:28,WIN-009,office.com,CNAME
D011345,2026-06-15 21:44:04,WIN-032,amazonaws.com,A
D011346,2026-02-21 19:54:05,WIN-022,github.com,AAAA
D011347,2026-06-30 16:35:53,WIN-003,github.com,CNAME
D011348,2026-05-18 03:09:55,WIN-007,cloudflare.com,CNAME
D011349,2026-03-19 17:43:02,WIN-022,google.com,CNAME
D011350,2026-06-02 16:59:49,WIN-011,google.com,A
D011351,2026-05-21 18:47:13,WIN-028,cloudflare.com,A
D011352,2026-04-08 21:32:43,WIN-040,github.com,CNAME
D011353,2026-06-28 18:03:28,WIN-039,cloudflare.com,AAAA
D011354,2026-06-10 12:12:13,WIN-023,office.com,CNAME
D011355,2026-06-08 23:42:58,WIN-010,google.com,AAAA
D011356,2026-03-31 18:28:29,WIN-023,internal.corp,CNAME
D011357,2026-06-16 17:41:09,WIN-034,internal.corp,AAAA
D011358,2026-01-31 11:31:45,WIN-040,microsoft.com,A
D011359,2026-05-31 06:51:06,WIN-006,microsoft.com,AAAA
D011360,2026-04-07 04:00:02,WIN-036,cloudflare.com,A
D011361,2026-05-07 14:12:06,WIN-007,microsoft.com,A
D011362,2026-04-18 09:43:07,WIN-019,google.com,CNAME
D011363,2026-03-12 23:39:47,WIN-003,office.com,CNAME
D011364,2026-01-24 01:10:48,WIN-016,google.com,CNAME
D011365,2026-04-18 11:37:21,WIN-013,cloudflare.com,AAAA
D011366,2026-02-27 07:52:42,WIN-009,amazonaws.com,AAAA
D011367,2026-02-27 21:21:53,WIN-037,amazonaws.com,AAAA
D011368,2026-05-21 05:07:21,WIN-001,microsoft.com,A
D011369,2026-03-25 09:15:19,WIN-012,microsoft.com,CNAME
D011370,2026-01-24 05:05:02,WIN-024,amazonaws.com,A
D011371,2026-06-20 05:15:57,WIN-004,amazonaws.com,AAAA
D011372,2026-01-05 23:21:08,WIN-038,office.com,CNAME
D011373,2026-06-06 18:05:25,WIN-016,microsoft.com,A
D011374,2026-01-07 09:46:40,WIN-033,internal.corp,A
D011375,2026-06-10 18:43:32,WIN-034,cloudflare.com,AAAA
D011376,2026-01-22 07:52:14,WIN-037,microsoft.com,CNAME
D011377,2026-05-16 21:27:12,WIN-007,microsoft.com,CNAME
D011378,2026-02-25 00:01:58,WIN-020,github.com,CNAME
D011379,2026-04-24 19:59:57,WIN-013,cloudflare.com,A
D011380,2026-05-13 17:52:13,WIN-002,google.com,AAAA
D011381,2026-04-28 12:09:57,WIN-026,cloudflare.com,A
D011382,2026-02-08 19:55:48,WIN-004,cloudflare.com,A
D011383,2026-05-15 02:54:09,WIN-016,amazonaws.com,A
D011384,2026-01-23 23:56:16,WIN-017,internal.corp,CNAME
D011385,2026-03-31 00:34:35,WIN-026,office.com,CNAME
D011386,2026-05-05 04:32:29,WIN-009,google.com,A
D011387,2026-06-16 21:42:44,WIN-015,office.com,CNAME
D011388,2026-05-08 23:09:10,WIN-028,google.com,AAAA
D011389,2026-05-11 18:58:42,WIN-026,cloudflare.com,A
D011390,2026-02-19 12:56:05,WIN-040,internal.corp,AAAA
D011391,2026-06-30 15:21:38,WIN-030,internal.corp,CNAME
D011392,2026-02-03 14:08:30,WIN-037,internal.corp,AAAA
D011393,2026-06-11 06:10:16,WIN-002,github.com,AAAA
D011394,2026-06-07 13:14:22,WIN-022,github.com,CNAME
D011395,2026-06-05 16:43:14,WIN-031,microsoft.com,AAAA
D011396,2026-02-16 20:25:44,WIN-029,internal.corp,CNAME
D011397,2026-03-06 00:36:38,WIN-022,amazonaws.com,A
D011398,2026-03-29 05:49:38,WIN-005,office.com,CNAME
D011399,2026-02-14 04:13:20,WIN-003,office.com,AAAA
D011400,2026-02-22 04:03:22,WIN-039,google.com,CNAME
D011401,2026-06-14 11:56:38,WIN-009,google.com,CNAME
D011402,2026-06-30 06:53:19,WIN-013,microsoft.com,AAAA
D011403,2026-05-16 20:43:40,WIN-025,microsoft.com,CNAME
D011404,2026-03-03 16:13:09,WIN-035,google.com,CNAME
D011405,2026-02-07 10:11:56,WIN-014,github.com,A
D011406,2026-02-05 23:35:09,WIN-003,github.com,A
D011407,2026-06-12 08:35:58,WIN-025,google.com,A
D011408,2026-01-27 20:27:27,WIN-024,cloudflare.com,CNAME
D011409,2026-01-04 03:14:10,WIN-038,google.com,CNAME
D011410,2026-05-25 07:58:10,WIN-029,internal.corp,CNAME
D011411,2026-06-19 03:31:20,WIN-004,google.com,AAAA
D011412,2026-06-03 10:01:17,WIN-007,github.com,A
D011413,2026-06-20 18:09:29,WIN-013,office.com,AAAA
D011414,2026-06-09 00:01:06,WIN-031,internal.corp,CNAME
D011415,2026-06-04 10:42:50,WIN-010,internal.corp,A
D011416,2026-06-08 07:49:51,WIN-010,office.com,CNAME
D011417,2026-02-12 00:12:56,WIN-001,amazonaws.com,CNAME
D011418,2026-02-11 22:48:11,WIN-007,office.com,AAAA
D011419,2026-06-06 19:20:33,WIN-031,github.com,AAAA
D011420,2026-05-05 04:44:27,WIN-027,internal.corp,AAAA
D011421,2026-05-23 01:59:33,WIN-025,google.com,CNAME
D011422,2026-04-06 18:37:39,WIN-039,office.com,CNAME
D011423,2026-06-25 10:40:35,WIN-022,amazonaws.com,CNAME
D011424,2026-02-15 01:13:42,WIN-002,office.com,A
D011425,2026-01-02 21:20:00,WIN-039,internal.corp,A
D011426,2026-02-07 19:16:00,WIN-003,github.com,A
D011427,2026-04-28 10:27:04,WIN-006,github.com,CNAME
D011428,2026-05-12 14:49:13,WIN-022,github.com,AAAA
D011429,2026-03-18 06:53:47,WIN-031,office.com,AAAA
D011430,2026-06-25 20:46:36,WIN-017,internal.corp,CNAME
D011431,2026-05-31 18:18:00,WIN-034,amazonaws.com,AAAA
D011432,2026-05-23 21:04:20,WIN-020,office.com,A
D011433,2026-03-05 19:29:45,WIN-023,github.com,A
D011434,2026-01-25 21:37:07,WIN-029,office.com,CNAME
D011435,2026-02-18 14:36:44,WIN-032,office.com,A
D011436,2026-03-31 21:14:30,WIN-030,microsoft.com,AAAA
D011437,2026-02-09 23:11:39,WIN-017,google.com,CNAME
D011438,2026-04-04 09:05:12,WIN-020,internal.corp,AAAA
D011439,2026-05-05 07:11:47,WIN-021,cloudflare.com,CNAME
D011440,2026-06-25 15:58:11,WIN-001,office.com,A
D011441,2026-06-21 16:28:05,WIN-021,microsoft.com,A
D011442,2026-06-13 15:28:04,WIN-020,internal.corp,CNAME
D011443,2026-01-30 16:33:59,WIN-026,microsoft.com,AAAA
D011444,2026-04-01 15:16:56,WIN-005,internal.corp,CNAME
D011445,2026-03-23 04:27:21,WIN-004,github.com,CNAME
D011446,2026-02-06 06:45:07,WIN-012,internal.corp,CNAME
D011447,2026-06-09 13:58:06,WIN-015,amazonaws.com,A
D011448,2026-06-25 13:24:00,WIN-026,internal.corp,A
D011449,2026-05-10 09:38:16,WIN-008,cloudflare.com,A
D011450,2026-02-23 06:02:56,WIN-008,amazonaws.com,CNAME
D011451,2026-04-09 23:11:31,WIN-028,google.com,A
D011452,2026-05-22 08:12:44,WIN-004,microsoft.com,CNAME
D011453,2026-02-18 05:25:35,WIN-007,cloudflare.com,AAAA
D011454,2026-06-26 13:31:27,WIN-017,google.com,CNAME
D011455,2026-06-08 08:47:16,WIN-019,cloudflare.com,CNAME
D011456,2026-04-23 07:00:27,WIN-018,cloudflare.com,A
D011457,2026-05-15 23:16:24,WIN-021,google.com,AAAA
D011458,2026-02-19 08:02:31,WIN-008,google.com,A
D011459,2026-04-01 17:56:25,WIN-032,office.com,AAAA
D011460,2026-01-09 03:47:44,WIN-013,google.com,CNAME
D011461,2026-01-25 00:06:05,WIN-027,amazonaws.com,AAAA
D011462,2026-01-31 11:36:46,WIN-017,github.com,CNAME
D011463,2026-03-03 11:44:16,WIN-024,cloudflare.com,CNAME
D011464,2026-06-27 01:11:16,WIN-026,microsoft.com,AAAA
D011465,2026-01-20 14:31:20,WIN-033,google.com,CNAME
D011466,2026-06-21 02:26:18,WIN-027,internal.corp,AAAA
D011467,2026-04-05 21:01:57,WIN-036,cloudflare.com,A
D011468,2026-06-04 14:57:46,WIN-012,google.com,AAAA
D011469,2026-05-03 15:27:33,WIN-010,github.com,CNAME
D011470,2026-02-28 20:15:59,WIN-012,internal.corp,AAAA
D011471,2026-01-13 00:52:43,WIN-025,microsoft.com,A
D011472,2026-04-16 15:38:01,WIN-003,amazonaws.com,A
D011473,2026-03-15 12:08:55,WIN-032,github.com,AAAA
D011474,2026-01-16 23:06:23,WIN-026,amazonaws.com,AAAA
D011475,2026-02-17 12:51:33,WIN-025,microsoft.com,AAAA
D011476,2026-01-01 09:23:11,WIN-026,internal.corp,A
D011477,2026-06-13 12:07:52,WIN-019,github.com,AAAA
D011478,2026-03-09 14:19:29,WIN-025,amazonaws.com,CNAME
D011479,2026-05-10 07:38:27,WIN-014,amazonaws.com,AAAA
D011480,2026-03-16 02:31:11,WIN-005,office.com,A
D011481,2026-01-29 00:33:30,WIN-025,microsoft.com,CNAME
D011482,2026-01-04 07:45:04,WIN-021,microsoft.com,A
D011483,2026-02-07 00:28:50,WIN-034,microsoft.com,CNAME
D011484,2026-06-20 00:15:09,WIN-020,microsoft.com,AAAA
D011485,2026-02-02 23:33:46,WIN-005,office.com,AAAA
D011486,2026-05-06 23:27:40,WIN-034,microsoft.com,CNAME
D011487,2026-05-10 17:31:02,WIN-010,internal.corp,AAAA
D011488,2026-06-09 18:50:36,WIN-036,google.com,CNAME
D011489,2026-04-08 06:21:20,WIN-027,amazonaws.com,A
D011490,2026-03-12 17:00:20,WIN-035,amazonaws.com,A
D011491,2026-03-23 20:37:47,WIN-037,amazonaws.com,CNAME
D011492,2026-02-22 23:42:05,WIN-007,internal.corp,A
D011493,2026-04-10 12:19:26,WIN-017,office.com,A
D011494,2026-01-29 06:43:14,WIN-023,internal.corp,CNAME
D011495,2026-01-09 07:31:42,WIN-035,office.com,CNAME
D011496,2026-03-22 05:29:20,WIN-035,office.com,CNAME
D011497,2026-04-26 23:16:53,WIN-008,google.com,CNAME
D011498,2026-01-09 21:14:55,WIN-027,office.com,AAAA
D011499,2026-02-28 19:16:52,WIN-006,amazonaws.com,CNAME
D011500,2026-04-12 16:18:44,WIN-030,github.com,AAAA
D011501,2026-05-29 05:48:05,WIN-023,office.com,CNAME
D011502,2026-01-09 12:29:48,WIN-020,google.com,A
D011503,2026-04-28 21:03:37,WIN-029,google.com,CNAME
D011504,2026-01-17 15:05:03,WIN-024,amazonaws.com,AAAA
D011505,2026-06-08 22:45:08,WIN-031,internal.corp,CNAME
D011506,2026-01-30 02:52:07,WIN-004,github.com,AAAA
D011507,2026-06-25 20:06:35,WIN-038,google.com,A
D011508,2026-05-17 11:48:32,WIN-005,microsoft.com,A
D011509,2026-04-16 01:59:07,WIN-001,microsoft.com,CNAME
D011510,2026-04-04 12:04:22,WIN-040,internal.corp,A
D011511,2026-02-21 18:37:49,WIN-036,amazonaws.com,A
D011512,2026-03-14 08:14:06,WIN-010,cloudflare.com,AAAA
D011513,2026-05-17 12:42:21,WIN-026,google.com,A
D011514,2026-04-14 00:18:56,WIN-002,github.com,AAAA
D011515,2026-03-09 21:35:56,WIN-022,office.com,A
D011516,2026-05-29 07:43:01,WIN-028,microsoft.com,CNAME
D011517,2026-01-26 05:11:56,WIN-037,google.com,A
D011518,2026-04-02 02:07:56,WIN-019,github.com,A
D011519,2026-02-14 19:48:15,WIN-004,amazonaws.com,AAAA
D011520,2026-03-03 23:49:45,WIN-033,github.com,CNAME
D011521,2026-01-25 07:21:01,WIN-032,github.com,CNAME
D011522,2026-06-04 08:48:00,WIN-020,office.com,A
D011523,2026-05-06 20:48:41,WIN-004,office.com,CNAME
D011524,2026-02-08 13:03:29,WIN-010,amazonaws.com,AAAA
D011525,2026-06-22 18:11:26,WIN-034,internal.corp,A
D011526,2026-01-22 23:24:30,WIN-012,internal.corp,AAAA
D011527,2026-03-13 11:43:51,WIN-035,office.com,CNAME
D011528,2026-02-14 08:33:12,WIN-007,google.com,A
D011529,2026-04-22 13:07:54,WIN-021,google.com,A
D011530,2026-05-03 08:58:59,WIN-019,office.com,AAAA
D011531,2026-01-27 19:45:12,WIN-005,office.com,A
D011532,2026-03-17 19:01:57,WIN-015,google.com,CNAME
D011533,2026-06-06 13:14:01,WIN-009,google.com,A
D011534,2026-02-14 06:36:43,WIN-003,microsoft.com,AAAA
D011535,2026-03-02 05:38:27,WIN-018,google.com,AAAA
D011536,2026-06-24 09:59:27,WIN-020,amazonaws.com,A
D011537,2026-05-22 15:05:32,WIN-032,cloudflare.com,A
D011538,2026-01-30 03:14:31,WIN-016,internal.corp,AAAA
D011539,2026-01-26 17:27:37,WIN-001,google.com,CNAME
D011540,2026-06-21 19:28:45,WIN-006,amazonaws.com,A
D011541,2026-01-24 21:43:14,WIN-039,microsoft.com,CNAME
D011542,2026-05-05 14:26:59,WIN-015,internal.corp,CNAME
D011543,2026-02-19 13:56:37,WIN-012,amazonaws.com,AAAA
D011544,2026-04-09 22:57:29,WIN-016,google.com,A
D011545,2026-03-09 22:41:01,WIN-008,cloudflare.com,AAAA
D011546,2026-05-09 10:07:42,WIN-012,internal.corp,AAAA
D011547,2026-06-03 23:10:55,WIN-031,office.com,A
D011548,2026-03-14 10:21:35,WIN-020,internal.corp,A
D011549,2026-06-26 06:46:23,WIN-039,google.com,AAAA
D011550,2026-03-07 11:33:27,WIN-027,office.com,CNAME
D011551,2026-06-27 07:54:30,WIN-022,cloudflare.com,A
D011552,2026-02-05 11:05:37,WIN-034,amazonaws.com,CNAME
D011553,2026-04-01 05:48:44,WIN-009,google.com,A
D011554,2026-04-25 18:27:03,WIN-012,amazonaws.com,CNAME
D011555,2026-05-01 17:00:34,WIN-037,cloudflare.com,CNAME
D011556,2026-04-22 05:05:32,WIN-027,google.com,A
D011557,2026-04-30 23:24:53,WIN-036,microsoft.com,AAAA
D011558,2026-03-09 09:57:46,WIN-008,internal.corp,AAAA
D011559,2026-03-07 23:15:00,WIN-010,github.com,A
D011560,2026-02-26 19:23:14,WIN-021,amazonaws.com,A
D011561,2026-02-14 12:10:11,WIN-037,cloudflare.com,A
D011562,2026-03-01 18:46:16,WIN-036,internal.corp,AAAA
D011563,2026-01-14 08:56:29,WIN-022,google.com,CNAME
D011564,2026-06-14 16:32:59,WIN-005,google.com,AAAA
D011565,2026-05-25 17:09:36,WIN-021,google.com,CNAME
D011566,2026-05-15 14:40:03,WIN-008,cloudflare.com,AAAA
D011567,2026-04-30 06:10:09,WIN-018,microsoft.com,A
D011568,2026-06-14 02:06:25,WIN-012,internal.corp,A
D011569,2026-05-10 14:31:07,WIN-027,office.com,A
D011570,2026-03-13 19:06:30,WIN-017,cloudflare.com,CNAME
D011571,2026-06-26 22:30:28,WIN-026,cloudflare.com,CNAME
D011572,2026-03-18 23:23:12,WIN-007,amazonaws.com,AAAA
D011573,2026-06-17 17:13:36,WIN-023,google.com,AAAA
D011574,2026-05-04 03:25:00,WIN-022,google.com,AAAA
D011575,2026-06-25 18:04:41,WIN-011,github.com,A
D011576,2026-01-31 02:27:57,WIN-010,amazonaws.com,A
D011577,2026-06-17 21:25:53,WIN-007,github.com,CNAME
D011578,2026-04-08 22:54:17,WIN-032,microsoft.com,A
D011579,2026-06-22 13:49:53,WIN-015,cloudflare.com,A
D011580,2026-06-20 07:40:50,WIN-001,cloudflare.com,AAAA
D011581,2026-06-15 08:51:59,WIN-031,cloudflare.com,AAAA
D011582,2026-06-28 03:19:12,WIN-027,cloudflare.com,AAAA
D011583,2026-04-06 14:57:31,WIN-016,office.com,AAAA
D011584,2026-04-22 17:16:43,WIN-012,office.com,AAAA
D011585,2026-06-30 15:21:37,WIN-007,amazonaws.com,CNAME
D011586,2026-05-23 17:39:45,WIN-022,cloudflare.com,CNAME
D011587,2026-06-28 08:54:08,WIN-028,amazonaws.com,AAAA
D011588,2026-05-06 12:14:01,WIN-029,github.com,AAAA
D011589,2026-02-26 01:21:24,WIN-018,google.com,A
D011590,2026-06-01 03:52:53,WIN-030,microsoft.com,A
D011591,2026-03-19 05:34:18,WIN-026,amazonaws.com,AAAA
D011592,2026-03-17 20:17:22,WIN-006,amazonaws.com,CNAME
D011593,2026-01-23 08:32:09,WIN-010,microsoft.com,AAAA
D011594,2026-06-04 02:23:11,WIN-015,office.com,CNAME
D011595,2026-04-01 22:14:12,WIN-040,office.com,AAAA
D011596,2026-03-20 15:47:25,WIN-040,microsoft.com,CNAME
D011597,2026-05-28 20:02:43,WIN-029,office.com,CNAME
D011598,2026-02-17 10:08:01,WIN-023,internal.corp,A
D011599,2026-06-23 08:29:30,WIN-029,microsoft.com,A
D011600,2026-02-09 13:16:24,WIN-026,cloudflare.com,AAAA
D011601,2026-03-02 14:04:04,WIN-015,internal.corp,CNAME
D011602,2026-01-13 10:29:24,WIN-001,cloudflare.com,AAAA
D011603,2026-01-08 07:09:38,WIN-017,internal.corp,AAAA
D011604,2026-01-05 19:41:13,WIN-035,office.com,AAAA
D011605,2026-03-27 15:25:08,WIN-016,github.com,CNAME
D011606,2026-04-07 06:56:50,WIN-031,google.com,CNAME
D011607,2026-01-09 01:29:43,WIN-020,internal.corp,AAAA
D011608,2026-06-04 19:54:38,WIN-002,amazonaws.com,CNAME
D011609,2026-03-25 22:50:43,WIN-018,microsoft.com,CNAME
D011610,2026-04-09 04:51:25,WIN-013,amazonaws.com,CNAME
D011611,2026-04-12 11:29:45,WIN-011,internal.corp,AAAA
D011612,2026-06-14 07:30:00,WIN-008,internal.corp,CNAME
D011613,2026-03-20 23:39:49,WIN-025,amazonaws.com,A
D011614,2026-01-25 05:45:23,WIN-005,google.com,CNAME
D011615,2026-01-19 21:41:22,WIN-038,cloudflare.com,CNAME
D011616,2026-04-18 15:27:09,WIN-020,microsoft.com,CNAME
D011617,2026-02-20 09:29:33,WIN-026,github.com,CNAME
D011618,2026-06-15 23:43:59,WIN-009,internal.corp,AAAA
D011619,2026-06-17 18:40:39,WIN-001,github.com,AAAA
D011620,2026-05-24 15:57:54,WIN-035,amazonaws.com,AAAA
D011621,2026-06-27 18:49:15,WIN-039,amazonaws.com,AAAA
D011622,2026-04-12 04:13:58,WIN-006,internal.corp,CNAME
D011623,2026-05-05 22:09:09,WIN-037,internal.corp,A
D011624,2026-05-22 16:24:08,WIN-009,cloudflare.com,A
D011625,2026-05-21 06:56:06,WIN-040,google.com,CNAME
D011626,2026-02-24 13:34:43,WIN-015,microsoft.com,A
D011627,2026-02-20 01:56:11,WIN-037,amazonaws.com,AAAA
D011628,2026-02-23 19:17:50,WIN-010,google.com,A
D011629,2026-04-28 18:19:16,WIN-031,microsoft.com,A
D011630,2026-06-22 01:00:06,WIN-013,office.com,A
D011631,2026-05-21 01:20:50,WIN-027,github.com,AAAA
D011632,2026-02-08 12:19:54,WIN-013,office.com,CNAME
D011633,2026-06-15 04:50:07,WIN-014,microsoft.com,A
D011634,2026-01-19 23:05:07,WIN-038,cloudflare.com,A
D011635,2026-02-22 13:17:18,WIN-022,google.com,AAAA
D011636,2026-03-30 14:37:38,WIN-033,cloudflare.com,A
D011637,2026-02-03 12:29:01,WIN-026,office.com,A
D011638,2026-01-11 03:15:53,WIN-040,google.com,CNAME
D011639,2026-05-15 08:17:52,WIN-003,microsoft.com,A
D011640,2026-02-15 11:19:54,WIN-034,cloudflare.com,CNAME
D011641,2026-05-17 23:16:41,WIN-036,github.com,A
D011642,2026-04-01 05:44:50,WIN-025,microsoft.com,CNAME
D011643,2026-06-13 21:44:58,WIN-034,office.com,AAAA
D011644,2026-02-18 20:53:31,WIN-004,internal.corp,CNAME
D011645,2026-04-23 04:49:36,WIN-032,github.com,A
D011646,2026-05-28 14:22:29,WIN-007,cloudflare.com,A
D011647,2026-01-29 04:38:16,WIN-023,microsoft.com,AAAA
D011648,2026-06-06 07:20:02,WIN-028,google.com,CNAME
D011649,2026-01-18 14:51:23,WIN-007,google.com,AAAA
D011650,2026-06-22 13:42:00,WIN-029,office.com,A
D011651,2026-06-20 18:36:34,WIN-027,github.com,A
D011652,2026-06-02 19:00:21,WIN-020,internal.corp,A
D011653,2026-02-01 10:16:17,WIN-039,github.com,AAAA
D011654,2026-05-26 02:11:14,WIN-031,amazonaws.com,CNAME
D011655,2026-04-15 20:37:24,WIN-015,microsoft.com,CNAME
D011656,2026-01-04 21:11:39,WIN-018,github.com,AAAA
D011657,2026-03-12 22:34:13,WIN-018,office.com,AAAA
D011658,2026-01-08 00:19:50,WIN-033,github.com,A
D011659,2026-03-11 17:57:53,WIN-016,github.com,AAAA
D011660,2026-03-26 10:55:13,WIN-038,cloudflare.com,CNAME
D011661,2026-06-30 09:48:13,WIN-011,amazonaws.com,AAAA
D011662,2026-01-25 16:25:24,WIN-039,github.com,AAAA
D011663,2026-04-20 02:46:53,WIN-021,cloudflare.com,AAAA
D011664,2026-05-27 02:14:58,WIN-023,microsoft.com,CNAME
D011665,2026-01-05 22:22:46,WIN-008,internal.corp,AAAA
D011666,2026-02-03 14:21:23,WIN-025,internal.corp,AAAA
D011667,2026-03-14 18:32:05,WIN-033,amazonaws.com,AAAA
D011668,2026-05-11 16:11:10,WIN-037,office.com,A
D011669,2026-01-26 05:52:09,WIN-004,microsoft.com,CNAME
D011670,2026-01-14 05:47:02,WIN-003,microsoft.com,A
D011671,2026-05-02 23:58:19,WIN-006,internal.corp,AAAA
D011672,2026-03-30 15:36:12,WIN-019,internal.corp,A
D011673,2026-05-18 17:06:43,WIN-007,office.com,A
D011674,2026-06-22 03:18:34,WIN-004,github.com,AAAA
D011675,2026-03-31 09:10:10,WIN-035,office.com,CNAME
D011676,2026-04-22 07:06:35,WIN-016,github.com,CNAME
D011677,2026-02-11 21:22:05,WIN-036,cloudflare.com,A
D011678,2026-01-07 08:13:00,WIN-030,microsoft.com,AAAA
D011679,2026-06-03 11:37:17,WIN-010,github.com,CNAME
D011680,2026-03-20 20:27:48,WIN-038,google.com,A
D011681,2026-03-09 15:02:52,WIN-030,microsoft.com,AAAA
D011682,2026-03-06 08:43:20,WIN-025,amazonaws.com,A
D011683,2026-06-01 02:47:59,WIN-036,cloudflare.com,CNAME
D011684,2026-05-05 21:57:40,WIN-039,internal.corp,AAAA
D011685,2026-06-29 19:47:22,WIN-023,google.com,A
D011686,2026-02-14 15:27:49,WIN-028,amazonaws.com,A
D011687,2026-01-24 14:08:03,WIN-019,amazonaws.com,CNAME
D011688,2026-05-08 14:55:08,WIN-033,cloudflare.com,AAAA
D011689,2026-05-20 02:55:13,WIN-018,cloudflare.com,AAAA
D011690,2026-02-02 12:57:22,WIN-034,github.com,AAAA
D011691,2026-02-17 19:29:41,WIN-034,office.com,A
D011692,2026-04-21 01:59:34,WIN-007,google.com,A
D011693,2026-01-11 05:19:00,WIN-012,internal.corp,AAAA
D011694,2026-05-27 05:51:34,WIN-029,amazonaws.com,A
D011695,2026-03-12 08:10:09,WIN-024,github.com,CNAME
D011696,2026-02-26 10:13:27,WIN-004,microsoft.com,AAAA
D011697,2026-04-26 10:25:25,WIN-012,google.com,AAAA
D011698,2026-04-10 23:48:22,WIN-026,github.com,A
D011699,2026-02-12 15:14:23,WIN-023,cloudflare.com,AAAA
D011700,2026-04-04 14:55:23,WIN-039,office.com,CNAME
D011701,2026-03-02 06:48:06,WIN-018,office.com,A
D011702,2026-01-30 07:45:48,WIN-036,microsoft.com,AAAA
D011703,2026-01-22 09:33:56,WIN-004,github.com,A
D011704,2026-06-08 09:44:48,WIN-014,github.com,A
D011705,2026-03-01 08:41:13,WIN-014,amazonaws.com,A
D011706,2026-05-28 04:44:09,WIN-006,google.com,AAAA
D011707,2026-06-06 08:31:20,WIN-026,internal.corp,AAAA
D011708,2026-02-04 08:23:06,WIN-011,microsoft.com,A
D011709,2026-06-18 13:57:21,WIN-011,microsoft.com,AAAA
D011710,2026-01-23 20:11:55,WIN-007,cloudflare.com,CNAME
D011711,2026-01-01 19:00:09,WIN-007,internal.corp,A
D011712,2026-04-23 10:46:57,WIN-028,office.com,CNAME
D011713,2026-05-10 06:05:48,WIN-021,github.com,A
D011714,2026-05-01 19:37:44,WIN-005,office.com,CNAME
D011715,2026-02-26 09:09:33,WIN-009,github.com,CNAME
D011716,2026-03-28 13:55:51,WIN-021,amazonaws.com,AAAA
D011717,2026-01-06 00:34:52,WIN-016,microsoft.com,CNAME
D011718,2026-06-22 18:57:49,WIN-015,amazonaws.com,CNAME
D011719,2026-02-23 17:36:14,WIN-030,internal.corp,A
D011720,2026-05-05 17:01:47,WIN-035,github.com,AAAA
D011721,2026-06-15 23:34:25,WIN-017,cloudflare.com,A
D011722,2026-06-21 03:17:20,WIN-021,cloudflare.com,AAAA
D011723,2026-03-20 13:31:14,WIN-036,cloudflare.com,CNAME
D011724,2026-02-22 09:21:17,WIN-027,internal.corp,A
D011725,2026-03-25 23:59:44,WIN-022,github.com,CNAME
D011726,2026-04-09 01:25:11,WIN-039,internal.corp,AAAA
D011727,2026-02-01 18:14:07,WIN-002,google.com,AAAA
D011728,2026-01-09 18:12:32,WIN-021,amazonaws.com,AAAA
D011729,2026-02-28 18:03:30,WIN-001,office.com,AAAA
D011730,2026-03-15 07:22:00,WIN-013,internal.corp,A
D011731,2026-02-03 05:54:17,WIN-003,internal.corp,CNAME
D011732,2026-05-08 03:16:34,WIN-019,cloudflare.com,A
D011733,2026-06-15 11:09:56,WIN-037,cloudflare.com,CNAME
D011734,2026-01-13 02:28:04,WIN-002,cloudflare.com,CNAME
D011735,2026-04-16 06:28:56,WIN-032,internal.corp,CNAME
D011736,2026-01-01 05:58:33,WIN-013,google.com,A
D011737,2026-06-16 17:14:41,WIN-005,office.com,CNAME
D011738,2026-03-03 04:54:47,WIN-031,github.com,CNAME
D011739,2026-01-31 07:07:06,WIN-026,office.com,AAAA
D011740,2026-06-17 04:13:54,WIN-040,github.com,CNAME
D011741,2026-02-10 01:59:42,WIN-026,github.com,A
D011742,2026-04-19 23:56:11,WIN-038,internal.corp,CNAME
D011743,2026-02-18 00:13:03,WIN-019,google.com,AAAA
D011744,2026-04-01 09:18:27,WIN-036,microsoft.com,AAAA
D011745,2026-01-28 17:12:17,WIN-003,google.com,AAAA
D011746,2026-01-09 03:26:12,WIN-001,google.com,A
D011747,2026-06-01 14:15:39,WIN-005,github.com,AAAA
D011748,2026-03-04 14:10:33,WIN-010,internal.corp,AAAA
D011749,2026-04-29 00:45:35,WIN-007,microsoft.com,AAAA
D011750,2026-05-03 03:23:25,WIN-010,microsoft.com,A
D011751,2026-04-22 17:08:56,WIN-023,internal.corp,A
D011752,2026-02-13 10:18:59,WIN-008,microsoft.com,CNAME
D011753,2026-05-16 11:21:07,WIN-007,cloudflare.com,A
D011754,2026-03-27 06:53:06,WIN-025,cloudflare.com,A
D011755,2026-06-02 04:15:16,WIN-030,microsoft.com,CNAME
D011756,2026-06-25 22:30:12,WIN-020,amazonaws.com,CNAME
D011757,2026-04-02 00:13:45,WIN-014,cloudflare.com,A
D011758,2026-01-01 04:27:28,WIN-009,google.com,AAAA
D011759,2026-06-28 08:43:29,WIN-023,microsoft.com,CNAME
D011760,2026-06-14 07:06:00,WIN-034,amazonaws.com,AAAA
D011761,2026-01-19 21:09:29,WIN-038,google.com,AAAA
D011762,2026-03-14 10:16:48,WIN-027,google.com,CNAME
D011763,2026-02-24 05:20:07,WIN-021,google.com,A
D011764,2026-01-05 17:01:20,WIN-027,amazonaws.com,CNAME
D011765,2026-01-24 07:29:19,WIN-021,amazonaws.com,AAAA
D011766,2026-03-19 11:13:04,WIN-016,microsoft.com,AAAA
D011767,2026-03-05 19:05:54,WIN-014,internal.corp,AAAA
D011768,2026-06-05 09:27:56,WIN-012,cloudflare.com,CNAME
D011769,2026-06-27 16:37:41,WIN-027,microsoft.com,A
D011770,2026-04-04 23:48:04,WIN-024,internal.corp,CNAME
D011771,2026-01-16 19:54:28,WIN-024,microsoft.com,AAAA
D011772,2026-01-21 18:20:03,WIN-002,office.com,AAAA
D011773,2026-05-10 02:42:12,WIN-030,github.com,CNAME
D011774,2026-02-17 22:33:02,WIN-039,cloudflare.com,A
D011775,2026-02-18 01:40:20,WIN-006,internal.corp,CNAME
D011776,2026-02-08 01:38:40,WIN-024,amazonaws.com,CNAME
D011777,2026-06-04 23:22:24,WIN-004,google.com,A
D011778,2026-01-29 07:42:43,WIN-010,microsoft.com,CNAME
D011779,2026-03-04 16:58:32,WIN-010,cloudflare.com,A
D011780,2026-04-26 18:58:13,WIN-001,microsoft.com,AAAA
D011781,2026-02-13 20:23:57,WIN-021,office.com,A
D011782,2026-04-07 03:51:11,WIN-007,cloudflare.com,CNAME
D011783,2026-02-21 10:08:31,WIN-003,github.com,AAAA
D011784,2026-05-14 03:21:36,WIN-018,microsoft.com,CNAME
D011785,2026-05-24 04:12:44,WIN-011,amazonaws.com,CNAME
D011786,2026-03-05 02:16:28,WIN-024,github.com,CNAME
D011787,2026-01-26 16:50:12,WIN-034,github.com,AAAA
D011788,2026-02-02 05:27:09,WIN-015,cloudflare.com,AAAA
D011789,2026-01-02 14:26:51,WIN-003,google.com,CNAME
D011790,2026-02-08 16:09:50,WIN-037,microsoft.com,CNAME
D011791,2026-02-24 23:09:49,WIN-003,internal.corp,AAAA
D011792,2026-06-26 10:54:02,WIN-017,google.com,CNAME
D011793,2026-05-02 05:48:56,WIN-022,github.com,CNAME
D011794,2026-04-20 19:13:27,WIN-027,internal.corp,A
D011795,2026-03-28 07:16:59,WIN-027,cloudflare.com,CNAME
D011796,2026-03-10 03:57:27,WIN-036,cloudflare.com,CNAME
D011797,2026-02-01 22:39:44,WIN-033,google.com,CNAME
D011798,2026-01-28 15:27:17,WIN-020,github.com,CNAME
D011799,2026-01-29 22:31:41,WIN-026,microsoft.com,CNAME
D011800,2026-02-18 07:20:57,WIN-007,github.com,AAAA
D011801,2026-03-18 07:40:13,WIN-027,microsoft.com,AAAA
D011802,2026-05-19 12:47:07,WIN-023,internal.corp,A
D011803,2026-04-07 15:33:51,WIN-019,google.com,A
D011804,2026-02-02 12:54:38,WIN-032,cloudflare.com,AAAA
D011805,2026-06-18 20:04:44,WIN-028,internal.corp,A
D011806,2026-03-26 04:42:19,WIN-024,microsoft.com,CNAME
D011807,2026-06-30 20:38:47,WIN-003,microsoft.com,CNAME
D011808,2026-03-22 21:54:50,WIN-033,internal.corp,CNAME
D011809,2026-03-30 12:24:19,WIN-016,office.com,AAAA
D011810,2026-05-17 14:38:14,WIN-017,internal.corp,A
D011811,2026-01-16 05:13:58,WIN-014,amazonaws.com,A
D011812,2026-04-12 02:47:43,WIN-013,google.com,A
D011813,2026-04-07 09:48:43,WIN-016,google.com,AAAA
D011814,2026-04-03 05:14:34,WIN-024,office.com,AAAA
D011815,2026-01-01 02:12:03,WIN-023,google.com,A
D011816,2026-03-24 04:44:34,WIN-009,amazonaws.com,AAAA
D011817,2026-03-23 05:55:09,WIN-035,amazonaws.com,CNAME
D011818,2026-05-30 06:17:33,WIN-031,internal.corp,AAAA
D011819,2026-06-20 23:18:44,WIN-018,office.com,CNAME
D011820,2026-06-08 14:59:11,WIN-038,microsoft.com,AAAA
D011821,2026-06-08 12:58:06,WIN-018,amazonaws.com,CNAME
D011822,2026-03-25 05:47:39,WIN-024,office.com,CNAME
D011823,2026-02-21 03:34:13,WIN-019,internal.corp,A
D011824,2026-04-17 09:49:36,WIN-030,github.com,A
D011825,2026-04-09 15:01:24,WIN-020,microsoft.com,AAAA
D011826,2026-02-17 21:40:42,WIN-005,microsoft.com,AAAA
D011827,2026-02-04 11:23:30,WIN-024,internal.corp,A
D011828,2026-03-05 11:29:03,WIN-024,github.com,A
D011829,2026-03-05 20:22:18,WIN-020,amazonaws.com,A
D011830,2026-01-06 22:58:38,WIN-026,office.com,CNAME
D011831,2026-03-20 07:24:38,WIN-039,amazonaws.com,A
D011832,2026-04-17 23:01:31,WIN-036,office.com,AAAA
D011833,2026-04-13 16:37:11,WIN-040,office.com,CNAME
D011834,2026-05-05 17:29:24,WIN-001,github.com,A
D011835,2026-01-30 15:28:52,WIN-004,internal.corp,A
D011836,2026-04-28 05:31:17,WIN-028,office.com,CNAME
D011837,2026-03-20 02:49:06,WIN-034,cloudflare.com,A
D011838,2026-04-20 05:57:20,WIN-022,office.com,A
D011839,2026-04-28 20:07:29,WIN-037,internal.corp,CNAME
D011840,2026-05-30 12:36:42,WIN-001,github.com,A
D011841,2026-02-04 10:57:32,WIN-003,google.com,A
D011842,2026-01-14 02:21:58,WIN-007,github.com,AAAA
D011843,2026-04-26 07:46:02,WIN-016,github.com,AAAA
D011844,2026-06-10 15:19:18,WIN-006,github.com,CNAME
D011845,2026-05-08 17:59:43,WIN-018,google.com,A
D011846,2026-04-20 20:10:17,WIN-010,office.com,AAAA
D011847,2026-03-03 10:18:10,WIN-010,github.com,AAAA
D011848,2026-05-07 04:49:11,WIN-030,internal.corp,AAAA
D011849,2026-03-20 02:22:55,WIN-010,amazonaws.com,CNAME
D011850,2026-02-12 03:29:29,WIN-032,cloudflare.com,AAAA
D011851,2026-06-07 08:53:48,WIN-030,internal.corp,CNAME
D011852,2026-06-26 13:57:53,WIN-028,amazonaws.com,CNAME
D011853,2026-02-21 11:53:34,WIN-012,amazonaws.com,AAAA
D011854,2026-04-28 18:01:29,WIN-015,internal.corp,A
D011855,2026-05-07 07:23:25,WIN-006,cloudflare.com,AAAA
D011856,2026-04-02 17:23:00,WIN-030,internal.corp,A
D011857,2026-03-28 02:06:24,WIN-015,internal.corp,A
D011858,2026-06-27 01:03:57,WIN-030,office.com,AAAA
D011859,2026-02-19 20:20:45,WIN-027,microsoft.com,CNAME
D011860,2026-02-08 00:48:57,WIN-037,amazonaws.com,CNAME
D011861,2026-06-14 06:52:16,WIN-024,cloudflare.com,AAAA
D011862,2026-06-24 15:45:02,WIN-021,amazonaws.com,CNAME
D011863,2026-03-09 15:42:09,WIN-018,github.com,A
D011864,2026-03-12 19:45:58,WIN-006,google.com,CNAME
D011865,2026-05-09 04:43:26,WIN-018,internal.corp,A
D011866,2026-06-10 13:11:09,WIN-011,internal.corp,CNAME
D011867,2026-04-29 00:32:11,WIN-024,github.com,CNAME
D011868,2026-04-21 16:42:56,WIN-031,microsoft.com,A
D011869,2026-01-22 11:04:36,WIN-006,cloudflare.com,CNAME
D011870,2026-04-16 17:17:42,WIN-003,amazonaws.com,AAAA
D011871,2026-01-22 08:51:10,WIN-019,internal.corp,AAAA
D011872,2026-03-29 13:06:41,WIN-033,office.com,A
D011873,2026-02-14 00:43:05,WIN-022,google.com,CNAME
D011874,2026-06-27 06:11:17,WIN-028,github.com,CNAME
D011875,2026-05-31 04:08:43,WIN-017,amazonaws.com,A
D011876,2026-03-13 15:52:19,WIN-026,github.com,AAAA
D011877,2026-05-28 08:55:54,WIN-005,internal.corp,AAAA
D011878,2026-03-08 22:36:20,WIN-009,github.com,CNAME
D011879,2026-06-06 10:41:05,WIN-029,amazonaws.com,A
D011880,2026-01-29 16:15:34,WIN-035,microsoft.com,AAAA
D011881,2026-05-01 14:15:21,WIN-034,internal.corp,A
D011882,2026-05-10 20:44:07,WIN-040,internal.corp,A
D011883,2026-03-12 02:17:53,WIN-008,google.com,AAAA
D011884,2026-06-22 04:13:06,WIN-008,microsoft.com,CNAME
D011885,2026-06-06 09:11:07,WIN-033,github.com,AAAA
D011886,2026-03-29 14:56:53,WIN-019,internal.corp,A
D011887,2026-03-25 10:53:48,WIN-019,cloudflare.com,A
D011888,2026-02-06 23:09:26,WIN-006,internal.corp,A
D011889,2026-06-23 05:19:26,WIN-040,office.com,CNAME
D011890,2026-05-23 03:39:50,WIN-026,google.com,AAAA
D011891,2026-01-03 21:47:09,WIN-024,internal.corp,A
D011892,2026-05-26 13:51:10,WIN-015,google.com,A
D011893,2026-01-17 01:54:38,WIN-021,amazonaws.com,AAAA
D011894,2026-05-14 22:43:12,WIN-039,amazonaws.com,AAAA
D011895,2026-05-14 14:14:57,WIN-027,office.com,CNAME
D011896,2026-02-06 14:21:09,WIN-036,microsoft.com,A
D011897,2026-03-06 12:03:10,WIN-035,internal.corp,A
D011898,2026-05-31 02:59:03,WIN-004,office.com,A
D011899,2026-03-10 20:38:34,WIN-034,google.com,A
D011900,2026-06-10 23:22:19,WIN-027,office.com,A
D011901,2026-01-18 20:55:16,WIN-014,office.com,A
D011902,2026-02-04 23:11:43,WIN-036,internal.corp,CNAME
D011903,2026-01-07 18:02:49,WIN-035,cloudflare.com,CNAME
D011904,2026-04-25 18:14:12,WIN-006,google.com,AAAA
D011905,2026-05-18 10:14:43,WIN-025,github.com,CNAME
D011906,2026-05-13 20:10:18,WIN-003,internal.corp,AAAA
D011907,2026-05-13 07:11:00,WIN-037,google.com,A
D011908,2026-02-11 15:38:43,WIN-018,microsoft.com,CNAME
D011909,2026-02-15 21:46:31,WIN-015,google.com,A
D011910,2026-05-30 06:27:18,WIN-021,microsoft.com,CNAME
D011911,2026-03-18 00:33:59,WIN-019,github.com,AAAA
D011912,2026-03-22 18:00:43,WIN-015,google.com,CNAME
D011913,2026-06-11 20:13:50,WIN-003,internal.corp,CNAME
D011914,2026-04-11 14:35:54,WIN-039,amazonaws.com,AAAA
D011915,2026-06-13 05:19:16,WIN-020,internal.corp,CNAME
D011916,2026-06-03 23:04:15,WIN-040,google.com,CNAME
D011917,2026-06-23 18:45:16,WIN-014,microsoft.com,AAAA
D011918,2026-01-16 16:07:55,WIN-010,internal.corp,AAAA
D011919,2026-05-06 22:49:58,WIN-022,microsoft.com,AAAA
D011920,2026-03-31 14:47:55,WIN-026,office.com,AAAA
D011921,2026-06-12 13:01:28,WIN-017,office.com,CNAME
D011922,2026-04-22 09:34:16,WIN-008,google.com,A
D011923,2026-02-16 04:04:41,WIN-003,github.com,AAAA
D011924,2026-04-28 02:34:08,WIN-031,microsoft.com,A
D011925,2026-01-03 21:41:52,WIN-037,cloudflare.com,A
D011926,2026-06-09 00:26:51,WIN-005,amazonaws.com,CNAME
D011927,2026-04-24 05:10:32,WIN-009,microsoft.com,AAAA
D011928,2026-04-15 19:06:59,WIN-025,github.com,AAAA
D011929,2026-04-23 20:44:23,WIN-026,google.com,AAAA
D011930,2026-03-04 00:36:57,WIN-023,amazonaws.com,CNAME
D011931,2026-05-26 11:13:06,WIN-004,google.com,AAAA
D011932,2026-06-28 07:23:05,WIN-022,github.com,CNAME
D011933,2026-04-09 02:08:05,WIN-033,google.com,CNAME
D011934,2026-06-21 08:05:05,WIN-003,github.com,CNAME
D011935,2026-02-12 07:33:41,WIN-025,microsoft.com,AAAA
D011936,2026-06-10 08:16:32,WIN-015,google.com,A
D011937,2026-03-07 19:26:12,WIN-027,github.com,CNAME
D011938,2026-05-11 16:51:41,WIN-007,github.com,A
D011939,2026-02-07 17:01:43,WIN-038,cloudflare.com,A
D011940,2026-05-03 20:53:50,WIN-019,office.com,CNAME
D011941,2026-01-29 09:59:56,WIN-001,office.com,CNAME
D011942,2026-05-18 16:54:53,WIN-003,amazonaws.com,CNAME
D011943,2026-01-07 13:27:26,WIN-011,cloudflare.com,AAAA
D011944,2026-04-01 12:30:32,WIN-015,office.com,A
D011945,2026-01-19 02:06:53,WIN-035,amazonaws.com,AAAA
D011946,2026-04-29 14:15:37,WIN-005,github.com,AAAA
D011947,2026-01-22 12:22:03,WIN-010,github.com,AAAA
D011948,2026-06-11 13:02:40,WIN-009,office.com,CNAME
D011949,2026-05-06 18:39:33,WIN-018,google.com,AAAA
D011950,2026-06-12 13:19:22,WIN-015,amazonaws.com,AAAA
D011951,2026-06-04 07:30:26,WIN-007,office.com,CNAME
D011952,2026-02-09 02:37:57,WIN-025,cloudflare.com,A
D011953,2026-01-28 01:23:57,WIN-003,internal.corp,CNAME
D011954,2026-05-09 09:13:54,WIN-029,cloudflare.com,CNAME
D011955,2026-01-29 13:23:52,WIN-022,amazonaws.com,A
D011956,2026-02-07 21:24:23,WIN-014,amazonaws.com,A
D011957,2026-05-02 14:26:53,WIN-038,google.com,AAAA
D011958,2026-06-27 19:23:03,WIN-011,github.com,CNAME
D011959,2026-06-30 04:16:43,WIN-023,google.com,CNAME
D011960,2026-01-28 12:41:03,WIN-036,microsoft.com,A
D011961,2026-05-11 19:40:03,WIN-026,google.com,A
D011962,2026-04-30 12:06:12,WIN-001,microsoft.com,CNAME
D011963,2026-06-30 21:53:52,WIN-039,google.com,CNAME
D011964,2026-05-01 23:16:19,WIN-014,office.com,A
D011965,2026-01-16 15:38:37,WIN-025,github.com,CNAME
D011966,2026-01-04 13:39:15,WIN-032,cloudflare.com,A
D011967,2026-01-14 08:18:57,WIN-027,cloudflare.com,AAAA
D011968,2026-01-16 23:21:26,WIN-010,microsoft.com,CNAME
D011969,2026-06-18 22:40:35,WIN-005,cloudflare.com,CNAME
D011970,2026-05-09 20:23:11,WIN-019,amazonaws.com,A
D011971,2026-06-04 10:25:36,WIN-040,cloudflare.com,AAAA
D011972,2026-05-07 23:00:16,WIN-020,cloudflare.com,AAAA
D011973,2026-04-16 01:47:07,WIN-018,internal.corp,A
D011974,2026-02-10 07:33:05,WIN-039,microsoft.com,AAAA
D011975,2026-02-13 13:16:21,WIN-022,microsoft.com,AAAA
D011976,2026-06-04 10:33:25,WIN-008,microsoft.com,AAAA
D011977,2026-01-02 07:10:44,WIN-019,github.com,AAAA
D011978,2026-01-27 01:20:30,WIN-015,cloudflare.com,CNAME
D011979,2026-06-27 05:13:30,WIN-032,cloudflare.com,A
D011980,2026-04-23 16:13:04,WIN-026,amazonaws.com,AAAA
D011981,2026-05-14 06:41:01,WIN-028,amazonaws.com,A
D011982,2026-05-05 04:49:42,WIN-039,microsoft.com,A
D011983,2026-03-28 14:06:39,WIN-017,cloudflare.com,CNAME
D011984,2026-02-06 13:50:16,WIN-007,cloudflare.com,CNAME
D011985,2026-06-26 12:38:29,WIN-004,amazonaws.com,AAAA
D011986,2026-06-14 08:38:06,WIN-031,internal.corp,AAAA
D011987,2026-04-24 13:51:56,WIN-007,cloudflare.com,CNAME
D011988,2026-04-10 19:06:34,WIN-015,amazonaws.com,AAAA
D011989,2026-01-14 02:41:29,WIN-035,google.com,AAAA
D011990,2026-01-12 21:58:41,WIN-014,microsoft.com,AAAA
D011991,2026-01-05 13:30:06,WIN-032,google.com,A
D011992,2026-06-16 09:09:40,WIN-024,cloudflare.com,A
D011993,2026-01-06 04:05:00,WIN-028,office.com,A
D011994,2026-06-05 21:40:30,WIN-025,microsoft.com,A
D011995,2026-01-06 12:52:26,WIN-033,google.com,AAAA
D011996,2026-01-18 03:10:55,WIN-036,office.com,CNAME
D011997,2026-03-04 07:45:37,WIN-006,office.com,A
D011998,2026-05-18 00:45:44,WIN-036,microsoft.com,A
D011999,2026-02-06 03:47:15,WIN-027,github.com,CNAME
D012000,2026-05-29 17:09:20,WIN-029,cloudflare.com,CNAME
D012001,2026-04-01 02:29:17,WIN-021,cloudflare.com,A
D012002,2026-02-04 20:46:05,WIN-036,google.com,A
D012003,2026-04-25 07:03:11,WIN-025,office.com,AAAA
D012004,2026-04-13 15:34:05,WIN-006,github.com,AAAA
D012005,2026-06-14 21:49:41,WIN-027,cloudflare.com,A
D012006,2026-03-21 03:44:46,WIN-037,internal.corp,AAAA
D012007,2026-04-11 17:49:29,WIN-030,github.com,AAAA
D012008,2026-03-18 17:16:23,WIN-018,github.com,A
D012009,2026-04-02 01:44:53,WIN-025,cloudflare.com,A
D012010,2026-02-04 10:13:39,WIN-032,google.com,CNAME
D012011,2026-06-06 20:13:56,WIN-031,cloudflare.com,A
D012012,2026-06-15 10:21:37,WIN-025,office.com,A
D012013,2026-04-30 13:56:23,WIN-037,internal.corp,CNAME
D012014,2026-02-24 20:37:30,WIN-038,amazonaws.com,CNAME
D012015,2026-01-03 18:56:33,WIN-026,amazonaws.com,CNAME
D012016,2026-01-20 21:19:35,WIN-026,google.com,CNAME
D012017,2026-02-24 20:40:04,WIN-033,amazonaws.com,CNAME
D012018,2026-02-03 01:00:51,WIN-004,microsoft.com,A
D012019,2026-06-13 07:05:02,WIN-012,github.com,AAAA
D012020,2026-04-08 11:10:41,WIN-016,microsoft.com,CNAME
D012021,2026-03-01 20:22:41,WIN-014,amazonaws.com,A
D012022,2026-04-17 17:21:48,WIN-038,google.com,AAAA
D012023,2026-02-10 23:44:18,WIN-037,amazonaws.com,CNAME
D012024,2026-03-30 19:30:34,WIN-036,internal.corp,AAAA
D012025,2026-05-09 10:02:29,WIN-003,microsoft.com,A
D012026,2026-02-27 03:55:08,WIN-018,microsoft.com,AAAA
D012027,2026-01-16 15:30:23,WIN-005,internal.corp,AAAA
D012028,2026-02-25 12:19:21,WIN-038,internal.corp,CNAME
D012029,2026-03-26 13:32:38,WIN-027,internal.corp,AAAA
D012030,2026-03-25 23:46:29,WIN-031,amazonaws.com,CNAME
D012031,2026-03-08 05:56:50,WIN-038,office.com,A
D012032,2026-05-28 22:56:50,WIN-030,office.com,AAAA
D012033,2026-01-14 17:43:42,WIN-022,google.com,AAAA
D012034,2026-06-04 16:59:39,WIN-029,office.com,CNAME
D012035,2026-05-22 03:28:04,WIN-040,amazonaws.com,A
D012036,2026-02-09 02:35:22,WIN-035,cloudflare.com,AAAA
D012037,2026-01-18 21:35:27,WIN-010,github.com,A
D012038,2026-05-24 21:32:59,WIN-037,cloudflare.com,A
D012039,2026-01-28 18:18:08,WIN-003,amazonaws.com,A
D012040,2026-01-04 04:39:01,WIN-025,github.com,A
D012041,2026-06-09 03:05:13,WIN-022,microsoft.com,A
D012042,2026-02-07 05:20:43,WIN-025,google.com,CNAME
D012043,2026-01-28 08:17:19,WIN-033,cloudflare.com,AAAA
D012044,2026-03-31 14:48:18,WIN-030,microsoft.com,AAAA
D012045,2026-06-23 15:43:37,WIN-034,amazonaws.com,A
D012046,2026-03-02 13:45:33,WIN-027,microsoft.com,CNAME
D012047,2026-02-02 21:34:49,WIN-002,github.com,A
D012048,2026-03-22 06:01:28,WIN-007,google.com,AAAA
D012049,2026-02-21 03:15:54,WIN-025,office.com,A
D012050,2026-05-10 22:20:07,WIN-019,cloudflare.com,CNAME
D012051,2026-02-21 13:48:24,WIN-016,google.com,AAAA
D012052,2026-05-08 07:02:52,WIN-001,internal.corp,AAAA
D012053,2026-06-11 14:35:18,WIN-036,github.com,AAAA
D012054,2026-05-30 09:21:19,WIN-013,cloudflare.com,AAAA
D012055,2026-06-30 02:15:36,WIN-016,amazonaws.com,CNAME
D012056,2026-06-23 17:29:03,WIN-026,office.com,A
D012057,2026-04-16 21:23:22,WIN-015,internal.corp,AAAA
D012058,2026-03-19 19:32:15,WIN-028,amazonaws.com,A
D012059,2026-06-08 23:16:34,WIN-004,github.com,CNAME
D012060,2026-05-19 10:09:48,WIN-005,microsoft.com,A
D012061,2026-03-21 07:06:09,WIN-034,microsoft.com,AAAA
D012062,2026-05-02 10:47:46,WIN-019,office.com,A
D012063,2026-02-16 18:30:24,WIN-005,google.com,A
D012064,2026-03-18 04:34:45,WIN-026,office.com,AAAA
D012065,2026-01-04 12:21:17,WIN-039,amazonaws.com,AAAA
D012066,2026-01-29 02:35:44,WIN-011,amazonaws.com,A
D012067,2026-01-14 20:42:07,WIN-007,microsoft.com,CNAME
D012068,2026-02-24 10:04:44,WIN-024,google.com,A
D012069,2026-06-16 00:27:47,WIN-036,google.com,A
D012070,2026-05-27 21:11:58,WIN-014,google.com,AAAA
D012071,2026-02-18 22:07:10,WIN-040,google.com,AAAA
D012072,2026-02-25 07:57:21,WIN-006,office.com,A
D012073,2026-04-04 02:37:39,WIN-023,github.com,CNAME
D012074,2026-03-01 10:21:14,WIN-034,office.com,CNAME
D012075,2026-02-10 19:53:59,WIN-034,internal.corp,AAAA
D012076,2026-02-23 04:31:41,WIN-010,internal.corp,CNAME
D012077,2026-04-07 12:03:44,WIN-024,internal.corp,CNAME
D012078,2026-02-12 22:51:57,WIN-032,google.com,CNAME
D012079,2026-02-12 04:52:04,WIN-035,amazonaws.com,A
D012080,2026-02-11 02:15:15,WIN-009,internal.corp,AAAA
D012081,2026-05-19 08:53:07,WIN-039,cloudflare.com,A
D012082,2026-04-22 17:32:48,WIN-013,internal.corp,A
D012083,2026-01-19 07:58:09,WIN-018,internal.corp,CNAME
D012084,2026-03-12 15:24:04,WIN-007,cloudflare.com,CNAME
D012085,2026-02-26 20:15:19,WIN-035,cloudflare.com,AAAA
D012086,2026-05-18 14:08:29,WIN-001,cloudflare.com,AAAA
D012087,2026-03-15 19:41:56,WIN-028,github.com,CNAME
D012088,2026-03-09 22:44:28,WIN-038,amazonaws.com,AAAA
D012089,2026-04-26 14:02:45,WIN-029,cloudflare.com,CNAME
D012090,2026-01-16 19:01:24,WIN-034,internal.corp,A
D012091,2026-04-24 22:12:40,WIN-035,internal.corp,A
D012092,2026-05-10 00:22:25,WIN-019,amazonaws.com,A
D012093,2026-01-05 06:42:14,WIN-031,google.com,CNAME
D012094,2026-04-28 14:27:09,WIN-039,github.com,A
D012095,2026-01-20 12:55:45,WIN-023,office.com,CNAME
D012096,2026-01-21 06:23:10,WIN-011,amazonaws.com,A
D012097,2026-04-06 23:12:25,WIN-028,internal.corp,CNAME
D012098,2026-01-05 13:59:19,WIN-003,office.com,A
D012099,2026-05-02 03:30:55,WIN-007,google.com,A
D012100,2026-02-15 17:26:53,WIN-026,office.com,A
D012101,2026-06-28 18:47:07,WIN-039,github.com,CNAME
D012102,2026-01-16 03:42:38,WIN-025,office.com,AAAA
D012103,2026-03-25 04:55:35,WIN-010,google.com,AAAA
D012104,2026-03-15 17:14:26,WIN-025,google.com,A
D012105,2026-01-16 02:16:20,WIN-022,google.com,A
D012106,2026-05-26 05:06:33,WIN-038,google.com,AAAA
D012107,2026-02-06 11:27:03,WIN-025,cloudflare.com,CNAME
D012108,2026-03-26 21:44:55,WIN-005,github.com,A
D012109,2026-02-18 18:43:44,WIN-006,office.com,CNAME
D012110,2026-06-20 04:42:21,WIN-020,cloudflare.com,CNAME
D012111,2026-02-25 01:47:18,WIN-014,google.com,AAAA
D012112,2026-03-01 03:48:09,WIN-003,amazonaws.com,AAAA
D012113,2026-01-03 15:09:03,WIN-025,microsoft.com,A
D012114,2026-04-13 00:27:33,WIN-023,github.com,CNAME
D012115,2026-01-10 18:53:25,WIN-008,github.com,AAAA
D012116,2026-03-17 02:40:40,WIN-035,github.com,A
D012117,2026-06-02 14:39:40,WIN-008,amazonaws.com,A
D012118,2026-01-10 00:28:12,WIN-039,amazonaws.com,AAAA
D012119,2026-02-18 22:47:13,WIN-002,internal.corp,CNAME
D012120,2026-02-23 23:07:58,WIN-003,office.com,CNAME
D012121,2026-04-11 04:22:16,WIN-024,google.com,A
D012122,2026-01-21 23:14:24,WIN-018,google.com,CNAME
D012123,2026-01-10 13:27:54,WIN-015,google.com,CNAME
D012124,2026-04-16 09:21:56,WIN-013,microsoft.com,AAAA
D012125,2026-01-04 21:01:49,WIN-012,github.com,A
D012126,2026-04-28 05:18:01,WIN-023,github.com,AAAA
D012127,2026-05-17 07:30:40,WIN-002,office.com,A
D012128,2026-06-17 01:35:08,WIN-004,office.com,AAAA
D012129,2026-03-02 19:18:23,WIN-008,amazonaws.com,A
D012130,2026-05-21 10:39:43,WIN-036,google.com,A
D012131,2026-02-08 09:27:19,WIN-017,amazonaws.com,A
D012132,2026-05-11 01:02:44,WIN-010,cloudflare.com,A
D012133,2026-01-13 15:46:04,WIN-035,amazonaws.com,A
D012134,2026-03-26 12:12:20,WIN-019,github.com,CNAME
D012135,2026-04-30 22:24:18,WIN-013,internal.corp,CNAME
D012136,2026-05-23 21:07:53,WIN-019,github.com,AAAA
D012137,2026-01-17 01:25:57,WIN-015,google.com,A
D012138,2026-05-24 10:37:12,WIN-029,office.com,AAAA
D012139,2026-02-17 18:32:01,WIN-012,office.com,A
D012140,2026-03-14 05:13:04,WIN-022,github.com,AAAA
D012141,2026-04-04 23:20:09,WIN-009,microsoft.com,CNAME
D012142,2026-05-27 16:30:29,WIN-004,amazonaws.com,AAAA
D012143,2026-06-29 03:22:29,WIN-028,internal.corp,CNAME
D012144,2026-05-11 00:34:10,WIN-007,amazonaws.com,A
D012145,2026-05-10 11:00:07,WIN-039,cloudflare.com,AAAA
D012146,2026-03-24 01:50:17,WIN-034,microsoft.com,CNAME
D012147,2026-06-17 01:54:25,WIN-027,github.com,AAAA
D012148,2026-03-14 06:36:35,WIN-029,cloudflare.com,AAAA
D012149,2026-06-07 18:09:35,WIN-026,cloudflare.com,CNAME
D012150,2026-06-20 20:10:27,WIN-011,amazonaws.com,A
D012151,2026-06-22 00:52:35,WIN-020,microsoft.com,AAAA
D012152,2026-02-25 21:52:09,WIN-009,google.com,CNAME
D012153,2026-03-05 07:04:35,WIN-001,microsoft.com,CNAME
D012154,2026-04-07 20:00:56,WIN-011,google.com,AAAA
D012155,2026-01-27 23:44:56,WIN-021,microsoft.com,A
D012156,2026-03-08 23:52:55,WIN-006,github.com,A
D012157,2026-05-13 03:14:14,WIN-028,internal.corp,AAAA
D012158,2026-06-29 12:06:49,WIN-030,office.com,A
D012159,2026-01-16 00:59:20,WIN-016,github.com,CNAME
D012160,2026-01-20 12:01:20,WIN-015,google.com,AAAA
D012161,2026-01-02 09:55:32,WIN-032,amazonaws.com,A
D012162,2026-01-26 04:41:52,WIN-022,google.com,CNAME
D012163,2026-02-18 18:39:09,WIN-028,github.com,AAAA
D012164,2026-04-21 08:26:09,WIN-010,amazonaws.com,AAAA
D012165,2026-05-21 05:53:57,WIN-024,amazonaws.com,A
D012166,2026-03-06 23:37:52,WIN-017,cloudflare.com,CNAME
D012167,2026-05-24 07:50:40,WIN-033,cloudflare.com,A
D012168,2026-01-06 22:25:47,WIN-037,amazonaws.com,A
D012169,2026-01-02 11:27:25,WIN-035,github.com,CNAME
D012170,2026-05-29 08:05:30,WIN-021,google.com,A
D012171,2026-01-22 12:54:26,WIN-032,internal.corp,A
D012172,2026-06-29 03:21:03,WIN-040,internal.corp,AAAA
D012173,2026-03-04 06:58:20,WIN-002,internal.corp,A
D012174,2026-03-06 12:39:57,WIN-024,internal.corp,AAAA
D012175,2026-04-25 08:17:49,WIN-006,google.com,AAAA
D012176,2026-04-29 22:00:54,WIN-037,microsoft.com,CNAME
D012177,2026-02-10 14:39:22,WIN-014,microsoft.com,A
D012178,2026-03-14 05:10:39,WIN-018,github.com,AAAA
D012179,2026-03-10 04:12:03,WIN-026,internal.corp,CNAME
D012180,2026-04-20 18:31:54,WIN-039,amazonaws.com,CNAME
D012181,2026-03-08 13:35:49,WIN-017,github.com,A
D012182,2026-05-11 09:41:19,WIN-003,amazonaws.com,AAAA
D012183,2026-03-26 06:03:14,WIN-023,cloudflare.com,A
D012184,2026-05-09 21:03:41,WIN-006,cloudflare.com,A
D012185,2026-05-21 23:09:43,WIN-002,github.com,CNAME
D012186,2026-02-18 05:13:31,WIN-026,amazonaws.com,A
D012187,2026-06-07 14:24:59,WIN-015,microsoft.com,CNAME
D012188,2026-01-20 02:04:21,WIN-039,github.com,AAAA
D012189,2026-06-17 08:41:34,WIN-034,microsoft.com,AAAA
D012190,2026-02-05 20:56:55,WIN-007,github.com,AAAA
D012191,2026-05-30 19:11:01,WIN-001,office.com,CNAME
D012192,2026-04-11 08:03:57,WIN-037,amazonaws.com,A
D012193,2026-02-01 17:17:19,WIN-003,github.com,AAAA
D012194,2026-03-21 22:31:00,WIN-036,cloudflare.com,CNAME
D012195,2026-05-04 13:34:51,WIN-019,cloudflare.com,A
D012196,2026-04-20 21:45:51,WIN-010,google.com,A
D012197,2026-05-12 19:58:33,WIN-003,microsoft.com,AAAA
D012198,2026-01-01 18:06:13,WIN-032,github.com,AAAA
D012199,2026-05-15 01:17:29,WIN-002,office.com,A
D012200,2026-06-27 03:44:40,WIN-010,github.com,A
D012201,2026-05-30 15:04:40,WIN-024,microsoft.com,AAAA
D012202,2026-02-12 00:26:42,WIN-021,microsoft.com,AAAA
D012203,2026-05-09 15:34:55,WIN-015,google.com,A
D012204,2026-06-04 04:30:24,WIN-021,office.com,A
D012205,2026-01-07 00:13:59,WIN-006,google.com,A
D012206,2026-04-08 23:23:10,WIN-039,amazonaws.com,CNAME
D012207,2026-05-30 12:53:27,WIN-016,cloudflare.com,A
D012208,2026-03-21 03:28:29,WIN-013,google.com,CNAME
D012209,2026-02-02 14:54:46,WIN-027,office.com,AAAA
D012210,2026-04-11 08:23:27,WIN-024,office.com,AAAA
D012211,2026-02-10 01:10:14,WIN-023,amazonaws.com,AAAA
D012212,2026-06-25 13:53:30,WIN-027,amazonaws.com,AAAA
D012213,2026-03-09 11:31:26,WIN-020,microsoft.com,AAAA
D012214,2026-03-20 11:14:40,WIN-007,microsoft.com,A
D012215,2026-06-04 04:06:20,WIN-028,internal.corp,AAAA
D012216,2026-04-06 09:49:13,WIN-011,microsoft.com,CNAME
D012217,2026-02-25 18:50:07,WIN-039,github.com,AAAA
D012218,2026-05-31 10:11:30,WIN-003,github.com,CNAME
D012219,2026-03-18 19:41:53,WIN-026,amazonaws.com,AAAA
D012220,2026-03-29 06:14:23,WIN-008,amazonaws.com,AAAA
D012221,2026-04-24 07:07:42,WIN-014,google.com,CNAME
D012222,2026-06-01 16:14:45,WIN-017,github.com,CNAME
D012223,2026-06-17 22:19:23,WIN-033,cloudflare.com,A
D012224,2026-06-10 01:51:50,WIN-014,github.com,A
D012225,2026-05-12 20:17:51,WIN-008,office.com,CNAME
D012226,2026-03-12 11:34:59,WIN-024,github.com,AAAA
D012227,2026-02-02 09:30:12,WIN-034,github.com,CNAME
D012228,2026-02-16 07:57:28,WIN-019,cloudflare.com,A
D012229,2026-03-15 20:10:20,WIN-023,github.com,CNAME
D012230,2026-02-27 05:12:24,WIN-022,internal.corp,CNAME
D012231,2026-02-15 18:28:24,WIN-010,amazonaws.com,CNAME
D012232,2026-05-29 09:57:16,WIN-017,microsoft.com,CNAME
D012233,2026-05-30 16:40:41,WIN-030,cloudflare.com,AAAA
D012234,2026-01-08 04:41:43,WIN-019,github.com,A
D012235,2026-05-17 04:52:57,WIN-019,internal.corp,A
D012236,2026-06-06 21:14:00,WIN-038,cloudflare.com,A
D012237,2026-06-17 17:51:20,WIN-015,internal.corp,A
D012238,2026-04-12 19:07:02,WIN-036,microsoft.com,CNAME
D012239,2026-01-14 02:17:55,WIN-009,office.com,A
D012240,2026-06-04 16:12:28,WIN-010,internal.corp,A
D012241,2026-05-04 03:02:04,WIN-020,cloudflare.com,CNAME
D012242,2026-03-22 20:42:35,WIN-020,github.com,CNAME
D012243,2026-06-06 04:08:35,WIN-024,microsoft.com,CNAME
D012244,2026-03-14 20:04:30,WIN-033,microsoft.com,AAAA
D012245,2026-03-01 20:59:27,WIN-010,internal.corp,AAAA
D012246,2026-04-01 21:51:14,WIN-017,amazonaws.com,AAAA
D012247,2026-01-29 15:32:58,WIN-028,microsoft.com,CNAME
D012248,2026-05-16 11:46:59,WIN-027,internal.corp,A
D012249,2026-06-24 10:41:01,WIN-033,internal.corp,AAAA
D012250,2026-03-10 08:27:23,WIN-017,microsoft.com,AAAA
D012251,2026-02-11 17:04:40,WIN-014,github.com,A
D012252,2026-05-28 07:25:26,WIN-034,github.com,CNAME
D012253,2026-01-20 22:29:18,WIN-025,microsoft.com,A
D012254,2026-02-20 19:22:06,WIN-018,office.com,A
D012255,2026-02-26 16:58:30,WIN-021,github.com,AAAA
D012256,2026-06-18 08:58:01,WIN-001,github.com,A
D012257,2026-04-16 21:20:17,WIN-002,amazonaws.com,CNAME
D012258,2026-04-10 08:19:16,WIN-011,amazonaws.com,AAAA
D012259,2026-04-30 09:33:08,WIN-021,office.com,A
D012260,2026-06-16 00:48:00,WIN-007,cloudflare.com,A
D012261,2026-05-15 22:59:40,WIN-001,amazonaws.com,AAAA
D012262,2026-06-06 21:48:01,WIN-005,microsoft.com,AAAA
D012263,2026-04-20 00:18:59,WIN-031,office.com,AAAA
D012264,2026-06-24 19:48:01,WIN-029,cloudflare.com,A
D012265,2026-03-22 05:37:09,WIN-036,internal.corp,AAAA
D012266,2026-05-03 10:21:33,WIN-037,internal.corp,CNAME
D012267,2026-05-18 18:02:14,WIN-026,github.com,AAAA
D012268,2026-05-12 00:26:24,WIN-021,microsoft.com,AAAA
D012269,2026-01-22 07:32:55,WIN-015,github.com,CNAME
D012270,2026-03-17 17:04:48,WIN-009,github.com,A
D012271,2026-01-20 18:26:28,WIN-015,google.com,CNAME
D012272,2026-06-03 08:27:04,WIN-011,microsoft.com,AAAA
D012273,2026-05-15 06:56:10,WIN-007,google.com,AAAA
D012274,2026-05-30 14:23:54,WIN-024,github.com,A
D012275,2026-03-13 05:32:05,WIN-018,google.com,AAAA
D012276,2026-06-14 08:31:46,WIN-001,microsoft.com,A
D012277,2026-01-22 04:03:00,WIN-031,cloudflare.com,AAAA
D012278,2026-01-27 22:15:57,WIN-010,internal.corp,CNAME
D012279,2026-05-01 01:34:39,WIN-034,cloudflare.com,CNAME
D012280,2026-04-12 23:33:56,WIN-024,google.com,CNAME
D012281,2026-06-27 15:55:01,WIN-033,github.com,AAAA
D012282,2026-06-20 04:09:35,WIN-006,amazonaws.com,AAAA
D012283,2026-05-16 21:53:28,WIN-019,amazonaws.com,A
D012284,2026-01-15 07:38:38,WIN-032,google.com,CNAME
D012285,2026-02-13 19:08:17,WIN-019,office.com,A
D012286,2026-04-22 10:58:46,WIN-016,google.com,A
D012287,2026-01-14 20:39:03,WIN-034,microsoft.com,A
D012288,2026-04-25 23:58:14,WIN-027,amazonaws.com,CNAME
D012289,2026-03-25 05:37:23,WIN-027,google.com,AAAA
D012290,2026-04-11 16:10:31,WIN-017,amazonaws.com,AAAA
D012291,2026-06-08 06:44:37,WIN-004,google.com,AAAA
D012292,2026-03-27 09:47:12,WIN-027,microsoft.com,AAAA
D012293,2026-01-30 12:23:26,WIN-006,office.com,CNAME
D012294,2026-02-25 17:14:39,WIN-011,microsoft.com,AAAA
D012295,2026-06-20 09:42:44,WIN-012,internal.corp,AAAA
D012296,2026-01-19 21:18:22,WIN-022,microsoft.com,AAAA
D012297,2026-05-06 03:01:49,WIN-022,google.com,A
D012298,2026-01-06 01:26:00,WIN-023,office.com,AAAA
D012299,2026-05-21 18:59:04,WIN-009,amazonaws.com,A
D012300,2026-06-02 12:20:38,WIN-004,cloudflare.com,A
D012301,2026-01-06 10:58:38,WIN-028,internal.corp,CNAME
D012302,2026-03-18 16:44:30,WIN-009,amazonaws.com,CNAME
D012303,2026-02-15 12:15:48,WIN-019,github.com,AAAA
D012304,2026-03-16 13:49:10,WIN-005,cloudflare.com,A
D012305,2026-04-18 17:42:43,WIN-022,google.com,A
D012306,2026-06-15 10:20:21,WIN-007,amazonaws.com,CNAME
D012307,2026-04-25 02:14:21,WIN-007,cloudflare.com,AAAA
D012308,2026-02-22 17:47:36,WIN-018,microsoft.com,AAAA
D012309,2026-06-07 22:02:58,WIN-022,cloudflare.com,AAAA
D012310,2026-05-16 00:46:56,WIN-036,internal.corp,CNAME
D012311,2026-01-23 16:45:01,WIN-016,office.com,CNAME
D012312,2026-01-05 13:16:59,WIN-017,google.com,CNAME
D012313,2026-04-02 06:40:46,WIN-011,github.com,A
D012314,2026-02-03 17:46:48,WIN-022,cloudflare.com,A
D012315,2026-04-18 10:29:26,WIN-020,google.com,AAAA
D012316,2026-03-06 12:42:45,WIN-040,google.com,AAAA
D012317,2026-05-09 07:22:24,WIN-011,amazonaws.com,CNAME
D012318,2026-06-13 03:19:02,WIN-021,office.com,A
D012319,2026-01-31 11:59:20,WIN-034,amazonaws.com,A
D012320,2026-05-10 01:54:34,WIN-039,office.com,AAAA
D012321,2026-06-10 23:58:13,WIN-021,amazonaws.com,CNAME
D012322,2026-06-09 01:57:45,WIN-007,cloudflare.com,AAAA
D012323,2026-05-09 12:56:44,WIN-003,amazonaws.com,A
D012324,2026-03-22 15:12:12,WIN-008,cloudflare.com,AAAA
D012325,2026-04-05 10:17:27,WIN-003,amazonaws.com,A
D012326,2026-02-23 06:19:03,WIN-032,cloudflare.com,AAAA
D012327,2026-03-16 12:13:05,WIN-012,google.com,AAAA
D012328,2026-02-04 05:58:24,WIN-002,google.com,A
D012329,2026-06-08 01:07:09,WIN-035,amazonaws.com,A
D012330,2026-01-13 05:42:34,WIN-031,microsoft.com,CNAME
D012331,2026-06-26 16:15:35,WIN-011,github.com,A
D012332,2026-01-04 23:14:14,WIN-006,office.com,AAAA
D012333,2026-02-02 15:37:30,WIN-015,github.com,CNAME
D012334,2026-05-29 03:32:01,WIN-014,amazonaws.com,AAAA
D012335,2026-01-28 09:58:00,WIN-025,google.com,AAAA
D012336,2026-02-08 22:50:45,WIN-035,office.com,CNAME
D012337,2026-03-28 20:22:38,WIN-023,microsoft.com,CNAME
D012338,2026-01-21 05:17:49,WIN-026,microsoft.com,AAAA
D012339,2026-02-24 02:16:06,WIN-026,microsoft.com,CNAME
D012340,2026-04-16 16:03:59,WIN-025,microsoft.com,AAAA
D012341,2026-01-16 15:59:49,WIN-031,github.com,CNAME
D012342,2026-01-17 06:03:23,WIN-033,amazonaws.com,AAAA
D012343,2026-02-24 15:24:05,WIN-004,google.com,AAAA
D012344,2026-04-23 03:17:42,WIN-024,microsoft.com,CNAME
D012345,2026-03-04 21:13:32,WIN-012,cloudflare.com,AAAA
D012346,2026-03-02 06:58:53,WIN-035,office.com,AAAA
D012347,2026-03-25 03:20:08,WIN-022,microsoft.com,A
D012348,2026-03-25 11:10:43,WIN-021,office.com,AAAA
D012349,2026-04-14 13:12:51,WIN-028,cloudflare.com,CNAME
D012350,2026-04-21 13:20:25,WIN-010,amazonaws.com,AAAA
D012351,2026-04-03 13:40:19,WIN-003,google.com,CNAME
D012352,2026-01-29 06:54:44,WIN-010,cloudflare.com,AAAA
D012353,2026-02-22 02:03:06,WIN-029,github.com,A
D012354,2026-05-06 12:51:25,WIN-039,google.com,A
D012355,2026-01-15 08:55:13,WIN-019,amazonaws.com,CNAME
D012356,2026-01-14 04:07:53,WIN-006,cloudflare.com,A
D012357,2026-06-10 11:51:52,WIN-039,internal.corp,A
D012358,2026-01-26 03:24:17,WIN-033,internal.corp,A
D012359,2026-05-05 20:12:40,WIN-011,google.com,AAAA
D012360,2026-02-21 13:20:49,WIN-037,amazonaws.com,A
D012361,2026-04-04 20:52:10,WIN-033,internal.corp,CNAME
D012362,2026-04-19 12:27:59,WIN-036,internal.corp,AAAA
D012363,2026-06-07 02:52:21,WIN-002,office.com,A
D012364,2026-03-02 22:11:58,WIN-012,microsoft.com,A
D012365,2026-02-28 17:28:10,WIN-002,cloudflare.com,AAAA
D012366,2026-05-27 02:34:56,WIN-008,amazonaws.com,AAAA
D012367,2026-06-12 04:44:36,WIN-035,cloudflare.com,AAAA
D012368,2026-06-10 18:36:27,WIN-031,cloudflare.com,CNAME
D012369,2026-05-25 13:41:43,WIN-033,microsoft.com,A
D012370,2026-01-17 14:40:49,WIN-017,google.com,A
D012371,2026-03-30 05:49:09,WIN-008,amazonaws.com,CNAME
D012372,2026-01-03 10:55:11,WIN-024,github.com,A
D012373,2026-03-06 23:13:39,WIN-021,internal.corp,A
D012374,2026-06-09 17:06:30,WIN-035,amazonaws.com,CNAME
D012375,2026-06-05 12:13:16,WIN-013,amazonaws.com,AAAA
D012376,2026-01-25 10:10:49,WIN-021,amazonaws.com,AAAA
D012377,2026-06-03 05:33:30,WIN-026,office.com,AAAA
D012378,2026-05-04 15:09:00,WIN-040,office.com,A
D012379,2026-02-27 09:34:51,WIN-020,microsoft.com,AAAA
D012380,2026-04-02 22:54:06,WIN-021,internal.corp,AAAA
D012381,2026-02-18 05:22:53,WIN-025,google.com,AAAA
D012382,2026-05-29 20:58:22,WIN-028,office.com,CNAME
D012383,2026-03-14 14:14:29,WIN-019,cloudflare.com,A
D012384,2026-05-30 01:14:30,WIN-039,github.com,AAAA
D012385,2026-02-15 19:54:49,WIN-027,office.com,CNAME
D012386,2026-06-17 03:32:33,WIN-016,cloudflare.com,CNAME
D012387,2026-06-15 08:16:14,WIN-024,github.com,AAAA
D012388,2026-03-27 07:37:29,WIN-039,microsoft.com,AAAA
D012389,2026-01-25 01:23:56,WIN-010,microsoft.com,A
D012390,2026-06-25 13:38:38,WIN-002,office.com,CNAME
D012391,2026-05-12 00:35:36,WIN-025,office.com,AAAA
D012392,2026-02-19 00:09:00,WIN-027,amazonaws.com,AAAA
D012393,2026-01-31 22:39:25,WIN-027,internal.corp,CNAME
D012394,2026-03-10 18:12:00,WIN-038,amazonaws.com,AAAA
D012395,2026-02-26 21:21:47,WIN-040,cloudflare.com,CNAME
D012396,2026-06-03 10:30:22,WIN-003,microsoft.com,AAAA
D012397,2026-02-24 13:57:39,WIN-017,office.com,AAAA
D012398,2026-03-22 00:51:13,WIN-015,cloudflare.com,A
D012399,2026-05-19 01:03:13,WIN-015,internal.corp,CNAME
D012400,2026-04-06 15:03:35,WIN-002,cloudflare.com,AAAA
D012401,2026-01-09 13:00:50,WIN-004,github.com,AAAA
D012402,2026-03-18 21:09:09,WIN-016,amazonaws.com,AAAA
D012403,2026-01-21 07:25:41,WIN-001,internal.corp,AAAA
D012404,2026-05-24 13:19:51,WIN-040,microsoft.com,CNAME
D012405,2026-05-04 20:16:20,WIN-027,google.com,CNAME
D012406,2026-06-08 16:34:04,WIN-011,office.com,CNAME
D012407,2026-05-23 11:11:36,WIN-008,microsoft.com,CNAME
D012408,2026-04-30 04:32:08,WIN-005,github.com,A
D012409,2026-06-23 03:55:01,WIN-016,amazonaws.com,CNAME
D012410,2026-04-05 13:52:20,WIN-022,microsoft.com,CNAME
D012411,2026-06-05 20:19:45,WIN-023,amazonaws.com,AAAA
D012412,2026-05-06 20:54:48,WIN-008,amazonaws.com,AAAA
D012413,2026-06-24 10:45:47,WIN-010,microsoft.com,A
D012414,2026-06-18 20:57:29,WIN-035,github.com,AAAA
D012415,2026-03-27 16:14:29,WIN-019,cloudflare.com,A
D012416,2026-04-09 20:37:14,WIN-031,microsoft.com,AAAA
D012417,2026-06-06 01:42:07,WIN-018,amazonaws.com,A
D012418,2026-03-06 02:08:14,WIN-027,cloudflare.com,AAAA
D012419,2026-04-20 07:03:22,WIN-013,microsoft.com,AAAA
D012420,2026-02-01 23:59:02,WIN-036,microsoft.com,A
D012421,2026-04-27 22:23:49,WIN-002,google.com,CNAME
D012422,2026-05-15 20:27:07,WIN-031,office.com,A
D012423,2026-04-09 16:08:29,WIN-030,cloudflare.com,AAAA
D012424,2026-01-07 13:39:10,WIN-020,internal.corp,A
D012425,2026-01-06 20:21:58,WIN-036,cloudflare.com,A
D012426,2026-04-22 15:43:40,WIN-004,microsoft.com,AAAA
D012427,2026-05-24 16:28:30,WIN-019,github.com,A
D012428,2026-03-28 11:31:07,WIN-021,github.com,CNAME
D012429,2026-01-05 03:59:37,WIN-023,office.com,AAAA
D012430,2026-05-05 15:34:14,WIN-003,microsoft.com,CNAME
D012431,2026-04-03 19:19:33,WIN-040,github.com,A
D012432,2026-04-03 15:56:48,WIN-005,cloudflare.com,CNAME
D012433,2026-01-17 21:45:06,WIN-010,microsoft.com,AAAA
D012434,2026-03-16 03:07:00,WIN-039,office.com,A
D012435,2026-04-13 00:01:02,WIN-003,internal.corp,AAAA
D012436,2026-01-03 13:28:43,WIN-027,internal.corp,A
D012437,2026-03-02 12:58:30,WIN-018,google.com,A
D012438,2026-03-08 20:27:56,WIN-016,amazonaws.com,AAAA
D012439,2026-05-12 18:13:29,WIN-002,amazonaws.com,CNAME
D012440,2026-01-16 10:48:36,WIN-029,github.com,CNAME
D012441,2026-02-19 05:41:45,WIN-039,cloudflare.com,A
D012442,2026-03-18 01:44:16,WIN-027,cloudflare.com,CNAME
D012443,2026-04-30 11:33:44,WIN-001,amazonaws.com,AAAA
D012444,2026-01-13 00:49:36,WIN-039,microsoft.com,CNAME
D012445,2026-05-31 12:01:11,WIN-004,github.com,CNAME
D012446,2026-03-23 10:48:02,WIN-002,cloudflare.com,A
D012447,2026-01-02 22:02:47,WIN-024,github.com,CNAME
D012448,2026-05-11 03:54:12,WIN-027,cloudflare.com,AAAA
D012449,2026-01-11 21:29:50,WIN-022,github.com,A
D012450,2026-06-04 05:33:50,WIN-028,office.com,CNAME
D012451,2026-06-07 23:19:18,WIN-034,cloudflare.com,AAAA
D012452,2026-02-05 13:26:18,WIN-034,google.com,CNAME
D012453,2026-03-23 15:16:04,WIN-035,office.com,AAAA
D012454,2026-04-13 03:21:07,WIN-013,office.com,CNAME
D012455,2026-06-14 15:16:17,WIN-034,google.com,A
D012456,2026-06-23 16:20:55,WIN-019,google.com,CNAME
D012457,2026-05-31 21:00:27,WIN-013,google.com,CNAME
D012458,2026-02-20 05:20:19,WIN-007,github.com,CNAME
D012459,2026-04-16 12:12:39,WIN-020,internal.corp,CNAME
D012460,2026-06-20 20:11:54,WIN-027,amazonaws.com,AAAA
D012461,2026-04-17 02:38:02,WIN-032,amazonaws.com,CNAME
D012462,2026-01-09 02:16:17,WIN-031,amazonaws.com,A
D012463,2026-02-18 10:00:44,WIN-026,office.com,CNAME
D012464,2026-03-29 01:05:26,WIN-025,office.com,AAAA
D012465,2026-01-06 01:56:32,WIN-013,amazonaws.com,A
D012466,2026-01-08 01:41:57,WIN-019,microsoft.com,AAAA
D012467,2026-05-14 14:24:24,WIN-004,amazonaws.com,AAAA
D012468,2026-05-12 00:22:28,WIN-040,cloudflare.com,A
D012469,2026-04-28 03:44:38,WIN-040,office.com,AAAA
D012470,2026-03-06 06:31:52,WIN-032,microsoft.com,CNAME
D012471,2026-01-19 13:19:27,WIN-039,internal.corp,AAAA
D012472,2026-01-18 13:03:36,WIN-017,google.com,A
D012473,2026-04-11 15:00:28,WIN-029,github.com,A
D012474,2026-05-09 14:44:28,WIN-016,google.com,CNAME
D012475,2026-04-26 23:39:52,WIN-016,cloudflare.com,A
D012476,2026-03-25 16:53:28,WIN-028,cloudflare.com,A
D012477,2026-06-28 03:40:37,WIN-034,cloudflare.com,AAAA
D012478,2026-01-16 12:17:34,WIN-016,cloudflare.com,AAAA
D012479,2026-01-02 10:19:31,WIN-027,amazonaws.com,CNAME
D012480,2026-03-30 13:42:11,WIN-017,google.com,CNAME
D012481,2026-02-27 15:48:58,WIN-024,cloudflare.com,A
D012482,2026-03-09 21:07:41,WIN-020,github.com,A
D012483,2026-05-30 09:02:55,WIN-025,internal.corp,CNAME
D012484,2026-04-18 10:57:21,WIN-002,office.com,AAAA
D012485,2026-05-14 16:07:33,WIN-017,cloudflare.com,A
D012486,2026-03-02 18:49:23,WIN-038,github.com,A
D012487,2026-01-28 18:09:44,WIN-024,google.com,CNAME
D012488,2026-05-26 10:36:42,WIN-009,amazonaws.com,A
D012489,2026-04-26 08:20:49,WIN-013,amazonaws.com,AAAA
D012490,2026-05-15 01:59:36,WIN-010,microsoft.com,CNAME
D012491,2026-05-23 14:30:15,WIN-026,internal.corp,A
D012492,2026-06-27 00:02:01,WIN-016,amazonaws.com,A
D012493,2026-06-01 08:29:16,WIN-015,amazonaws.com,A
D012494,2026-05-04 06:35:22,WIN-024,internal.corp,A
D012495,2026-04-23 15:42:59,WIN-039,microsoft.com,A
D012496,2026-02-07 12:33:47,WIN-026,amazonaws.com,CNAME
D012497,2026-02-03 01:49:17,WIN-024,github.com,AAAA
D012498,2026-05-07 10:15:37,WIN-021,internal.corp,CNAME
D012499,2026-06-17 10:21:15,WIN-005,cloudflare.com,AAAA
D012500,2026-02-12 16:16:03,WIN-001,office.com,A
